id,trackCode,artworkLink,mp3Link,waveformLink
"86b3c1fd-0a57-4774-8f43-f7161b4b14ba","11248","","",""
"2e64c3de-6749-4cf0-86dc-420e041b0ec2","11249","","",""
"9b920cdb-a622-451b-a2f2-abab77e7b84b","11250","","",""
"7a25bca1-cf3c-4393-9e27-2ce5137cf3e4","11251","","",""
"8729a56d-6bc7-4929-a54c-b406a314a369","11252","","",""
"d650a338-3229-4187-bb4f-9633c9fd4b67","11253","","",""
"6b9747f5-c275-436a-8506-2b29a50eb9c4","11254","","",""
"3d96b246-b49b-48f4-b914-d2b5cd5e6b9c","11255","","",""
"4a64e906-484b-455c-bd4a-2fd1b971aaec","11256","","",""
"070a277a-8bab-4e54-aaed-d1a6bbd94997","11257","","",""
"363db45c-05dc-4ef7-90c0-5e5ad1429db5","11258","","",""
"693a61be-cfda-4ecd-858c-5f544bb4ba05","11259","","",""
"88d18a29-b1d4-4321-ab4e-ecc723863e5d","11260","","",""
"cc19e98f-c17e-41cc-af7b-543cd5306afd","11261","","",""
"76a93986-b26d-4171-bcaa-64295fd407ad","11262","","",""
"7e7877d4-f4b1-4502-8b59-36d019b62742","11263","","",""
"7b2e0a4d-897b-46a5-af87-d426554a5456","11264","","",""
"8e804306-75ff-46d2-b17e-64621e5bb0a9","11265","","",""
"a47e02ed-e284-48e0-9b4a-b8dcfd49fb9e","11266","","",""
"4f5a8fb5-d595-423b-baed-2886b02d5073","11267","","",""
"33b1db35-c10f-4f26-af3c-0580ffc2adcf","11268","","",""
"65eb309c-c8b9-49ca-bbd7-23fbae582f0a","11269","","",""
"ab6f602c-8bf2-497a-9fad-17a59d5e13e5","11270","","",""
"6291a940-9a6e-40aa-a6f9-7d7f86588b76","11271","","",""
"bb103b43-363c-4526-8aff-062db91f3e95","11272","","",""
"0404c131-ea06-49b7-8766-e2e2c28ff381","11273","","",""
"964ee7d8-c2f4-4149-b1dc-1d1769d65be1","11274","","",""
"4e2b60db-0eea-4ddb-b268-863e12f4581a","11275","","",""
"bea690ce-ae8c-4779-bca7-21b074909428","11276","","",""
"a5d0044a-d552-4702-83ba-fdbb456727ee","11277","","",""
"988b16a8-ea4a-4c71-85e0-28fe5ccebee7","11278","","",""
"605f20b1-afe8-45f8-b856-579bca349a09","11279","","",""
"03663706-0964-48ec-b39d-2b550ebe2e2e","11280","","",""
"e4fc3896-45fb-4c69-9604-6c5e55b8524a","11281","","",""
"bd1f71b2-6137-4fe2-884e-253c1c48e8cc","11282","","",""
"757c23d0-bd69-4b6c-b8b8-2a9e9c9fe967","11283","","",""
"5f735217-22b3-41c0-819a-23500206a98a","11284","","",""
"77d04158-2936-4ec7-95e8-c73d5dcc6137","11285","","",""
"39fd898e-deb3-4d10-8200-a9f5e94f9b0d","11286","","",""
"c19c2ac7-6fa8-4db2-aad4-d0bd5700c81f","11287","","",""
"5d1e9dc8-8e11-4e62-a4f7-a83325045b3b","11288","","",""
"37a81269-af18-4d3d-9fd4-1f0fae2f4810","11289","","",""
"1e34ab77-dd1b-43d7-b376-96aeee4978ec","11290","","",""
"903bd9cb-6bf2-4089-a0d9-c7ef4f3684b7","11291","","",""
"3f6690a0-4017-4473-94e5-a09308622d92","11292","","",""
"532ac4de-f7a9-4791-8577-3c0cb49dd120","11293","","",""
"74f41e54-ac63-4f3c-9baa-049c3f49d7ed","11294","","",""
"437a7808-e046-4140-8429-01c43c0e1b08","11295","","",""
"50ebc597-9fdb-44fe-9d6b-569c029de48d","11296","","",""
"0cd866c8-2c83-4a28-a920-c495afba1e36","11297","","",""
"479a842e-9ae4-476a-a98c-3b98f215e502","11298","","",""
"105801be-b654-44f9-ae0f-9a1a6410d657","11299","","",""
"9eb9aa79-81e4-4bc2-bbd7-0add6f788d91","11300","","",""
"55d5a18e-a89f-404f-86d2-24a2e2a984b3","11301","","",""
"f1043185-2574-423c-ac0a-071de9b44364","11302","","",""
"2150262d-9938-491d-843b-9354c477b3ed","11303","","",""
"24fdfd54-390f-4664-b862-bcceed8fea0b","11304","","",""
"83c424df-9996-44b8-9893-f8697af26bc5","11305","","",""
"2084fde2-ba63-4b14-a137-69cd6d9b660f","11306","","",""
"228a3e0d-5ada-433f-8ad9-c1c298d541ff","11307","","",""
"2bdd0cd4-d950-4526-b1fe-1933276e9eef","11308","","",""
"d23931fe-49b8-44f6-a1a7-6b5dafd8a28a","11309","","",""
"34d43f15-e0b2-465c-9099-9129b5c25f0b","11310","","",""
"ab0c596a-364b-4e58-b0ca-0bf467fcff16","11311","","",""
"18880db6-1cfc-4d39-85fd-dda598ff768f","11312","","",""
"fc705abf-50fb-4a81-8bd4-d446fd47083a","11313","","",""
"e21dc8a5-7929-42b0-8198-41e315463ee1","11314","","",""
"80e5d96d-c72e-4714-89e3-b53ae16f116b","11315","","",""
"ccafb7fd-4c28-4f3d-be15-bc425101abd5","11316","","",""
"f99f705f-1fcd-40a1-9276-58617393510e","11317","","",""
"9f487afb-35d5-4b15-800e-d1e004b664c4","11318","","",""
"81ebdba6-7047-4a32-af85-59428e9b35bb","11319","","",""
"a4ccda18-01f5-4996-9245-2165bd4e7450","11320","","",""
"2ecaa475-ac85-450f-9d51-01f725a51b3f","11321","","",""
"41f0705a-1fc4-4503-8aa5-c691733eddd2","11322","","",""
"5c4ae350-7cd5-464e-b1d0-cf043f60aeab","11323","","",""
"8a3c68d2-4e69-4f9b-a58d-d4edfc8b537d","11324","","",""
"dd612053-3cb5-45f6-a8fe-d4f834ebfd02","11325","","",""
"b9902268-3878-4b6b-83ca-d3e086ff7fbd","11326","","",""
"9083df63-f21c-46db-90ac-868f926e2b19","11327","","",""
"e7ddd924-77df-4e5e-9b3c-b13699532887","11328","","",""
"8eb87342-9d8c-469f-9933-8cf5e9dfd849","11329","","",""
"22841d8f-4114-40f4-b914-e8ef891f1301","11330","","",""
"2f0ae632-3b90-4b30-851d-b866bd080be0","11331","","",""
"963a12f5-0ca0-4211-8b60-25532a8b799f","11332","","",""
"62dd8a38-9dbf-43be-ad5e-e480399cac20","11333","","",""
"da401c32-c446-434c-8e0c-e152bec2bf20","11334","","",""
"b5fd16cd-d214-4819-bfaa-1898e3f4bd30","11335","","",""
"65eabb2a-c344-4df2-a3cc-1d076819e595","11336","","",""
"5c60c004-6463-4d4b-b15c-060073da2136","11337","","",""
"42131379-d8bc-42f7-8039-29ca6c80cae5","11338","","",""
"ae2975c8-4016-44d1-ada9-80bcdd6c6234","11339","","",""
"b5c8447e-2101-41eb-9c4b-949adf66eb11","11340","","",""
"c576aad2-f4aa-4eb4-923e-7bfa6b4ad654","11341","","",""
"74273fa5-26bb-4d31-ad54-6673a1c063e4","11342","","",""
"e1146347-73bb-49d2-bc48-b8bcb7d5805b","11343","","",""
"e21873f1-fa2d-4646-aac1-d1db057498e8","11344","","",""
"c4bfc0f8-1045-4d88-ad57-6c683a759274","11345","","",""
"bcaf7ca9-403c-4a4b-a57e-6492076f3934","11346","","",""
"a9a92574-f45a-41ff-a1ab-8aa8b0d34adf","11347","","",""
"5c3b76fe-51c4-42ba-a711-577af6f0ddbd","11348","","",""
"2a694519-0d98-49d6-a778-1165cad7bc06","11349","","",""
"d802b5b6-8061-4f1b-9133-9819e8e2120c","11350","","",""
"4d8ec757-ed1b-4b58-856b-86717f11a825","11351","","",""
"63083306-24cf-456c-99e4-f24325059c66","11352","","",""
"4fdfa085-8939-4594-bf66-6a0516a667c8","11353","","",""
"b9f2ea62-c9ab-478b-87aa-c6e601cc0bbd","11354","","",""
"f6b16afe-866f-49be-9386-94061eee2e3a","11355","","",""
"1cf8039c-c0e7-47f9-b320-035a5fd9d85c","11356","","",""
"d0a95cbe-8090-417c-b78b-ba82edc54c18","11357","","",""
"2513409e-fe29-458e-b2c7-be453a30a967","11358","","",""
"76ada883-7669-4ecb-926f-b345a1e6ca27","11359","","",""
"ce859ad1-d972-4763-b5c1-4282dc4513c8","11360","","",""
"23480968-13e0-4123-b140-53bb1a7786ee","11361","","",""
"d73598f4-ef8a-4a68-b3f5-da54092fb101","11362","","",""
"625911dd-8062-4087-a22e-96e477f625b7","11363","","",""
"887da96b-c17c-46ed-b2db-c302e070d976","11364","","",""
"76b0f23b-441d-44e5-84f0-bb0d8258e86e","11365","","",""
"c50aced8-6a78-4835-8b25-a96acce741fc","11366","","",""
"5aac0c71-effd-4fb9-8088-ca77a922f5b9","11367","","",""
"3ea4ae51-bf44-4c50-b644-c870eb2b5039","11368","","",""
"015e5927-ce3f-4e0d-bd56-3f8f9467b871","11369","","",""
"abb356c5-ea03-42dc-bad3-9beb479700db","11370","","",""
"92b2e7c8-fb47-4704-a90a-c38c037e4595","11371","","",""
"722985d2-91c8-40c9-92c2-03432a611466","11372","","",""
"bbdf0fae-6981-4c35-9b50-7365e59cfa47","11373","","",""
"61560d83-deb6-43cb-8401-4a79362eba51","11374","","",""
"1cb0894b-4fee-40bd-b168-d6f4c035f51d","11375","","",""
"3e290caf-2e62-4766-91f1-638a10cf5634","11376","","",""
"a00d9076-04ca-4716-970c-c48d4ac3246b","11377","","",""
"c799c82c-f12e-4c98-b04d-88fe0f2d249c","11378","","",""
"5140f99d-0991-43c9-93af-7d5af4e5f6a5","11379","","",""
"dc44146e-30bd-4a1d-b667-c5903670cc96","11380","","",""
"80b2828a-2d3f-4aaa-b112-baaae0fecb1a","11381","","",""
"9ac03381-4534-4cea-ab11-0c5b60caa32c","11382","","",""
"ab5bcd86-5bfa-49a1-98b6-4678de29e5dc","11383","","",""
"6a33d5f5-e93e-4f59-ba41-67822f0f978b","11384","","",""
"67c24353-5a65-4a19-8dcc-f5e92990e9aa","11385","","",""
"b9830459-8902-40f6-b6d9-14ef3247cd6a","11386","","",""
"1206b23d-eebb-43c0-8f6d-253f478f4994","11387","","",""
"bd5c2f91-0b08-4458-a654-53bd084b7e65","11388","","",""
"d56b9f31-e80b-4fb0-bfcf-dc34db6d8b53","11389","","",""
"8a887110-09f3-4627-bbe6-dfdebeb08431","11390","","",""
"94ddf6dd-7595-4b54-93e2-ce4155ba2593","11391","","",""
"26e52d6a-75a4-40a0-a0b4-788050f485de","11392","","",""
"25282ad5-6f81-451c-b647-b2541bb6e0a9","11393","","",""
"17e29f05-90eb-472d-85cd-29b59827e2bb","11394","","",""
"191b4685-fb35-43c3-8d69-d320e83de013","11395","","",""
"0f901c8b-9a5a-417e-886e-f9643ef6d06a","11396","","",""
"9ea85a1b-f0ba-457f-aa61-a5b5db93d71c","11397","","",""
"9ab3a473-47f1-4fe9-a8d3-dd3709365271","11398","","",""
"c55a87f1-a70a-484b-979c-257520f01e7b","11399","","",""
"1fc1fe85-a86b-471b-90dd-72dd2027fc57","11400","","",""
"bffc8f3d-f412-4068-b7e7-7582a90f85df","11401","","",""
"9d865cb1-33ae-460f-89ed-f48e82184681","11402","","",""
"e5720114-eab9-4f88-8ead-6a224ff1852b","11403","","",""
"7d0b8205-6616-4e0a-a3e0-6ad24a52ad8b","11404","","",""
"f3b3d4d4-f4fd-4b5f-9f46-d88e31a384f7","11405","","",""
"ddffb9f1-d323-47db-a39b-7a49698229cc","11406","","",""
"99db51cd-0316-477b-9030-cd6d86f32fee","11407","","",""
"147c535f-c52d-48d3-8f83-967c829b7857","11408","","",""
"82668e38-dc28-4e73-9667-3a25923b14b6","11409","","",""
"63bf32e1-9b7c-4a87-b55e-4f0eff75d7e5","11410","","",""
"40602c90-9810-4810-b83f-7da205c9a32e","11411","","",""
"72447514-9b50-42c0-9f88-434de4a8ab41","11412","","",""
"7449267a-5483-4a51-bb98-d413313d8014","11413","","",""
"0a3738e2-dfe3-437b-b1f0-7168866736ba","11414","","",""
"7a5e7bf7-aeb6-4b06-895a-88a4c2b18324","11415","","",""
"3760b517-2d8a-49d1-802e-2a6099ed85c6","11416","","",""
"c16b36e5-2109-4bf5-89ac-3f6a8f5f7f65","11417","","",""
"15ffbc6f-3bf2-46ff-9bb0-fd394060f047","11418","","",""
"53087105-e0e5-487a-8f77-670ade900c1e","11419","","",""
"58e0a0d7-cea5-4b7a-bbf7-bcea0b36e52f","11420","","",""
"e1fc9e90-773d-49dc-83ad-7b68b197491f","11421","","",""
"31dd9bb7-aaba-471b-8659-4db4bd0706f4","11422","","",""
"732bbe15-f498-4def-8ea0-6575dc3ed395","11423","","",""
"fc9d2402-7705-46f9-a283-d22564618f10","11424","","",""
"c49549fe-ac2c-48a5-95b1-05541146d850","11425","","",""
"35ce23e9-d4e5-4388-9f24-c2970a18aef2","11426","","",""
"61a17ccc-b335-4432-b2bb-50f312a43977","11427","","",""
"f7d1f48a-52ce-4db5-a850-1215b60b2efd","11428","","",""
"26443d93-9332-4791-b1e4-f9724228717d","11429","","",""
"352c9f6d-b79f-496c-a693-f8ad5e11931e","11430","","",""
"dea90d2e-f8b7-4354-97c7-c499c04e7b6e","11431","","",""
"6cddacde-a2ef-4bd0-8a13-af3da4c04e43","11432","","",""
"9785e0a2-980d-4f1a-bfb3-dbb0f5e3541a","11433","","",""
"cdc93b1f-7ca8-43e5-811b-6486e333b0fa","11434","","",""
"baba7f0b-27cb-42e9-8079-8c634c48e2a3","11435","","",""
"57e3e7b8-9e5b-4de9-adaf-8c493b2ecab7","11436","","",""
"bf898c34-0b71-4f88-9b7b-8a40db04f3ab","11437","","",""
"3a2650a3-acf4-4d87-b4a0-70d619e77e88","11438","","",""
"aafbbacb-702a-4b25-a600-eb92feef8db6","11439","","",""
"92d7e14c-4cf9-4f20-a41e-36ba2f66c3b1","11440","","",""
"cb8351b0-a17e-46a8-b3ca-4bc305da5e50","11441","","",""
"f52ae509-76c9-45a7-b414-9dd6117283a5","11442","","",""
"12d0a7e6-4add-4202-a691-7f012d73a81c","11443","","",""
"d622bfe8-9450-4c21-ba1c-a25434dc8a15","11444","","",""
"3b057d1c-9690-486f-b591-d46ba3d69cfc","11445","","",""
"f2675daf-3980-4b4e-9fca-7685f3af3b3b","11446","","",""
"c57115d5-f686-4707-b619-186633b93126","11447","","",""
"fe8fc8f9-b0ba-4fb1-ab9a-b5189c0c1b69","11448","","",""
"bde24567-16f3-4663-ba85-fe71e4dcda66","11449","","",""
"a7c4f246-33b2-4fa7-9f2b-aa017cca23f0","11450","","",""
"31a4a27c-f6e3-4475-956e-3188bb5bdb66","11451","","",""
"877c2814-b72e-41da-a9af-d0283c294720","11452","","",""
"1395661f-7128-4290-86b8-1ac1d119fd24","11453","","",""
"e2309429-70a5-4a01-8c01-cd008987a8d1","11454","","",""
"fe8f5237-6062-4922-9aba-e0f693f22bd8","11455","","",""
"532ccade-5ab7-46ba-a5ea-46275304e129","11456","","",""
"ad5c6c45-1737-4a7f-8a1b-a0be4e63f6cd","11457","","",""
"2da1d57b-a210-4d58-950e-01a815a38798","11458","","",""
"eb5489b5-405a-4176-abfb-b9cd4e4c3429","11459","","",""
"19061de5-2ae6-4e19-a59e-6ac276975772","11460","","",""
"f608859a-472d-49a6-863a-b0a7d5d49794","11461","","",""
"b93abf93-12c5-41a0-9b2e-fbf0099dbb8e","11462","","",""
"deff53f1-81a1-4d87-8646-6a7cabc50222","11463","","",""
"1019a420-62de-4e25-9a1a-2847de8da48a","11464","","",""
"6d979f4f-1e22-410b-9195-74faf105206a","11465","","",""
"9b789db0-be0a-404b-b114-99189a926a93","11466","","",""
"333e96f2-b5f0-4b65-b71e-e112aa5789ff","11467","","",""
"917585de-042e-47c6-b316-77fcf15033b4","11468","","",""
"da636529-d418-4be2-8bde-f80b9c8ff80a","11469","","",""
"3209feda-ec3e-4ba5-85e8-87b8d49d8c0a","11470","","",""
"066b0b10-b0c1-4879-ba37-09bd644cf6e7","11471","","",""
"4f3fe9f8-f009-40fc-9731-5637edd2ff25","11472","","",""
"4d01fcc4-bc3a-4b54-9ca7-8f3c606e4fd6","11473","","",""
"afd3fa7a-a4a2-4b89-836c-c386e126b037","11474","","",""
"0fc32f58-d5c8-4929-976f-3f8cdd003926","11475","","",""
"4777b4e4-70fe-49e4-9a7e-50ca98b8085d","11476","","",""
"b416b851-34c4-458b-a63a-e5edfadfe986","11477","","",""
"b3138153-ff7f-4e79-93be-17ac02f83bbb","11478","","",""
"177a4d0a-abe6-4346-80bd-b27949a142dc","11479","","",""
"0473383c-52d5-4ea7-9b4b-2c803718fb80","11480","","",""
"a8dfc452-a648-4f84-a6af-2bf1b87fcd22","11481","","",""
"394cbffb-c3c5-47f9-9cc9-b621fb719f77","11482","","",""
"fdf00108-6634-43be-9a16-7be3e97a8571","11483","","",""
"aa2a4a52-0f10-4110-b8e3-c6cd2becd308","11484","","",""
"161d36a6-97ad-4ece-9a43-360195e85986","11485","","",""
"35a76598-f39e-4186-8b4e-c73f63be80c3","11486","","",""
"638b7cf4-ac1b-43d6-af88-f619a8fbffa6","11487","","",""
"bb09ee38-f624-46ba-a645-de8e1f2b7d5b","11488","","",""
"2e8b9b15-cfed-4e39-ac56-3ff59a87e47f","11489","","",""
"0dec1439-819b-4b42-b22d-42b30222806c","11490","","",""
"8b02ab16-6fa5-40b2-80a6-d8b4bd3f468c","11491","","",""
"6a51b73c-2574-4b28-94a4-47195e67906b","11492","","",""
"7ce3e40c-74eb-404d-aa33-3c5803134729","11493","","",""
"9b1bb57b-cb42-491c-9dac-028629e4e1cb","11494","","",""
"022a5f33-ae94-49fc-8055-888127712bbe","11495","","",""
"66ddb452-e628-4e26-9178-892e12a2c71f","11496","","",""
"049eaf4e-f3d0-451e-a3be-0a61ccaa4177","11497","","",""
"34d941a7-abf0-420b-bba4-3fb510ab0f69","11498","","",""
"5daaee7a-9dea-40af-ac06-8cad5b4c509f","11499","","",""
"3334a4dc-64ed-4629-9611-6edeb3773b2d","11500","","",""
"4d7a2ffc-b6cb-41c9-9985-46357bac00c3","11501","","",""
"41cc6100-63cc-4383-924d-79e4ebf118e3","11502","","",""
"0ad7d303-197d-4e4e-951a-afa4ed4e9218","11503","","",""
"566a7126-ff73-4966-8a12-b6737ca05e2c","11504","","",""
"c4d0318d-50b2-4a6a-b7e7-3d223e26b6a4","11505","","",""
"73b04462-f875-4348-a7e1-a7dc57bf2d19","11506","","",""
"2517fccc-ef78-4a4d-86b2-4b6b0338b86f","11507","","",""
"11bd35b9-359c-478f-bbfb-ca3464996c44","11508","","",""
"701c55b8-93ac-44ce-bd89-2a28400e6b3f","11509","","",""
"46980232-67cd-4750-8b24-734788e5c566","11510","","",""
"6c8c36cc-0a58-4618-993c-53b55777b461","11511","","",""
"03847fb7-a615-475d-8413-bd74a84ff0e6","11512","","",""
"f009a1dc-f625-4af4-9da5-d007efe96063","11513","","",""
"093ef71e-3dd5-4147-8827-20ca5d7b8325","11514","","",""
"774bde6d-8e43-403f-9a47-6792d871df52","11515","","",""
"ca848cc7-c374-4822-8668-32239a3aa983","11516","","",""
"7fd1cd45-cb36-4955-a698-d2206c5f852f","11517","","",""
"46a1c9a7-5712-4555-8832-42214ad4c291","11518","","",""
"25ece42d-60be-4177-83ab-2941f4a67cf8","11519","","",""
"c258fcb7-3fff-4135-a3ad-d940f3c91c60","11520","","",""
"75b300c1-71b6-42ba-8b5b-e9aa79fff708","11521","","",""
"b2c6e562-4ea3-4b1c-816f-0d9a42122810","11522","","",""
"2c5613fa-986a-4d00-9125-1fde08f179c3","11523","","",""
"c6145e64-4322-4b59-95ce-8acc127c1b88","11524","","",""
"e40e1039-a935-4ae1-9b51-33c9cc3b57c3","11525","","",""
"83df6246-4ae8-47e5-baec-334aca6b10c1","11526","","",""
"2a7e2125-99d7-41a3-990a-c31dc49afea4","11527","","",""
"2018def0-e175-436b-851b-f46262f4a72d","11528","","",""
"e1dba5c9-8836-4069-90ba-4a5edfb0d473","11529","","",""
"c9621760-fcc7-4ec6-90f2-8ef37de24f6c","11530","","",""
"3a9f4eb1-56d8-44eb-93f6-838de05b2d56","11531","","",""
"0b2e2a2c-e3bf-4869-8333-521ccd0c858f","11532","","",""
"561f2fde-9c96-467f-9aee-9817b48a4edc","11533","","",""
"7a10f59b-2338-47f8-bc16-d25def0c3c10","11534","","",""
"01919579-1605-4378-9352-99aa63268561","11535","","",""
"e67867c0-f091-4448-85b6-7a9f9a272cf8","11536","","",""
"3f7c61b8-5b36-441a-94a8-57aa64bc9064","11537","","",""
"c0d2b5d9-ef26-4efd-828b-5701ff80d37e","11538","","",""
"b7c01fe3-0f73-4caa-a6ee-08bc9ae6d231","11539","","",""
"030848ef-9654-42ba-9a71-a54775441274","11540","","",""
"1bd58d11-286a-4148-99da-9d5dd7b1036a","11541","","",""
"b2495e1a-6dbe-448a-96b6-31348a6842e4","11542","","",""
"c6c13db0-be55-4aa5-9b4a-ba4851488980","11543","","",""
"517d9ca6-bcc1-4780-afeb-ac84887a9ca3","11544","","",""
"68ba6ab0-3a27-4046-a483-260dd42811a8","11545","","",""
"5e1857eb-108a-44c9-8eaf-2b430c9349ef","11546","","",""
"1d7cec5f-786f-4964-9238-03de56ecaa21","11547","","",""
"a1bcd085-6482-4fee-9c21-0a1cb415fcd7","11548","","",""
"c9d11491-fb97-4660-8a87-18c516977a55","11549","","",""
"71c18ffc-96d4-46c7-a3a7-dbbaf5025d9c","11550","","",""
"4b6f9d4b-ff55-4230-a51c-b5bda15b95ab","11551","","",""
"dd66f244-cd64-4a11-98b9-a2925bdf7b9f","11552","","",""
"2ec3952f-e1e0-4c19-a6df-a7c666690b21","11553","","",""
"91cd8f94-b8fd-4ffa-b665-771c62d4e7c7","11554","","",""
"91b1503f-7635-42af-8f03-dd1f05a33ee9","11555","","",""
"734bd265-a443-4eda-8ece-2a4979b19136","11556","","",""
"81db75c5-8f21-4ced-b43a-82c483a70042","11557","","",""
"5bda6195-ca28-4682-958b-0eb6670449bd","11558","","",""
"9e09e078-c7d4-4df5-b045-81add7b6b827","11559","","",""
"609bbfd8-f714-40c8-a3b7-ba5ad08727b3","11560","","",""
"e09d5244-bd14-417f-ad15-06d74890b4c1","11561","","",""
"238e4424-9bf9-4cc6-a8fb-245bbce4fcdb","11562","","",""
"bdfc98ce-07e7-4f36-b7df-2058a61fa4f8","11563","","",""
"7e92089f-2bbe-4789-a8da-0ceb940f9769","11564","","",""
"66fdfede-51cf-42d2-9715-eb9aeb7d3b04","11565","","",""
"8e09c09d-54bc-436b-9f38-fa6570c1ea0b","11566","","",""
"1e926539-ab07-4e5b-830b-0143efbccd8c","11567","","",""
"20588c1c-19c5-4f65-a7f7-776be3e1f406","11568","","",""
"0458f404-5021-4c93-a3e8-47f34cc0bd49","11569","","",""
"2b006422-adfc-400a-bebb-388f34e8fc44","11570","","",""
"0b711913-1e79-47ca-96b3-579a9667cce1","11571","","",""
"5ab33697-fc53-4aab-a7ad-0bf4fb5e8839","11572","","",""
"557a2c1e-309c-4501-a97b-2ade4af51410","11573","","",""
"2f813272-95df-453d-ab16-c4d1c725cf74","11574","","",""
"02725985-0bd7-4290-8edc-105a6ad950a7","11575","","",""
"dd10d1d3-7039-4f7b-800b-c56faa8abd6d","11576","","",""
"4248af9d-a142-45cf-b896-4778f078e534","11577","","",""
"9b7d1c63-83cf-49e8-a46a-ba4ae1aa0e4e","11578","","",""
"c5788c63-022e-455e-88bb-00a1c357159c","11579","","",""
"659644ef-66f2-4976-bb80-3f0aae099aaa","11580","","",""
"21ec7a9a-e3e6-43cd-9d2f-52c62b454a44","11581","","",""
"a109cef1-ef97-4f80-990a-84d1ee9361a1","11582","","",""
"ff3fdd25-bbe3-42fe-b295-9685edade47f","11583","","",""
"fe959db6-8193-4f7d-b1c0-6d9b0bf91c10","11584","","",""
"9d0bae3d-503a-4dea-8de6-9fa6a12f5f85","11585","","",""
"8e052b29-b6ec-4587-9736-9115ccc94cca","11586","","",""
"8c0e1def-fa10-4a02-8272-cf42aa4e57df","11587","","",""
"93527dcf-10c2-447b-918c-fd1fce2bf2f6","11588","","",""
"682cfe98-670c-4ef4-a62b-227888a33827","11589","","",""
"e0212674-1e78-48bb-be99-aae735ac6451","11590","","",""
"55346dbf-92d4-4a0e-8682-3c75f62bc85d","11591","","",""
"4dd93bc2-f724-46cf-91d1-b49bd0546870","11592","","",""
"f6a35142-107b-4dde-ad33-f8713a6f69f0","11593","","",""
"c88f34a4-5de4-47a1-b5ed-17d8acc649ad","11594","","",""
"288ea575-f013-40a4-9810-82b34abc17af","11595","","",""
"5b17c072-813d-4599-9622-d0154c53931a","11596","","",""
"2fc43730-9ed9-4963-86cc-e29aed1b9d8f","11597","","",""
"6aa48c61-c5a7-427f-a15a-25b69f45c7b2","11598","","",""
"9224630a-f9fb-482a-b508-a6c4965ee32d","11599","","",""
"9c4b1bb9-0776-4131-b3a3-1940a8e30493","11600","","",""
"f15670a1-9085-45fc-b17a-d976f5f9a1ad","11601","","",""
"2fb9390e-60ba-4e64-90ed-8875437474db","11602","","",""
"5eb8c83f-c27c-4dc2-ac93-672fe8d670bd","11603","","",""
"475b4fa4-0640-4e31-8d44-f009275d87ae","11604","","",""
"4f39eaf0-22f5-43af-ae62-48413678655b","11605","","",""
"19e31e7d-0610-4411-b534-1cefb6ada188","11606","","",""
"69a626ab-9479-49d6-919b-a3986a0e7a3c","11607","","",""
"f33e9e19-1f8d-4ebc-a262-7be1c80fb589","11608","","",""
"9f6a8cff-9c93-4508-9679-0e6ed8d582fe","11609","","",""
"afc1b648-7e48-40af-9d78-3535d8ec66a0","11610","","",""
"9a1dbe4e-c80e-421a-a125-8d6d3fb40b97","11611","","",""
"75b42030-b610-4db1-bc65-7b1aee642782","11612","","",""
"79483b70-3b88-4524-a341-795c26dad8b7","11613","","",""
"8a2272a0-aac2-4924-8d02-d24193eaa70c","11614","","",""
"2e0eaa4a-6864-4579-a43e-c0a611b2520e","11615","","",""
"b01579a6-c494-4e2d-80cb-f7be6650851b","11616","","",""
"73427c42-109f-4fe0-87b7-d95a6de47fdd","11617","","",""
"e375f060-e657-47ec-a7c5-25d3c44bab2d","11618","","",""
"d3e63f14-16a9-4321-965e-5a031ca141fa","11619","","",""
"2eefe0d0-0b8d-4dda-b89d-8527c1432227","11620","","",""
"fab96578-c619-4158-a573-0296aa3f906f","11621","","",""
"e7b14d81-dd7c-41b4-983b-b7267053c3c0","11622","","",""
"cd859523-b44d-41af-99b5-98c08eaa7432","11623","","",""
"87693b85-6227-4570-8077-636fc6c754e2","11624","","",""
"d8862fcb-32cf-4256-b286-bc9dbd70313a","11625","","",""
"85c1ede7-a62e-429a-b35b-d253d639869b","11626","","",""
"9aaead56-2455-40ea-a8f2-3997909a299c","11627","","",""
"76fcb568-8b58-4174-bb5e-d79cf72d2939","11628","","",""
"bf786b96-6aeb-4f10-a111-dd628684ee32","11629","","",""
"ea826117-a87a-454a-8446-78d9ca96d196","11630","","",""
"6f7a85d7-579e-4bf0-b70f-7ad80efcee5a","11631","","",""
"8872e6de-87ea-4a0e-8d1d-50fdb15f50b6","11632","","",""
"50240243-3017-4ee0-b028-03a36d1fae18","11633","","",""
"6da3d170-fe60-4d63-b5b5-2f319639da1f","11634","","",""
"e3714795-dc5e-497a-b605-b03eea8e25a5","11635","","",""
"287856d4-1541-473e-b79a-4db1c48ea778","11636","","",""
"60fb7b98-59bc-4326-8953-ee6409872308","11637","","",""
"f4ea44ad-1f1d-4de9-8301-56d25e8ff322","11638","","",""
"1ac8fa40-e6ff-4aa5-9ffe-5aa941161ff4","11639","","",""
"08524957-80a5-4698-b626-5645203b1813","11640","","",""
"402fd09e-5628-4d4e-9b66-2738cb78a42d","11641","","",""
"62c4ab2f-233d-424d-a887-42a6b5557cff","11642","","",""
"3e7d3d06-1a3a-49a0-8d13-db3359f63cb9","11643","","",""
"aa65be6b-58fc-4764-b795-c627ee4a4730","11644","","",""
"f821d8ec-2b3a-4839-bbe0-9685ebb1cd6b","11645","","",""
"cc61efd7-773f-47cb-8c93-5a44446510a3","11646","","",""
"42081dd4-c2da-410e-b3bd-cc200e0267e9","11647","","",""
"ae6eaddf-252a-4e4e-b258-a6ff651f2283","11648","","",""
"eb1d2c10-7020-42ef-8554-a83b45953f90","11649","","",""
"1b9148b8-9487-493e-a2ed-f2439d8d7d9c","11650","","",""
"b6ada949-ba07-4e7c-9899-fb8b81adca67","11651","","",""
"887fb21c-ee84-4ddd-97cb-53f8741d08df","11652","","",""
"29a518a0-e5a8-4d10-8f30-3389a646360d","11653","","",""
"2826ca93-9bbd-4078-8091-ae520a4b9382","11654","","",""
"1964fc59-9fb5-407d-b503-65421181dce5","11655","","",""
"fafc3737-533f-472f-8646-880960258b56","11656","","",""
"972d5622-8811-4ca9-bf86-7afd1883db84","11657","","",""
"75bf307a-9c8c-4c87-9ef1-3adcae39c4df","11658","","",""
"01c454c8-5ca9-4452-856e-9e09e003ab00","11659","","",""
"de00ba7a-9332-4e03-8109-b898b0a15df1","11660","","",""
"395d9c36-59ea-4e5d-bd58-e70dc2c2586c","11661","","",""
"c1ce26a4-c7f1-4e38-9110-0a68d1eda3ec","11662","","",""
"8716b6c7-db0e-4660-95a9-527372e339b0","11663","","",""
"e4edcde9-fcb4-4656-8afc-400c7ff1220b","11664","","",""
"b2c10b74-ae23-467e-8846-38022beba995","11665","","",""
"09138fb0-3b4b-4027-bb23-ba825c85c52d","11666","","",""
"8bf976a5-c898-4de3-9d83-90f5013757b6","11667","","",""
"f03b7ed2-7151-49b9-b57a-bec6c8b1762a","11668","","",""
"7a2c61ca-00b4-4d3e-a6ae-6e670f4e44be","11669","","",""
"940a1558-3eba-432e-ab8c-46a1779504ea","11670","","",""
"34e1b36f-e980-42c1-bfdf-8705cd2b62bd","11671","","",""
"77c66de7-d339-4ae5-8e13-4631c6646778","11672","","",""
"60418350-897c-40d5-9663-3cb505355a65","11673","","",""
"b2a6ac85-0bfa-47f7-9b9f-429ea3cd311c","11674","","",""
"8d1e3385-a7ee-49cc-9624-18377c9993a0","11675","","",""
"fcbb7e04-d7ee-4f6e-b9b2-0e1799bf5c69","11676","","",""
"213c4d7b-739f-4262-9a9b-391eda7270cf","11677","","",""
"9dd01094-c02f-4b9a-a8f2-e5561cc1422f","11678","","",""
"0bebc7eb-7266-43b7-b151-8cc9dae2e659","11679","","",""
"332dfbdc-04fd-4cc2-acef-ec9b82bae07b","11680","","",""
"c56b9fcc-6c44-4409-9298-ad11e2d746c3","11681","","",""
"85117f07-1ae2-4979-942a-d45772ffbfdc","11682","","",""
"e792a47d-0cf7-4d45-95cf-18e7c8659635","11683","","",""
"b0499d29-d1db-4859-aa74-3113502a5aee","11684","","",""
"051745db-e8bb-42e5-9f9b-46a5bbb48227","11685","","",""
"0f407362-6152-48af-ac1f-bcf1fe67f06d","11686","","",""
"4334967d-381f-4337-9fe2-ed4da471aa51","11687","","",""
"9bd076cb-e32d-457c-85ad-4763492d26c5","11688","","",""
"528d4df6-23d9-4d59-b5c9-5c73ce834f89","11689","","",""
"975654fa-1902-4bd4-beb4-a65cd9053802","11690","","",""
"6c43cba2-9484-431c-b0eb-b88112244e51","11691","","",""
"95209e4c-2970-4c7c-8665-2a3addea126b","11692","","",""
"1a67af77-1f09-44ad-a498-e52312163fc6","11693","","",""
"fe6b810e-ae64-44ad-af74-7545dc9a4ef6","11694","","",""
"ff4f723a-0d2d-4834-9517-2acb014ee652","11695","","",""
"0c756a05-94c1-4fb5-9d3e-2622b03175bf","11696","","",""
"52d0a895-93a2-40d3-ba66-b01193c23267","11697","","",""
"1039af22-013f-4ec7-bf49-6f18d7d3c6ee","11698","","",""
"bad4f6f7-1e37-48ce-8156-3f958964364a","11699","","",""
"42254f02-60a7-4cfc-b18c-2324067e8948","11700","","",""
"94943373-86d2-4034-85a9-671a0a1faafa","11701","","",""
"ae6d368a-53f5-4b56-a680-b4af914a219b","11702","","",""
"78a550da-7ff9-4878-8bd0-58749cc1efc0","11703","","",""
"21580a6a-21d1-40c2-adf2-ad1dc0e9acd4","11704","","",""
"1d87a72b-bcbd-40f6-acaa-0d35abb7ba50","11705","","",""
"81d892cb-ab38-4839-8e42-eaba798a256b","11706","","",""
"40b82872-74c5-4829-b9e9-b7885f59bf03","11707","","",""
"289c97c1-5b92-4549-b972-de247893bd11","11708","","",""
"d9e4f8ee-348e-4309-bd79-c64bf4b13f2d","11709","","",""
"1fb3dee6-3cd6-444c-9236-99f46b7aef1f","11710","","",""
"7034e1a1-bf76-4358-ad72-1a4545d9321d","11711","","",""
"4061202c-33ea-4491-8893-0c7a725f1f43","11712","","",""
"ff8da0f9-2b03-4fda-b6bc-731fa1a9539f","11713","","",""
"03d23f30-d1e9-401b-a54b-232c09a458b7","11714","","",""
"2ef81d36-0a2e-43b6-9b8e-d21b78e086d5","11715","","",""
"3d4186c4-2892-4277-8aab-b39984f3ab5b","11716","","",""
"e224eccd-7eed-4b16-90b0-6332dea1be06","11717","","",""
"fad5a7f1-cfc9-4a85-bc48-5da0f4579464","11718","","",""
"a224166e-86ab-43be-be68-07741d2ad7f9","11719","","",""
"f76698ad-441a-495c-a7d5-761d86c95218","11720","","",""
"7839d376-9a9a-4751-82c5-2ea4f96f7060","11721","","",""
"c1948253-51c6-471f-a7c4-1c0ab70beeb3","11722","","",""
"ab44685c-31b5-4dd2-a98f-d9d64e98cfd6","11723","","",""
"6a66425f-164e-4c8a-883a-68d154dd7a0c","11724","","",""
"43b20a77-c834-4085-ab2c-87bba12e869e","11725","","",""
"b95e6fa9-6abe-4bed-a50f-06bb706338c9","11726","","",""
"476be1a0-f78f-40d9-94f7-aa1b8e66e84e","11727","","",""
"84af88e2-951c-4b8c-a95f-d13d84328b53","11728","","",""
"c300825d-d2ba-4b84-a984-0f23143b7e62","11729","","",""
"1cdd7aa7-89db-4c94-95bd-9acf1db68f8f","11730","","",""
"af21e455-49d0-48a7-8ad2-79fdb4095d3c","11731","","",""
"8c247c85-d244-4341-aea5-463e83b3d2ce","11732","","",""
"4e06899e-ffa2-4bd0-9553-0b75bb61d64c","11733","","",""
"c495bf91-aece-4185-9e62-91624cd802ba","11734","","",""
"05ebc232-067f-4553-a51f-41a60140c342","11735","","",""
"b32cb7af-3c42-45bc-88af-f2a826bb157a","11736","","",""
"825020d2-5d3d-4465-a494-9baf58169a4b","11737","","",""
"36c1882f-29b1-48f0-9cc8-0c9eda54f166","11738","","",""
"d3da0cc1-8e3a-4b2f-91ba-ef8d432c4bc3","11739","","",""
"a2798acc-43b0-4c37-9e16-cc3e8cead707","11740","","",""
"aa5a90c1-e36a-4f96-aabe-6660e962a2ea","11741","","",""
"e9ed00de-f14f-4297-bbf9-ab8bcacf6664","11742","","",""
"6f4fa4e7-ed0b-4d7e-9071-ded4464ec1ce","11743","","",""
"b9137d49-f4ca-44a6-81c5-2543b5fdbd9e","11744","","",""
"c6ea8e40-1dd6-4776-85bb-3c42ea71e4e5","11745","","",""
"5db42322-b4bf-4264-ba73-066ad7190aae","11746","","",""
"849e67fd-4319-43cb-8ee7-b047a2c61517","11747","","",""
"2c12af8a-d4c4-4a2b-9040-40b26433e7d9","11748","","",""
"25b2591c-169c-4682-aeb7-6f6d71d8016a","11749","","",""
"9eec6409-5417-4dcf-a786-ac4f04c4e971","11750","","",""
"b188fabd-34a4-47a0-844c-0164750c9fa8","11751","","",""
"f7e75973-c632-4176-b92a-3e87b0710f55","11752","","",""
"425bda91-4c81-4e19-a1c2-0ee569ca3abf","11753","","",""
"2b2b0bef-fafc-457c-911e-3dd6b00206bc","11754","","",""
"20d80603-5476-413e-b70b-480b44d27167","11755","","",""
"d1baa129-b99c-40d0-8f7f-2339754dca7b","11756","","",""
"d3414c06-0fe8-4382-b59f-b9a35073d43a","11757","","",""
"4a022d48-3453-4bc7-9890-13bb2681d4d0","11758","","",""
"85a5bcf2-9611-4030-9ec0-a45e8c524494","11759","","",""
"095b4fa8-57bf-474a-a8a6-5eaa20a2c445","11760","","",""
"56e93c28-9ff0-4ba5-9c9b-2ab33deb1234","11761","","",""
"9736b2ff-134d-4ce2-ba92-2ee30669914a","11762","","",""
"594aa7a6-ae5a-4351-889d-4061aee50eff","11763","","",""
"8c262945-48bc-402a-a990-3813dad1d03a","11764","","",""
"7e9fc3a1-5349-4949-8007-e71edfc2d929","11765","","",""
"90d64825-d09c-4bd0-8747-93f3662e239e","11766","","",""
"586c0a32-86c8-4fcd-9d1a-62e841d32548","11767","","",""
"55657740-27e5-433a-b7d1-34073ddf6c96","11768","","",""
"08ff77c6-0da7-471f-95ac-4fbdecee8df8","11769","","",""
"674cfb95-8088-4486-80cf-c55645b55cd1","11770","","",""
"44ea0845-7e3f-4caa-a293-f9b397ab84a7","11771","","",""
"e631bad1-91da-43e9-abe5-24975c9b4879","11772","","",""
"5988a93e-4822-4bd1-b0e1-1c0bdafed804","11773","","",""
"21e61db7-a7f8-476d-a88f-6f74ab235309","11774","","",""
"774526b1-b2e0-4cf8-8fbf-74a310db7bda","11775","","",""
"d6907621-5072-42b6-a166-9d33e6af3577","11776","","",""
"36c977d3-4e07-4929-adc6-af6c3fb15318","11777","","",""
"a7d1a663-8415-4065-833a-12202667c683","11778","","",""
"73a7ed4c-022f-4476-826f-63fce644b180","11779","","",""
"e0772050-7266-49fa-aac3-88ee5a3332e4","11780","","",""
"9eac7fd4-8f27-40fd-a058-3a381433afc3","11781","","",""
"244cfe4a-a145-406e-93a0-e40ab82bd5f9","11782","","",""
"939bbafe-7c30-4560-9d8d-2ad1117aba95","11783","","",""
"8b96a7aa-4ce7-4e6a-9175-775113a7cf81","11784","","",""
"3573f469-14b5-4811-b4d8-f3dd60754087","11785","","",""
"0ad98c76-0ec5-4628-9677-69ca7bc6fc9a","11786","","",""
"71d243e0-07e2-4d93-8893-ec2f3539c9a0","11787","","",""
"7044379c-3ca0-41af-98c5-8aa9a764b130","11788","","",""
"66d184fc-35fa-4288-90c0-ae03cbde1feb","11789","","",""
"02df3bfd-a4f4-47dc-b108-9ddcf33d57de","11790","","",""
"6be106b4-95e9-4863-97a5-dabda7c3b3ba","11791","","",""
"37353b05-50e6-4bec-ad59-5e13bf0e434b","11792","","",""
"6e7dc8ca-3d14-446d-b42e-6db306279be1","11793","","",""
"4b7af240-063f-48d7-96c5-7efcc296abfe","11794","","",""
"a8a415cd-956c-4947-b44a-41abeeecac9c","11795","","",""
"9c64abf9-00d8-44c4-a966-383cc2623558","11796","","",""
"6808bf3e-ab81-4d47-bdd5-c7b9cd3ac392","11797","","",""
"afb364a3-b3b0-43bb-99a6-5a677e6487bf","11798","","",""
"6985e071-1875-478f-8f4c-52710e827bd3","11799","","",""
"fe314fc7-55d2-4803-b402-52cf32a1b048","11800","","",""
"f7567973-11ac-4b6c-b9cb-c790f3048eb4","11801","","",""
"bc0b79ee-9649-45bc-b872-6143931dd126","11802","","",""
"4ddc582d-bf9d-4ffa-85de-464ff77288b5","11803","","",""
"9a0c9354-1ec9-47ec-95e1-04b73996b154","11804","","",""
"8c2ad57e-7976-4f8b-b487-d2cff02a8784","11805","","",""
"a923fff9-255f-4f7d-8631-38ce145d7747","11806","","",""
"ca3fb95a-67bb-4391-9e1a-3abf19479ea0","11807","","",""
"3c266183-50ae-46df-b800-4deabad3a0a0","11808","","",""
"24d8343e-4560-4293-8cbb-bff9e84d1c66","11809","","",""
"8598bfb5-450f-4bf8-9dfa-95cba454e5b2","11810","","",""
"baed80b6-0e5d-44c4-835e-797701bdf12d","11811","","",""
"dbfc6928-d265-4eb9-95b5-a61a19a11eba","11812","","",""
"9277a5b1-c003-42d6-92bf-338f27c300ad","11813","","",""
"f32be3d0-fe4c-42e5-b27e-c570d4a3342a","11814","","",""
"27202e73-9285-4fc9-9d47-3222b78bb3d8","11815","","",""
"98ad8acd-9559-4e0a-ae28-73871e21a7f4","11816","","",""
"b7b606d0-1a38-48b2-8790-5b99a86312d5","11817","","",""
"830f1159-8868-4077-a2df-94e5281f6b95","11818","","",""
"10035957-01cf-4ade-a85a-c31550f11f1a","11819","","",""
"a4a04a11-3d67-421c-bb1f-aec3c5434eca","11820","","",""
"ce3c796c-38df-4211-9697-d082329437b8","11821","","",""
"4db17f34-887c-460e-a423-53dfbc35abce","11822","","",""
"281dca0f-88b1-423b-8c14-c9273d619401","11823","","",""
"523e5e6b-094c-4b37-9610-248f64bad220","11824","","",""
"f09dc873-783f-4882-8813-a6c3012abd69","11825","","",""
"3f3c3c96-434d-4cc8-b09f-cddde87abd48","11826","","",""
"06bfc327-de19-4214-936c-1ee60b072174","11827","","",""
"e1cdeaec-99cd-4daa-a961-0de5e762121e","11828","","",""
"4e44fc3c-efda-45e1-b46f-b95e7c6cd48b","11829","","",""
"f278077b-a740-40bf-8967-4553ff85bd32","11830","","",""
"81a0e983-c99d-4a0d-a298-f90bebc28cf7","11831","","",""
"e21100c9-c37c-4317-9297-6a8228c4cda3","11832","","",""
"7f84cac5-97ec-4b1e-8e75-cdb892375509","11833","","",""
"4933bf69-4b1f-45e0-8b36-52d470f29eb9","11834","","",""
"6150fd6f-1cf1-43aa-945c-b44df61cd5d3","11835","","",""
"91ce60d3-7737-4d4a-9ea3-60e27e33e38d","11836","","",""
"880cf901-30b0-428c-88c0-023364c16abc","11837","","",""
"6e4fe567-fad5-4ef3-b6d3-c7b1b1d9fc74","11838","","",""
"936296be-8337-4d82-982c-6719df582354","11839","","",""
"6a4ff2c1-bcfd-437f-84b1-87a04141e29a","11840","","",""
"d4c8669a-764f-47bd-bbef-2242a85d7e05","11841","","",""
"05d99fd1-bf4f-4bf6-aeb6-83a8d3c48f46","11842","","",""
"58fbb3cc-2262-4bc7-b0c2-4755382ef5a7","11843","","",""
"77f554aa-3307-4801-84b2-4e59160097ff","11844","","",""
"e9e1af56-3edc-43fc-a775-1b8d0aa2e565","11845","","",""
"0aa57431-2983-4741-9829-74ec72f62e7d","11846","","",""
"d3e56ea1-5e40-44c6-874e-67e6145b7654","11847","","",""
"a38441f1-fd52-47c7-a5bc-424c8e822aaa","11848","","",""
"b0d28ee3-8e9c-431a-831c-1f40e50d3038","11849","","",""
"b5a29d1a-c67f-4bda-b8bf-4defdf2bd6fa","11850","","",""
"8aefa9a0-c02a-4ad8-9f02-f96888b2f8ac","11851","","",""
"27aa8f21-84b1-4abd-b1de-27529d3e0d99","11852","","",""
"e84be850-ea2c-4568-82fd-2b497fc20bb0","11853","","",""
"260406da-95dc-4d69-95af-3e9ef10d8a05","11854","","",""
"519e5639-a573-445c-84b6-f96039ce9a42","11855","","",""
"766e611b-2a6f-4eef-9867-113d902d0753","11856","","",""
"0fe0933a-1b4a-488b-9f50-d42e7fc82450","11857","","",""
"38ad6414-cbf6-4883-8be1-29a54b314c6d","11858","","",""
"bfd2a9e4-eb07-41ef-ae86-a382cbf957dd","11859","","",""
"795c84de-d1da-41a5-aec6-99660e50379d","11860","","",""
"90648636-e895-4e20-ae69-02d795cafa7b","11861","","",""
"4a41534e-1611-4354-8b3e-78ffafe7fa41","11862","","",""
"b5c46ea2-22fb-40d0-83ee-3e4b89860184","11863","","",""
"fc087d76-fb52-437b-8226-4099ad8088dd","11864","","",""
"94cf1537-1688-43d7-9442-5f149842396a","11865","","",""
"51349fed-66c8-4872-b543-11e5f73ca634","11866","","",""
"7859a7d9-450e-4e58-bf4a-f730c3366804","11867","","",""
"633fab25-39b4-40e9-ba29-db9ab620b62b","11868","","",""
"4c4446f5-ff49-428d-9107-458af2eb06ba","11869","","",""
"ff943167-4910-46c0-aa77-68c169e929a5","11870","","",""
"829e5375-4f79-46bc-b1ca-944078fb7c08","11871","","",""
"a0c76297-d66c-4279-b594-7562c33c6811","11872","","",""
"14a68e97-5e81-4318-bc7c-212e3edcc8e9","11873","","",""
"e9a8c99f-b48c-443a-9f83-236fd2be27f6","11874","","",""
"f39c4f30-f326-4a66-8f85-1a019f81bb23","11875","","",""
"b557ee88-71e1-4ff9-a037-65e04b733a6a","11876","","",""
"8d9c7594-cce7-4fc6-90c1-dd0febe42e4a","11877","","",""
"9e96a1c1-eccf-4ccc-9d66-071c21696d43","11878","","",""
"d58b380e-c5ea-47c2-96e8-931554b306e4","11879","","",""
"cc65c87f-891a-4f94-9aff-f7a2c168429f","11880","","",""
"dd9f5077-8ca8-4ce8-b5b1-d11c31ed3d40","11881","","",""
"a073fa38-0748-41d9-b963-fcd284d3534a","11882","","",""
"12902476-d905-4428-a43e-38f6af78fda9","11883","","",""
"5d05a814-92ac-4004-827d-ad3e61a57224","11884","","",""
"8b7a603b-0da3-4ee6-b3d4-da3d69e0cbc2","11885","","",""
"feaba1c7-74a1-49b9-8bcb-e3a02247f2ac","11886","","",""
"eaf69c47-8cae-4b9e-a43f-784493975935","11887","","",""
"0aae4784-c1fb-4ddb-b499-1389d845964a","11888","","",""
"511d4f38-6673-496b-8c09-7069de8ffa6c","11889","","",""
"93b09bab-4d2d-41c2-a2e9-83f83a69f71b","11890","","",""
"3597215a-e5ad-4c86-bfcc-6c663ec5b80e","11891","","",""
"416ff1c0-56cd-4ac3-a5a3-d0ee675a472e","11892","","",""
"091457ba-5d22-43fd-ba1a-f8b25a1b8ba7","11893","","",""
"f307849d-c500-42e3-a857-b25e4ce894c4","11894","","",""
"836ac068-3dda-4ad7-84de-cfb36edfb987","11895","","",""
"dc81f8f2-3de8-4ed5-81b4-cbabe6cb1c1e","11896","","",""
"6fc142fb-381b-4ac1-ac78-472de0b55b8a","11897","","",""
"80092c8e-f833-46f5-bc66-e58fdd5d0fcf","11898","","",""
"e97a2e88-7178-4def-bfb7-b71cd600477f","11899","","",""
"6a0c444f-2761-43bc-92a9-9cf6353ad0e6","11900","","",""
"4b080965-ceab-4fff-a93f-bf6c9afac432","11901","","",""
"2d388985-e9e2-4a0e-8869-76f8c8bbaa3a","11902","","",""
"a70457ff-e440-4408-85cd-606bed8a4c90","11903","","",""
"7a288ba4-b286-4d7c-a02f-67fee55be1e8","11904","","",""
"3ae793c4-9f22-48da-b971-ee93be851921","11905","","",""
"5c7a4f3b-6b02-4bd5-bd83-572ba804676a","11906","","",""
"413233ef-09c3-49a4-bebf-04a4830a058a","11907","","",""
"a6e84d64-9741-4cd5-b6e2-349c4afa7276","11908","","",""
"5ece4fd7-12f6-4ee4-ae69-ef17e038f5ef","11909","","",""
"36aaa0a0-2ab1-4426-a99a-f8ddaef6b872","11910","","",""
"7c76d591-1126-49bb-b747-473b044a2491","11911","","",""
"3a79d1cd-2905-41f2-9215-133c4b37c8ed","11912","","",""
"a1e1296f-2ee8-4a79-b64f-9443360d3096","11913","","",""
"0e24c0c8-3c55-4601-80c0-c1b4300632f9","11914","","",""
"4d9b1d01-94de-4241-8217-221a291213bc","11915","","",""
"c0ad58c7-9516-4a4c-a058-cc3bba626e7c","11916","","",""
"cee8434e-99bf-429c-b945-8850fbaf9985","11917","","",""
"f9619028-b1bb-41dd-b91d-06b712c4e29b","11918","","",""
"30d177d7-555c-4268-98ec-bcd32456c122","11919","","",""
"23458964-043a-4f99-b6d6-f8f15e709fb4","11920","","",""
"1209dd55-688c-4f02-aa90-203089727a2b","11921","","",""
"95a47c90-b966-4df5-b0c0-97df5d05285e","11922","","",""
"cc38354a-43c3-4d47-9f60-22fc6daf7ce1","11923","","",""
"4c4daacb-d4c2-436c-91d9-6c53ad3b0ece","11924","","",""
"dbfafe10-9425-4c35-9fc9-77bf03067b68","11925","","",""
"b7520bdf-ece0-45f4-832f-16566d2a2061","11926","","",""
"2407c564-8c09-4c4e-8c1c-69b0bf0d0e5d","11927","","",""
"5c243995-fcce-4837-a4fb-fd83d3ab7812","11928","","",""
"e480453f-b342-4d91-9827-f677e967c60f","11929","","",""
"95dc9a13-f301-47c9-98fa-1d9346165295","11930","","",""
"a5968938-7612-4445-8e8a-16ca47707810","11931","","",""
"de0f340a-e37f-4d9c-ac15-1d14713f05d5","11932","","",""
"3367ff16-cc54-4b32-8877-9a63a1fcf6a3","11933","","",""
"9461703c-b21f-42ac-b45a-3959a0815377","11934","","",""
"3748d814-34fc-4d04-84f5-cc8f70198709","11935","","",""
"175a0f40-3f69-4723-8f69-b81b0998fe37","11936","","",""
"f3523582-fa61-4079-b9c6-061978357572","11937","","",""
"4e2938d5-e700-442b-8cea-17a1033fc4d3","11938","","",""
"50e0431c-0fe4-46aa-bb4a-5c715b2b530d","11939","","",""
"df6ca0d3-db07-47a4-863a-4d3e41ac7240","11940","","",""
"becdc806-1607-477a-9d73-261e023b2439","11941","","",""
"c606a80c-e25a-41f0-bd3c-84fac8c5558d","11942","","",""
"da09884f-105e-4bfa-9e94-ecd19451fe10","11943","","",""
"da6f3d30-c9fd-4cf6-b813-1f994530648b","11944","","",""
"6d1ac395-a826-4d22-976c-475298f2d119","11945","","",""
"dd18563f-f6b5-43fa-85a9-605c2323b338","11946","","",""
"c7074e7f-7a09-4a76-b303-a9388460c396","11947","","",""
"660a8fde-8813-49e9-979b-10054bccd78f","11948","","",""
"12528bca-f46b-4622-adca-d75a76fd81f9","11949","","",""
"579a2963-06a2-4520-b9b7-757304a17980","11950","","",""
"37c48793-58e9-4120-a4f9-aa97b0a76604","11951","","",""
"1de0e9c3-1fdb-4f77-b8b7-bbac5f20e6b0","11952","","",""
"c3779b7f-cea1-4f19-b9f3-c87ad5ffdb79","11953","","",""
"edfff667-4211-45f0-8472-f3ca65a265d2","11954","","",""
"956be559-9aae-4c48-bedf-c75cb31d1d55","11955","","",""
"0b362879-e087-4a5d-9e01-55c1741240aa","11956","","",""
"345373da-45bb-4cc6-80d1-15f166809970","11957","","",""
"fba7774a-0d0a-4855-9a02-d1a25ea2df65","11958","","",""
"6094006c-583f-43d9-adf8-68245fa997ea","11959","","",""
"ebe859bc-334c-4d18-b7d8-6e35f46a9cc3","11960","","",""
"f057a6be-a285-417c-b54c-75f7ab806592","11961","","",""
"dddee87b-335a-4fc6-8b9f-3878ad340f2e","11962","","",""
"fbf768c3-f18c-47d8-8d1d-4443c913cafe","11963","","",""
"10f6af6d-8159-4a23-99fe-fb6c3a20898f","11964","","",""
"85addda6-a10e-48a9-a716-5f9dedca60e6","11965","","",""
"e97d5c87-ffb7-4929-b894-cd9ed32920fe","11966","","",""
"f5817507-00d7-4b95-8456-6604f438ef63","11967","","",""
"41a91199-d4d5-4b04-8a55-44e801076a8e","11968","","",""
"66cda3a1-2c17-4cae-926d-51f5acacbad8","11969","","",""
"f7ddfc30-bebd-4acc-9b52-5508c6e25ba5","11970","","",""
"bb40699c-2c1c-435c-a885-a96303bf2a3a","11971","","",""
"7ca09b7f-0856-4fb6-9032-48c2316c4be3","11972","","",""
"3d3c6310-c0f5-4b7c-b9b9-83c33f1b941b","11973","","",""
"1a8459b0-865f-4300-8c73-0beee9904411","11974","","",""
"ffdacac7-a7c9-4ff9-b77e-c5d7bbfcb2c3","11975","","",""
"e4345c34-7bdc-4a88-b85b-411ced92c7b1","11976","","",""
"c81f12ce-bc74-4daf-b4df-cbe034738ccc","11977","","",""
"a81c8480-141a-45aa-a3c3-ab1d506d1e0d","11978","","",""
"51d24da9-c41e-46d9-adf7-cc2737f2e93d","11979","","",""
"83ca4155-58fb-456e-8703-8a8479b9014b","11980","","",""
"5598d8cf-56c3-433b-8532-bbd9c0efaa76","11981","","",""
"a157400a-f12f-4e5a-98c8-eda393aad3c4","11982","","",""
"d8fd7fa8-d058-4111-b59d-a3a46236ec84","11983","","",""
"16e453bc-4322-48a2-ae0e-ef136f7a4f11","11984","","",""
"e603f146-5890-457e-93b9-904ecb5f9f88","11985","","",""
"8ebcea29-900a-4abc-a935-ded8a7f824e9","11986","","",""
"8575fa48-b065-4219-ab04-25c8e23007f6","11987","","",""
"f446b564-1f8c-4b08-ad17-c063129ba789","11988","","",""
"01ccccb3-dbce-4dfc-b8e7-52419d497497","11989","","",""
"ef4b6a3f-9794-493f-80c2-1ea434410880","11990","","",""
"6a06450a-8514-4fe0-9592-f3d5c7bfe811","11991","","",""
"9ebb974b-f162-4408-8a5a-237fe6fdae15","11992","","",""
"cae2b0de-0499-4710-adcf-dd041daaeb4b","11993","","",""
"f5a530a9-b841-4f5f-83f9-7c7bc2a9afef","11994","","",""
"0a8eec65-b09f-4821-8f70-bb63e8a6683b","11995","","",""
"7a102119-2ed7-4d56-b20e-7a40ba5c1353","11996","","",""
"00a0ba0d-aa1d-43a2-a1f7-128ebe98cfb2","11997","","",""
"9d953f1a-bf02-454b-97a4-e702b0970092","11998","","",""
"48033aab-4bdb-4223-8992-bda22d88e5e4","11999","","",""
"db13f373-e714-4f0f-bd77-e880be10981d","12000","","",""
"89b347f4-a4d5-4248-9011-741b186871b1","12001","","",""
"48996351-5bba-4ccf-84e1-b3cc6c7d06a9","12002","","",""
"b34e6290-2bf4-4e69-9b05-7e9ac0c6c9be","12003","","",""
"505949a4-37d1-4457-8f52-713a5762668d","12004","","",""
"074a727f-e271-4344-b95c-93df810e55a5","12005","","",""
"711959cc-ab57-454e-bdc5-fa0357e5a730","12006","","",""
"53bcbb5a-b4b0-4357-8ae4-05744ee208ce","12007","","",""
"c7b09e03-381d-49f6-836f-479d5f2dcbb7","12008","","",""
"3d9d519c-8bfd-47d7-97bd-e400f1d0b618","12009","","",""
"1b48eb1b-9c6c-45a4-9931-14267be59ba2","12010","","",""
"f50db69b-13b4-4183-9cc0-86f1f223b2bc","12011","","",""
"671cb582-abd9-4f3b-af3c-fd4210dcbac5","12012","","",""
"2a24e867-12a7-4146-9263-e81277921954","12013","","",""
"5cf22c0c-f2d7-4565-9890-6d3649558f3b","12014","","",""
"ebd36783-b637-48f4-9f86-13462fca587f","12015","","",""
"c4a24ea0-af84-414d-a581-0baf85b12664","12016","","",""
"b61e5395-3d17-4e17-b7a6-77250a68eb25","12017","","",""
"5b2a6758-272b-4779-a1d4-907da1a37d6b","12018","","",""
"c6edaff0-fc13-4710-8db8-8ecbc6d0451a","12019","","",""
"ec74cefe-e232-4b32-a08e-67fed7c8946f","12020","","",""
"68326622-cc0e-429b-892b-c6e1ea92ad8c","12021","","",""
"391b0eb0-6f34-47f2-8901-af57b55acf3e","12022","","",""
"a8052e3f-124d-431c-81de-a301932c7c29","12023","","",""
"3395891a-9593-4a29-9b98-805691bd64ff","12024","","",""
"e6f8f0ee-b40b-4bc7-85c6-4787f51dbcc0","12025","","",""
"3c4900d0-959a-4bc5-bb36-94797f0ff1df","12026","","",""
"df960616-9079-4244-9342-835b8227637f","12027","","",""
"456b3fc5-a8d5-4f30-a2d6-f52c81833622","12028","","",""
"1d1436f2-efef-430a-a1f7-57c8da6462df","12029","","",""
"529eede8-8c98-49a1-838a-d326a8bf3fa4","12030","","",""
"6ae509de-5f5a-4ac0-96b0-0a916032ed74","12031","","",""
"d18c2e9c-8083-47c2-922c-37b4e5ab0deb","12032","","",""
"c335b81d-834c-4074-88e2-91c80c767edc","12033","","",""
"29261aa1-e3ff-42c7-b7b6-8c921dc2da2a","12034","","",""
"f76d90b7-676d-47aa-b28b-871e629f079c","12035","","",""
"02c4ffd8-e6d8-4771-9a76-d37e466be6a7","12036","","",""
"f0b4a003-e7df-4c03-855f-775df723707b","12037","","",""
"85b0281c-979e-43a9-ba58-67e956cf4bb8","12038","","",""
"5a5fc8ac-fc2a-4a08-a1d7-96fd9fc4ecbd","12039","","",""
"83342fdb-5efa-4721-aab3-f9527ea99731","12040","","",""
"66af00c2-26ce-4781-9e21-9fc20a79a45c","12041","","",""
"48b6372c-e66f-4dfc-bc35-6891d187b932","12042","","",""
"fcf2fc58-ed54-46b5-a630-bafdcb53c4f9","12043","","",""
"3f1c68b5-3410-4f5d-97ee-d1499abaf094","12044","","",""
"0530a237-3427-4e0f-bc4f-ed546f5ee72d","12045","","",""
"da2e28b6-510f-4f21-8cd8-41ba961ed627","12046","","",""
"6006b6ef-9018-4086-98de-90afd9c3b3a8","12047","","",""
"2d69f1d1-3c6f-4fa8-ac07-546f51c3e126","12048","","",""
"ea56c255-3dca-4e0d-88b9-bd9df622e793","12049","","",""
"9dfbc8d7-1572-4f25-84f8-aeecb35ebaa5","12050","","",""
"30f91029-c069-488d-b870-ee2d7d77ece3","12051","","",""
"cb21550f-fd18-4bb6-82f4-62ebf33e4ae7","12052","","",""
"f13be46a-c911-428a-8f8d-262a4ae90911","12053","","",""
"001d24ce-9e31-423c-820a-de8e68446eb9","12054","","",""
"80e45e88-53a2-4950-82f2-02a2c7c7db82","12055","","",""
"ae0aeac8-4e7e-43d5-9f43-9718819c5704","12056","","",""
"a7d9661b-10d2-4f37-99c7-36919385c8ee","12057","","",""
"441d1a64-bb89-4705-80e5-acd64746edc7","12058","","",""
"9987a856-8e5e-4830-9ca1-55c2d8d41183","12059","","",""
"369be486-5441-43d7-9f29-bfbba05e2451","12060","","",""
"7e5f42da-c181-42e1-81ef-c08ef2485a11","12061","","",""
"4d306b69-c413-4a43-a50b-b7ab66f4627d","12062","","",""
"907075df-9e19-4a40-86a6-8c4127eebe0e","12063","","",""
"22c502ff-9f9c-4344-a709-9469d2c8c774","12064","","",""
"5cef65a3-a337-4ca5-b5a0-baf633c976c6","12065","","",""
"3322e46b-b603-4ce5-99e3-4d0d01b7a5d8","12066","","",""
"465c998f-57af-4fd2-8b3d-c37b1484325f","12067","","",""
"2b11fafa-11da-45ed-ae89-6715044de11f","12068","","",""
"2750a0b0-80ff-4604-9246-6433f4a6a7fc","12069","","",""
"fb8549eb-1439-49be-9fe9-8c4265efb59e","12070","","",""
"d1534311-9c45-48ae-b365-37247b139ea7","12071","","",""
"b8543ce4-8686-43af-ab9d-4fa821d78eed","12072","","",""
"06cd4418-a268-41d6-9f74-ddbc689067d2","12073","","",""
"7835016f-07de-4114-8ee2-de56d2a70802","12074","","",""
"8c6bfe5d-1c6a-49d4-aa9e-c7306fd7d132","12075","","",""
"68bbe579-63cd-45dc-9773-d99e8d38a0b6","12076","","",""
"3e12af5c-504e-43a4-b6f8-559f34e4ada2","12077","","",""
"32084010-3eda-4ed8-a93b-3a299bc18d49","12078","","",""
"744c4735-2a56-46ce-841b-2cc7b1fea346","12079","","",""
"8d39c04d-0491-4c10-bd53-c6b256021df9","12080","","",""
"23882178-8106-4100-9282-4a198397830a","12081","","",""
"0bd4d152-ca0c-4fd6-a575-f484bb041403","12082","","",""
"370f7fcf-ea38-4686-aa53-8de50d081be4","12083","","",""
"c2bd6836-ab6d-4f98-a02b-259968f8a370","12084","","",""
"d3f35441-919f-43c4-b9f8-6b44c8a53ac5","12085","","",""
"1a1fabf2-667b-4268-8bf2-0069716cde9c","12086","","",""
"76b1a55e-022c-41cb-adc5-3aab96a39c83","12087","","",""
"6de04e1c-1bde-4c97-b990-6007e7192851","12088","","",""
"8152c94b-4db0-493d-97b9-d66db182f7fe","12089","","",""
"fdb39bc2-af12-44ff-9eb8-dc96205ad544","12090","","",""
"b7969299-4c9b-42a2-bfcc-c1e9dfe61c43","12091","","",""
"5cbb88b7-3c38-4ba7-89e4-50d773e045d7","12092","","",""
"2a6c47e9-f84a-4ca1-9ad7-952bcb9c7de5","12093","","",""
"9f51acb9-f23d-4955-bc6a-d848d3efb1ad","12094","","",""
"2364cbbc-119a-4624-95b7-44d5f7874cf2","12095","","",""
"8fd29166-bfe6-4929-8662-6c31ad1f4ba8","12096","","",""
"ed24abd5-62af-498d-aa49-f48ea8d62f32","12097","","",""
"fe22fe9f-be50-46e8-9aea-3c24b173afed","12098","","",""
"96cf88e1-c16c-414f-adc2-476c20efebc4","12099","","",""
"80f96212-4af5-4d67-89e7-bd78d2210a7b","12100","","",""
"a83ea66b-a145-4a07-b009-8454b91fa849","12101","","",""
"99d97a7d-358b-4bc7-8de4-e2a439b35b75","12102","","",""
"68d91fb4-0cb8-4d55-b838-3ec628277494","12103","","",""
"3d0fa80f-9b6f-4710-b2e6-3e59acd6775f","12104","","",""
"45ee91b8-3164-4588-946c-e03a76f9bf0b","12105","","",""
"e13b44a1-f172-4880-8d27-f6e498d243a4","12106","","",""
"a906a360-846a-4b69-8b09-4ebc13822cf9","12107","","",""
"de93376d-fd1f-431e-9d57-fea183b29859","12108","","",""
"0db52f95-c9dc-425c-9133-e5eb04c2bc2e","12109","","",""
"533efffa-46b0-4de5-9a6d-320acebbd919","12110","","",""
"558b2c1f-8b1d-475b-90a8-08113ea73950","12111","","",""
"2eff9548-e312-4862-ab31-b34ebc38170e","12112","","",""
"1f4322d5-6f89-40e6-8470-55aff72cbb3e","12113","","",""
"fdef8b7a-376f-4b59-ad8d-958cd361a31f","12114","","",""
"faf7e7bd-dc8c-4be4-909e-c189ba17668b","12115","","",""
"998e07f8-841e-4a96-bc1c-7c55e75c7c75","12116","","",""
"1e00b4bc-82ce-4f33-824a-1cd1ddbae338","12117","","",""
"9ef9711b-e07d-410a-b2a8-c7d415c0af35","12118","","",""
"5713ca4d-adf1-4aae-8606-63d7923ccbe8","12119","","",""
"d0c214df-0c4b-48ac-b24c-1ee5a796d471","12120","","",""
"c12daac3-e72a-4256-82be-99f2a892e86e","12121","","",""
"9cedfa64-5723-44dc-9a56-5ec4fe0e87c8","12122","","",""
"cddec419-4413-40e6-bd94-90f5a2824109","12123","","",""
"74629d44-c175-4ac9-8594-ad1252470fd3","12124","","",""
"5d988db9-edc2-4c52-87cc-0cfa8b55ca4b","12125","","",""
"31d53c3e-89ab-4868-9937-234b15cd79d8","12126","","",""
"62e84521-79c9-446e-86cb-f47286510ade","12127","","",""
"b613b565-e098-46a9-9849-192f8290653d","12128","","",""
"9de0cf06-88a4-4949-8a61-470919529fe6","12129","","",""
"472b6639-7be0-4c55-810d-d0c5c80a6729","12130","","",""
"90833533-80c4-4247-a60f-2d3cec375a3b","12131","","",""
"c2dfce7a-b980-45b3-bac3-83c0c55ba7f0","12132","","",""
"69941729-5535-456a-9829-d68c6e116ad5","12133","","",""
"51d3a829-a63a-4286-963e-2e252059fba4","12134","","",""
"e6cac925-e038-45e8-aa6a-49701794bb1f","12135","","",""
"a2e44dd1-92ff-4808-bc28-20a2d2bd87f4","12136","","",""
"548874a6-8b2c-47bd-bebf-a9601a8cf04c","12137","","",""
"c7d4d1b9-ddbd-4ddf-8bba-82b1fe2cfd53","12138","","",""
"ff90bfe6-cf83-40d3-ad5a-83cb193062b7","12139","","",""
"8c9ad8a4-09f8-423d-8559-8ee6443b20d4","12140","","",""
"33e0393d-8c2b-4314-bfb4-7aec05cfeb0b","12141","","",""
"24f8350a-0b38-4c3b-8e30-9fc137ea0534","12142","","",""
"8599d617-336f-422c-a937-ea72ff3a5bcd","12143","","",""
"329c8a96-adca-4777-b4c3-34fca23ee4ce","12144","","",""
"89b4b9e0-ed56-4e59-bcad-a2e7562d4b47","12145","","",""
"8d05547e-854e-4b5a-96ce-96aebb9a4f81","12146","","",""
"fcaf3a6c-8124-4a25-ae34-bab0aa46365e","12147","","",""
"a39b04f2-68fc-44cd-b7bd-7c66e174dac2","12148","","",""
"57c3f84d-b48b-4cbe-b0e0-0befa86f4717","12149","","",""
"31c46205-7c69-489d-b840-d17dd50d7747","12150","","",""
"378bee6b-1122-4e80-941c-9583c523fa18","12151","","",""
"8bcc18f9-55de-4dc5-a533-0ba86e4ff4e3","12152","","",""
"6e84971f-6b01-4a62-8a1b-9d3208dc14bf","12153","","",""
"c58bf97f-db51-4d0b-85cb-2ed87852c23b","12154","","",""
"dab764c0-7e61-4c5c-9bc0-d1342e69b3a6","12155","","",""
"880ef945-03b1-4892-833a-41e2c5df5b93","12156","","",""
"13f95ab7-784a-40a3-9150-282c94bc824d","12157","","",""
"9a980954-58b5-4cce-a9b2-62b9ad70758b","12158","","",""
"688f7375-2a3b-4d6a-b7e2-a08bffdabfda","12159","","",""
"9a99a3a7-1994-4a3a-bc6e-1b135b238eb6","12160","","",""
"9e51c284-0218-49b5-aa59-af44c42ce409","12161","","",""
"162b397e-9fee-4df3-aa12-9f78dab68139","12162","","",""
"87046947-82aa-4ea9-addb-c61985075821","12163","","",""
"56f56f37-5715-40d6-9d37-fe920605222c","12164","","",""
"f4a884de-7039-409d-b3bb-a63a8dfeef6c","12165","","",""
"1b86d5c8-a370-4a0d-bb41-38b74e382055","12166","","",""
"423b879c-4ddc-4933-b654-2729dfa7162a","12167","","",""
"7a8318c2-9a5d-44ce-915b-cdde0607bff8","12168","","",""
"bdfcf387-2396-4651-a483-72d083dfef1b","12169","","",""
"8ab8993d-d193-4f86-8054-9c24387ee832","12170","","",""
"842b64b7-3bf7-4331-a897-f420a68e2c95","12171","","",""
"e42479d2-dd7e-4a44-b689-bdb29fb9c228","12172","","",""
"1b27f2e5-a272-4a02-9f68-83ac8a2652e5","12173","","",""
"710dd693-73d3-470b-a8a0-133e1ea4a765","12174","","",""
"c17f0119-bbc7-45b9-b471-8f9866a52c0f","12175","","",""
"79e4ea85-37d5-4537-9a33-9fcfcae59748","12176","","",""
"4c4a8073-460d-443e-9a3e-396858db1f82","12177","","",""
"2318cfe3-6f00-45c7-9c6b-0814fa65d9e4","12178","","",""
"48862101-8c20-40f8-9c46-96e6d61cc2cf","12179","","",""
"eccadb90-e0c4-4997-aa3a-3f9e7fec0012","12180","","",""
"a97c0714-702a-4ce7-9ce6-a2d8df4aab92","12181","","",""
"380e8de7-a50f-4479-bbd6-f334acde367e","12182","","",""
"21dc5002-f3e4-4794-8dbf-68c1488fb52f","12183","","",""
"27193100-ec8e-42dd-8539-773ebf628394","12184","","",""
"7e7c0204-558c-4414-bd43-5ae632bdc382","12185","","",""
"d114ec44-2ae2-42d1-a5c5-f986d5bdb783","12186","","",""
"2286b24f-7c26-48d4-b826-e4edaaf77cec","12187","","",""
"1ed855e0-7553-4efa-b0a5-c470fd0d35c9","12188","","",""
"24cb3d63-a408-4279-857e-55b2d52413bd","12189","","",""
"9b03409c-8708-480f-96c6-624f0ddec82e","12190","","",""
"610096bf-8967-40ae-8475-6eb92d32fbab","12191","","",""
"0701e6ed-d9ca-4c81-af9b-bbbda4ca554e","12192","","",""
"354c21e7-edb4-44ae-b121-dbb0032db71d","12193","","",""
"0027ebb6-c9df-4119-b001-2ee025b05ef1","12194","","",""
"bccbd9a9-cc7d-42e7-a428-bfdd2a760d47","12195","","",""
"5810af52-bd90-41ad-8ef5-4b49832868c6","12196","","",""
"1cbe128f-2ccc-46c1-87d1-cc7ba3dad906","12197","","",""
"40409af7-122d-4f59-bf61-1cb00e296c89","12198","","",""
"1cd15e7a-bf81-46be-9909-25310fdce1f0","12199","","",""
"3477dfcc-5d44-48ee-941b-f528f343ff70","12200","","",""
"fb086fb4-9f44-4a17-8e28-c2927924ff2a","12201","","",""
"5d009f7c-990f-468c-bdc5-225a59f365fe","12202","","",""
"4cb01fd7-b3b3-4a28-880e-8c0ba162fdde","12203","","",""
"e39a9591-3a53-4a16-8837-79f6bf5e34c7","12204","","",""
"f2b93903-3ec5-4de8-9f7b-812610da650c","12205","","",""
"6d29b32c-de64-4344-aabb-715efe8dc975","12206","","",""
"65235fbc-5832-48d1-b0ae-1fde3d36118f","12207","","",""
"dfe704e6-3253-4967-8677-aaa9b692b602","12208","","",""
"00652fcf-a4b3-4e68-ae11-cdcc36c85129","12209","","",""
"cb6e807e-438b-405a-9d79-242f58134c5d","12210","","",""
"e8154b61-bb54-4376-9f35-dd0aebb630ac","12211","","",""
"bbe292cc-5e43-4bc3-a035-6e420bcc6321","12212","","",""
"9fc4778c-95f6-4a0b-a79c-ad56b2b120ff","12213","","",""
"0e30715e-7fb8-4875-bcaf-210d36a4a052","12214","","",""
"1729030b-6664-4e80-97cf-124b77c7c1d9","12215","","",""
"e574a8a3-e656-4f4d-9e87-e91372e3e3b0","12216","","",""
"58a9c39d-7a58-426c-86c6-b640e111b43f","12217","","",""
"664b7d35-fdcd-49f4-b5e3-f17608dfd696","12218","","",""
"c05616bd-abb1-4aea-bb1d-97298e884626","12219","","",""
"bb068c36-b503-4501-bcd2-20092604488d","12220","","",""
"cdf3486b-39bf-4fad-a659-23fbd954be72","12221","","",""
"a1f3142e-1993-402c-be24-4d2265cce795","12222","","",""
"5574516e-dfc6-47d1-b536-421ff03d538f","12223","","",""
"142b1ae4-410f-436f-837c-d6ceae1ee3bc","12224","","",""
"0cb3928f-8120-4564-b6b3-ac70671e6de2","12225","","",""
"b7de6158-dde4-47ed-920e-975259db7a25","12226","","",""
"70aab3e7-7653-4b5a-a2f9-8328c51200a6","12227","","",""
"d28fda31-5f7f-4183-930c-e7eda40fa19f","12228","","",""
"aac8177e-c035-4fc2-9aca-feaec6251b53","12229","","",""
"7dc23f79-7e60-4e35-b46d-13c76197aa8f","12230","","",""
"e371ad39-b83f-4783-b6ce-4568bd1d7595","12231","","",""
"bc297422-c3e2-4489-aa06-994c063174e7","12232","","",""
"0b367ecb-ac65-4ea4-8f3f-a5516ef931f9","12233","","",""
"0cde4656-9ed5-48b5-bfc3-d191d3850173","12234","","",""
"a9612e5c-d38e-48f8-acec-b83d433a24a9","12235","","",""
"5807d156-5740-4a75-975e-55a072bfe24e","12236","","",""
"8c87b491-a7d8-47d5-ad66-46956a41339b","12237","","",""
"e3a15ba0-4698-434d-80e2-8fc3d4908f63","12238","","",""
"8f486286-cc54-404e-9865-8dab9325039b","12239","","",""
"88560920-ba10-4016-b62c-2740570de78b","12240","","",""
"00a32bac-4da4-400a-a407-d7e91c7ecb54","12241","","",""
"0b4ede30-6283-484d-a16c-569c283d2879","12242","","",""
"e22ad986-2471-488c-8924-6eed99eab24a","12243","","",""
"57b59ce9-7b88-4325-b50e-b45e33ffb404","12244","","",""
"1612cdd0-d1d3-4277-b054-23846417f295","12245","","",""
"3f672af5-4bd9-444b-a0e9-7d092a7494d4","12246","","",""
"3b43f2f3-255a-4a99-919e-cc66a1edaedb","12247","","",""
"306aaa86-b347-41b0-9310-cea4b938daa0","12248","","",""
"6ef5a186-78a6-417e-975a-52a040e100cc","12249","","",""
"2f8b455a-2c7b-4aee-a26d-123f2a5e365e","12250","","",""
"c11ffd4e-5f91-4622-ac7d-8395d8d73583","12251","","",""
"210c2adc-a6c4-4f9f-9ca2-64884c61999f","12252","","",""
"249ee025-f3b2-44f2-a862-aea41a7840a0","12253","","",""
"d11fdd48-2e78-4787-8061-c34adc0a7925","12254","","",""
"00b86a09-d2e8-4698-9efd-a098833fbb95","12255","","",""
"124e9052-6820-43ec-850c-ecff12bd3510","12256","","",""
"f571dcfe-4eed-4bf9-b5f6-4800308949b6","12257","","",""
"3f1a26dd-260d-400a-bccb-50bca51772b9","12258","","",""
"1cf852f3-89e7-42f0-9cda-337c825fa781","12259","","",""
"8e964468-d9c0-408f-8bde-015837641930","12260","","",""
"84b7ff9f-0ebc-46f3-9f5e-ebb224ceab0c","12261","","",""
"2f6a9fae-c63a-493f-ac26-8d20e201343a","12262","","",""
"db91a63a-ae25-4c26-87e9-ff0a572c8734","12263","","",""
"12fcb4a6-f190-47cf-a634-c654c7afcf5c","12264","","",""
"27fbad7c-cd44-4150-a44b-209e92c02660","12265","","",""
"f3a74bfb-1e20-4478-a0a2-80263db0cec4","12266","","",""
"80667f63-4265-4112-b685-4af0432c5913","12267","","",""
"174bee4d-916e-4883-8781-e5cd1b84bddc","12268","","",""
"21ad8d48-bf67-45bf-a239-0340c8ce5447","12269","","",""
"080c0d83-09bf-40d9-93d7-4efc47ea288b","12270","","",""
"effc6161-ff56-4a98-ab9f-22c2d7e84f97","12271","","",""
"1460cb29-2964-4ca4-adab-f7e59508bbea","12272","","",""
"4f2a57ef-a737-4b40-9af5-e6d8d4aee6c1","12273","","",""
"643c39f3-2bec-46ed-a8ff-083cc22d1135","12274","","",""
"9a263164-e31c-452e-9c1b-f6399bf71595","12275","","",""
"0db915a1-f7e5-4804-aaaf-0b4192ed7a31","12276","","",""
"07c5b613-8035-47dd-92c8-494f153a0071","12277","","",""
"81147c55-2209-40d0-bd02-eabaeb84b552","12278","","",""
"8f2d92fc-2e0b-4cd4-9164-727522900fa6","12279","","",""
"3628b641-6d46-4377-b4bf-610685cbee17","12280","","",""
"33fde004-71a5-42cd-b871-a71e7a7879f2","12281","","",""
"31f3cb52-ca17-4236-8d6b-b7a3c1a373a3","12282","","",""
"644b4c74-810c-43c4-8264-80436b5c48d6","12283","","",""
"9c13f9cd-673b-4059-b86a-f1256ba74810","12284","","",""
"1c6680be-026c-44cf-b787-a914a149b4ce","12285","","",""
"f6c0f0c1-a547-43a3-b0b1-2ff908489dda","12286","","",""
"c268b460-fb24-4939-9360-91764f1b1055","12287","","",""
"910417cd-cf22-41cf-9dcb-dd9f974b72bd","12288","","",""
"ec972392-494a-45f3-bc15-c2b21e086a37","12289","","",""
"0b20a002-7bd2-4e39-8661-209898b76ea4","12290","","",""
"b14ff2cc-fa46-455e-9212-56ebf314717d","12291","","",""
"c05f15de-d41d-4067-93ad-67d348e472ac","12292","","",""
"027f4493-c014-4959-a703-bcc31dd12c51","12293","","",""
"14548b7a-b6cd-465f-87d9-4bf88bc40144","12294","","",""
"a658c871-2248-460b-a583-c481aa9341f2","12295","","",""
"6da68852-41b1-4a55-b6ef-6945aff669ab","12296","","",""
"1ea1481b-42a9-4e20-aefe-95521b5d5de2","12297","","",""
"13413897-d1b1-40a7-ae27-bde6573d305a","12298","","",""
"aa9a186c-1611-4d0d-9766-867b50f52235","12299","","",""
"02fb76ef-9da1-49d0-a969-960ac1e93ddc","12300","","",""
"55c5a295-f474-4eb4-af82-67c196ee521d","12301","","",""
"ae61b496-1fb7-4e67-a4ef-b151118256ca","12302","","",""
"9546f2a1-11f3-416d-b318-18ac716629ba","12303","","",""
"e4ebc410-f6ae-4eef-a1b2-856042a170c5","12304","","",""
"b41fcc94-0921-4ea4-a74b-f8f49dbb4376","12305","","",""
"72e52a25-2885-4ac4-a3ad-93053d804c76","12306","","",""
"291b83ba-5811-4b44-985c-a5657a1cb37c","12307","","",""
"1db26a99-ccf5-4ef3-bbd3-739872d1d36c","12308","","",""
"ddff212c-4e29-4047-ab1a-c5a8e943f62d","12309","","",""
"dfd153e1-f8d0-4d26-9447-ad203dcac60a","12310","","",""
"9cf1020e-a861-4475-95b5-63edc51fc47b","12311","","",""
"5900f181-c286-42a3-a69c-007d3eb016fd","12312","","",""
"9de5e0ed-964d-4e91-8be7-e36c7a85904b","12313","","",""
"4ccabdb9-8756-4f6d-82cf-4fada396c103","12314","","",""
"e03e70ac-c6f6-4ae0-ad50-8e28b8856747","12315","","",""
"dc76d012-795d-4dbc-a588-9e32a35dbfc6","12316","","",""
"04916610-d9ce-4671-8936-af038c8b86b9","12317","","",""
"877e0df2-b318-4532-b573-497a8b98bf25","12318","","",""
"4da10e09-baa6-41be-916b-1700a27353e7","12319","","",""
"f4fa7de8-99dc-435b-8326-4a69b8821050","12320","","",""
"56a791d1-9c80-46de-9e69-47c7dd887e8b","12321","","",""
"e036d947-fa93-4368-a53f-751897cad39c","12322","","",""
"cccaad99-c5fa-4d14-a383-6cd87deb7025","12323","","",""
"541da525-ac33-4ece-b97a-68aa520c7ab6","12324","","",""
"8d6ff388-5c1d-48e0-ac90-ea4b5783a874","12325","","",""
"bd06f75c-8990-4554-a97c-2d258af60675","12326","","",""
"a5c19a80-70f5-4ae5-abf4-948976129fb5","12327","","",""
"4d282e8d-c578-4fed-b3b7-b0c4f2487678","12328","","",""
"f05dfc56-f176-4c44-b3ac-fc1e59e8d6fc","12329","","",""
"73cae058-260e-4dc8-80c8-02a2d578bbdc","12330","","",""
"97cd8bcf-be3a-457a-8b14-f44aad01cbf2","12331","","",""
"74fc69e8-da6f-4e80-9b41-e947e0b21ded","12332","","",""
"61cce559-7fba-4355-b01a-998bfcc63f2a","12333","","",""
"a9ef365e-2b51-4427-943d-d528412412b6","12334","","",""
"207f5729-a21a-4366-81f2-b5f380ed1c24","12335","","",""
"07d9212e-1c0f-4e7f-9d8d-b03de4a97949","12336","","",""
"69b1110a-c7ec-4cdc-b464-a46b948c1b8b","12337","","",""
"e761e229-4354-403d-a3ff-995fc1535293","12338","","",""
"0859acdc-3856-41b8-8408-fbe6a55caa5a","12339","","",""
"8ede1f43-ac8f-471b-aeb6-788067b48608","12340","","",""
"a4612e4e-7632-4703-a8ba-be2f8648a766","12341","","",""
"9a748c7d-6e3b-4d80-851d-28e06a9dd4c9","12342","","",""
"22fd0f31-e761-4341-aae6-bc32f72c16f3","12343","","",""
"0cd76ba7-23ce-4bc8-99c1-3af77b72b6d9","12344","","",""
"b4d587c3-0b79-476f-8ebb-ddf5b3cf635c","12345","","",""
"59ccf58a-d441-4c58-becc-71c08246d453","12346","","",""
"0b3dce9a-813b-44ed-b3c4-90ceb5fb5a1d","12347","","",""
"7565178e-90f7-4508-8dc5-71fe7549b7e1","12348","","",""
"5226f31c-8c93-4208-8097-7905a2714b68","12349","","",""
"baa6e222-c387-4d54-983b-40718a6c6cda","12350","","",""
"0fc0ea8b-9591-493b-9368-cb76f787ce68","12351","","",""
"ccd5fada-605e-419d-bfff-33771b4190c1","12352","","",""
"3d96b7e8-0407-48a8-b9af-dc432914b5f2","12353","","",""
"23b125f7-277f-4b0f-882d-45bf11c242e2","12354","","",""
"40f991c6-b294-4e46-8f64-dd10834302a4","12355","","",""
"04bbad22-44df-4773-8711-a89ec63f52eb","12356","","",""
"15207fa4-473e-4419-8afa-0e06c6ac34b9","12357","","",""
"8f5582eb-53ad-4b00-b875-171864ace7b4","12358","","",""
"93614df1-90c8-459c-b886-674d4dd5a8ff","12359","","",""
"6f6d4a15-226e-4e98-97fe-50712ae39280","12360","","",""
"8701b49b-7f51-4458-950a-6cef4f41d407","12361","","",""
"ceabea1d-47c5-45fe-b209-b67ebe24a966","12362","","",""
"aace699a-b4c5-4a43-a6c8-1143a3563356","12363","","",""
"22647a3d-39ba-429a-b1bf-d1490cff3b5d","12364","","",""
"6b4b5ce8-90a3-4b0f-b627-52a5cbdc601e","12365","","",""
"a999897c-43b4-426a-a953-d23f48eeb552","12366","","",""
"09568e46-8af8-4299-a5bc-47971e5a4264","12367","","",""
"8e893860-76f0-4f31-bc0e-35649daf1c6d","12368","","",""
"3217eed8-19d4-48d0-bb81-676d0674cb3c","12369","","",""
"426f296b-98ce-4c53-86c1-e9a3e2197cef","12370","","",""
"c04bd071-0d3d-4522-8942-479d1317239f","12371","","",""
"ea0e7c82-acc3-42f4-9301-0526da319825","12372","","",""
"d73dd837-a7dd-40ce-9c61-015927a35259","12373","","",""
"2006d235-0a91-4e16-bbe4-9577a2643407","12374","","",""
"38292c4e-f008-49d7-8b49-ecee9af1baf6","12375","","",""
"166e2f97-771b-4c85-9c99-324fefa3404b","12376","","",""
"cf27797b-becf-409c-8b38-048970edbfff","12377","","",""
"98a9ab1e-cdb5-44b2-b2aa-fd7d7e66c6e5","12378","","",""
"29671509-8736-4bca-af78-964238cbccf7","12379","","",""
"aad25c7f-ef47-47db-9d4b-2519247fe477","12380","","",""
"aa166cd1-485c-44bf-bf1a-4e2e117946d0","12381","","",""
"7ba3fc9f-c888-45be-9f82-07124a4b0a5f","12382","","",""
"068419ac-096b-4b5f-95a0-335e23c6421d","12383","","",""
"ac81808c-3ab7-45e9-9b9a-a9cd1a69ef32","12384","","",""
"83398533-ec01-40cf-b8c2-26ec16ebcbda","12385","","",""
"1dae7e7c-6cb9-4837-b6f0-4f69c9b76e44","12386","","",""
"14a3ff20-ebea-44ab-adcf-4c3933dbc9b3","12387","","",""
"9d2faf71-b341-4ac1-83f0-4efe77569bd6","12388","","",""
"aac5b343-344c-4d24-830c-7abc6ee86ce5","12389","","",""
"0a7db855-0508-473a-80a0-642b149112be","12390","","",""
"ae1a1d4c-c0de-4f02-afb0-c1973140cf8c","12391","","",""
"4bcd022e-ec03-40dc-988e-14789b10e332","12392","","",""
"764ae9c5-2edd-41ff-8dc7-d0f186304a94","12393","","",""
"55c6979c-77b7-4652-8cb6-44f9fff3b3c0","12394","","",""
"02ff7986-6e68-4934-8349-bfb0e97e7662","12395","","",""
"60d0b53f-1470-4742-9a77-2757a0978c95","12396","","",""
"d17bfd8a-0d8f-4658-9c34-d27bf5c4a956","12397","","",""
"b5b050af-b1d0-4071-828d-d6be1f1f547e","12398","","",""
"09eca379-dd79-4da9-a05a-6a782dff1c2e","12399","","",""
"51c89e39-eef3-40c8-93c4-757c5eb0a910","12400","","",""
"36e32b2a-1c0a-476c-af1d-2c7eda49c271","12401","","",""
"10360131-7130-4a44-b296-2d4f92a71c15","12402","","",""
"8cf2ef93-dca0-4c51-9f56-8444614a875b","12403","","",""
"6dfa0c21-e7c1-4045-a71a-c463088b4b92","12404","","",""
"64a4daf3-f531-40a7-88e6-9d0a04cfe56c","12405","","",""
"8e21c4ec-6fda-496f-ac4a-8e928ab69c68","12406","","",""
"52ec1e8f-1660-4fe1-86e9-26e26b2c6538","12407","","",""
"9dc36f15-8b4e-4b11-b19b-6c1c8427135e","12408","","",""
"9168c19d-9ba5-433d-8863-23dbe607dc90","12409","","",""
"5056b616-3a64-4a03-985a-773c9e7f5e93","12410","","",""
"6444cff4-ced0-437e-b96c-52393b2e01a2","12411","","",""
"9ef33824-cbc3-41d7-84b0-7a365cf8c127","12412","","",""
"5fbcce92-bb1e-4595-8629-08e4b7edfa5f","12413","","",""
"eef992fd-7873-4117-8bf2-9f1704190684","12414","","",""
"37b9e4ae-dd1f-4bf7-950e-0d8cb5858cc2","12415","","",""
"462c88a4-6df9-48e3-8461-098f1d47331a","12416","","",""
"4b39dcba-c55f-4d50-ba96-a8923a159389","12417","","",""
"893bd092-c398-4e33-9688-5789da19ec49","12418","","",""
"53dcfce5-4fc3-49e9-b2f0-1155aa55780b","12419","","",""
"d702df41-29ee-493f-ba62-d883b5f2c9fc","12420","","",""
"11a72f18-cefc-4346-a58f-b1907845afbb","12421","","",""
"2b6d80f2-8024-4daa-85b0-2fe6447914f9","12422","","",""
"5748ef1d-74f6-499c-a41a-6dfc66e9aa2d","12423","","",""
"8da60d0d-bc1d-4384-8f2d-fa4d56ca1d27","12424","","",""
"7c4e0a7b-25d0-4404-8c66-f2dc68c2e87c","12425","","",""
"7298be52-57d7-4c9c-b430-e8e0275605c0","12426","","",""
"5b180e4c-adf2-45b4-b1db-e14e9cbd79d8","12427","","",""
"f3e92e2e-d70b-4442-817e-439e61de7b17","12428","","",""
"f945ca86-0a08-46e5-8476-b7efb03fee68","12429","","",""
"8054e23f-d112-4b6b-b0ab-26b689e9d231","12430","","",""
"ba138d2f-4a08-4cc4-bc1a-9936e7233c0f","12431","","",""
"6372925a-7166-45b3-806d-7deaaf863956","12432","","",""
"736d2290-a878-4bc1-936d-891c466da847","12433","","",""
"47570ee3-642e-426e-a802-4745c54559cd","12434","","",""
"a3e4f238-83af-4bd1-9dd0-dc12c6b4c215","12435","","",""
"e6e1162b-66c4-459f-8d06-474d98419410","12436","","",""
"d7ab422f-d3e7-4ad0-b372-680c3fbba23f","12437","","",""
"735a5cef-0af9-48c1-873a-980373c27159","12438","","",""
"fcc8029a-49dc-453d-865d-04c9516a23e5","12439","","",""
"b7f7577f-7169-450e-bd0a-0b26ffa1674c","12440","","",""
"dba1861f-d11c-48c4-a7ef-331146a3b4fb","12441","","",""
"48ca829f-54a8-4c40-a5a2-ba578135ba07","12442","","",""
"8cffda41-ad88-45c2-971d-321b439dd50c","12443","","",""
"84080f09-9a30-4879-b40a-cb55d7f8c0d3","12444","","",""
"7391a12d-a713-4a81-8797-d9d0f0c6e558","12445","","",""
"9f82309a-6676-4cff-9aa7-f00e2d96d584","12446","","",""
"fa93b1ac-0af2-4d1f-9569-c26b5d076409","12447","","",""
"37ea2c27-7e72-40e1-a808-50b1df3b26f2","12448","","",""
"d58c762c-6e26-448b-b1fc-f3ba6a454a1c","12449","","",""
"58e847db-9ef4-423d-86be-26ee3971ed5a","12450","","",""
"f79a67e2-98de-49ae-bbb9-3e3febb034d5","12451","","",""
"322905c6-bcb3-4632-a169-55b422d3f685","12452","","",""
"87749491-bf90-4e41-b898-95b91bdc28ca","12453","","",""
"f3835d3d-6b83-4eb0-8ada-d62025ae1fa0","12454","","",""
"4f595bd3-c38a-479a-8138-217332ef3ced","12455","","",""
"dac25b63-77a0-4f1c-ab72-c2b75925c860","12456","","",""
"bb410d2a-d482-434e-ba14-bf3635d3504d","12457","","",""
"b1b60ba4-0015-4bd0-9cee-53b6d76ac1ec","12458","","",""
"c5e07ab5-1dee-4302-91f4-b27c8e036595","12459","","",""
"05d3aa08-2357-49b2-bd9b-f8359b9f8ca9","12460","","",""
"1307f2de-56d1-40ba-bcc3-c3f30f4d1093","12461","","",""
"db237972-a037-4266-a8c3-cd71175f3a02","12462","","",""
"46370379-e8f6-44e5-a0a2-309416aea512","12463","","",""
"0d42be83-f871-40d6-9c18-c8a07d2999df","12464","","",""
"c223b154-e6b3-42a3-a499-f2df0e35040d","12465","","",""
"60bf159e-a28c-4600-9efa-6d7ce1296feb","12466","","",""
"79af9412-e96d-4177-950f-817b37339cf1","12467","","",""
"fc865696-0464-44c9-ac8b-cda6645bf812","12468","","",""
"c3084088-5ebe-4f9a-9c9c-415b2575cbad","12469","","",""
"2ab81df4-92e4-43e3-8ef1-8ccfa63003ba","12470","","",""
"7cc2d59b-15a8-4b17-97e1-5a78c075dc6e","12471","","",""
"e52a927c-e177-4b07-9992-8479e34a71d5","12472","","",""
"966816a3-bc37-4327-b72f-89a3e603e92b","12473","","",""
"6728ea59-12fa-42c3-8395-a89a48a3ae41","12474","","",""
"2ef7c79b-3365-49b9-8d77-50195918f302","12475","","",""
"bfa91e58-1cb2-4e98-acfe-e0b426689d29","12476","","",""
"a4bb68e2-14d3-49dc-84aa-5d14614d215a","12477","","",""
"1167b9ec-09c6-43b5-816a-54a149b79d06","12478","","",""
"70dae476-f4cb-4f32-9009-2407a44ddf81","12479","","",""
"eae2c29c-648c-4299-911e-ab5bbb7a5241","12480","","",""
"62780321-a84e-465f-b792-d7aa64e1afc9","12481","","",""
"2126c139-8da4-4445-919a-2ce04b2c5727","12482","","",""
"d29532cd-4647-4c6f-8670-299eca587998","12483","","",""
"f95c25d4-38b7-48df-8d63-593ca5391cba","12484","","",""
"c6c5798e-4f23-486a-bd1f-d16fcb04c6bb","12485","","",""
"79efd310-17f9-4758-ae2f-d628ab604f0b","12486","","",""
"8029c55a-4dc9-443d-861f-21c11cb9d80b","12487","","",""
"def61f00-57dd-490c-b714-4b8c8cd2ba68","12488","","",""
"72217580-d6f7-4297-a27d-405e6adc28f6","12489","","",""
"0671f58a-a14d-4938-88a4-be851dbbfc90","12490","","",""
"b6e90e3b-42e0-4cbb-b09b-6720f89a7217","12491","","",""
"25e39421-952c-4ad4-bff7-ccbe061be126","12492","","",""
"36dc7633-8202-4ce3-a350-3d19aa83c526","12493","","",""
"2e501ba5-f9e6-4851-b1bf-a18801e4cdfb","12494","","",""
"bff15375-65d0-48f0-9d9c-1661e0d46c0f","12495","","",""
"c0844378-dda6-470a-832b-a824ea6da39a","12496","","",""
"0a76e7ca-65fe-41ba-acc2-d04504bf1456","12497","","",""
"90c72c63-fdf2-46e3-bc4c-b3774da3f66d","12498","","",""
"e2d10321-b36b-45c7-8173-c9ae01e1549a","12499","","",""
"a4d61138-c9f9-4624-bebf-46eb64d48d80","12500","","",""
"79d3b3a2-9ce5-4d78-8fba-cfbaeb60972d","12501","","",""
"adf0565d-d494-48ba-8a35-55ba8c2f4023","12502","","",""
"bbbbd80b-5ad0-41a4-a049-5d2d8d31e7c7","12503","","",""
"9dc8ab03-7c41-4e2d-8a56-0cf9627bf2c3","12504","","",""
"5edc816a-ee7d-4fff-868c-d71eca97262c","12505","","",""
"4b12a4ab-6a1b-4414-bdd0-9474dd73b6f5","12506","","",""
"13459dd4-c3bb-4db4-b5ac-45b335abe6af","12507","","",""
"93c81855-6b01-443e-a875-6db29d59ed34","12508","","",""
"9052c6cb-35d7-494f-b7e0-9a2ab753d507","12509","","",""
"63ee9442-f126-4bbd-931c-3929bf299371","12510","","",""
"95cf5bd7-4722-4d47-a964-354c251acced","12511","","",""
"8ed91371-4d19-4353-a386-68649d407030","12512","","",""
"52abf591-94cf-402d-b417-e58c6056845c","12513","","",""
"ce2f2451-22cf-4152-8dc2-5551c7838b17","12514","","",""
"7df391ea-f568-41b1-9929-446f97cffe3a","12515","","",""
"0463f7d6-5c0d-4433-a358-401a262635eb","12516","","",""
"5ecd452a-d85d-4190-b477-5d43bf6e8d91","12517","","",""
"6b038a76-a399-4f5e-84ae-635651ba29d3","12518","","",""
"b1c58e54-e4ac-4a3d-84c6-74f5d481a58a","12519","","",""
"1ad6b3c6-13ed-46ab-a9f1-cfd3df228bff","12520","","",""
"4e38b4fc-9d3b-4403-9c95-de8adb19938f","12521","","",""
"3d551877-4317-4fa9-9636-b209e60870c6","12522","","",""
"e9f1e819-efd2-4648-8525-21c572e64f8a","12523","","",""
"e310066b-2179-45d5-8670-087c8cb3f6a4","12524","","",""
"207f9f80-ab90-4ac2-9c25-3f1f6b4a46b7","12525","","",""
"ff558531-3339-4ba9-96b1-3c4667be2e7d","12526","","",""
"b42340c9-0150-4c27-81dc-c57efa92f1fe","12527","","",""
"33bb479d-d2ee-418b-b8f7-2e63045091f0","12528","","",""
"ea477aea-c4fc-471d-80f0-399b212a5a7d","12529","","",""
"bc3333a7-abd6-4ea2-8cad-e385675fc5e1","12530","","",""
"a754ece8-e780-4660-bb9e-d0c478041000","12531","","",""
"ecd9b55f-4174-42d3-8c65-b4971d930ed5","12532","","",""
"131f4a38-ed01-41df-a998-36612caaa097","12533","","",""
"6ef25900-9054-4028-a547-632b4430d548","12534","","",""
"536124f2-2ca8-402f-b1f3-6feebef428db","12535","","",""
"e5020b35-52c2-461e-bb91-0a5334f04ba7","12536","","",""
"14cb597e-b22b-48c3-aa28-584fcce8809b","12537","","",""
"d8edbb8b-87a2-403a-9999-79f91330c800","12538","","",""
"1155cb64-656c-4675-a629-56ba752a8d46","12539","","",""
"b48610ef-3239-4ebe-84e1-4e21cf0e1225","12540","","",""
"6fe844db-8a8a-488d-838b-3742db072cf7","12541","","",""
"9ecc7039-bf33-414a-a861-741f7e5822fb","12542","","",""
"003bd923-e64b-405e-8371-a5826b3e8f12","12543","","",""
"dda6bbe2-6e89-4df4-971b-765e57b50d1a","12544","","",""
"6d4258a5-b665-43f0-9a31-2c933c741a71","12545","","",""
"104cb90a-157b-4181-a0d5-9d3cc70de6c8","12546","","",""
"3fe019c8-dc31-4d1c-99c6-a3963c48ae70","12547","","",""
"e56b4a80-92f9-4c23-88ec-990a0478d0b5","12548","","",""
"399ca567-9f4b-4e03-9e75-c324bf58fe77","12549","","",""
"5bc6e86d-b07c-47a3-89d1-e4b3b2309400","12550","","",""
"aff4b888-4add-460f-965f-a9c79474bcb6","12551","","",""
"8e58a7a7-595e-427b-875e-db9ac5373006","12552","","",""
"6d959560-50b2-42fc-a3e3-c941398dc29e","12553","","",""
"ff28fd88-69bf-49f7-b4a2-d9e71961c365","12554","","",""
"9bd2091d-4272-4ee6-9440-c9f57b9f0034","12555","","",""
"8ec33e27-1ca8-4f78-8865-34c40c753664","12556","","",""
"8e90c45b-f63c-4081-8a03-e0631600dc9b","12557","","",""
"9c96cee8-a846-433c-8bc4-31c727f32b00","12558","","",""
"45053d16-0f3e-4b96-8029-8b3d8afb15ea","12559","","",""
"1a41b57f-e22e-4132-a522-de74f8581aef","12560","","",""
"3d90d96b-e281-438d-aa98-f8f17060c2e0","12561","","",""
"8386421b-5254-4f0b-b17c-730e14022e45","12562","","",""
"da43536c-8022-4e2b-a458-e2487ea1cfbb","12563","","",""
"b622c512-8809-448c-a3cb-029746d8144c","12564","","",""
"e1292a2e-7b11-47a6-ac03-f61bb35225e3","12565","","",""
"63e2af9f-75cc-4674-ac00-467dcc2d5733","12566","","",""
"277a9937-c3b2-47bb-a050-2c6911d38ada","12567","","",""
"92d38799-745a-4d0a-bb44-11d2b7eaf0ed","12568","","",""
"2d23f8cc-379a-4571-8216-0ca4b51d72f0","12569","","",""
"2cc0e12c-32d6-4151-915d-02fadedbce6d","12570","","",""
"eb1ee65f-b76a-4bdc-9055-67f1a39c8dc7","12571","","",""
"8b10254d-68ae-4174-aacb-023145181f23","12572","","",""
"630f7582-7186-468b-8409-3ade52d033bf","12573","","",""
"bc868d62-e379-4184-a93e-574a98fbebe9","12574","","",""
"cc754f8a-744a-4a74-bedc-62ae817687d2","12575","","",""
"9dff412b-d54d-4063-b954-6805526883db","12576","","",""
"d604aaf6-2adf-4ba9-b21f-20272e3ec23f","12577","","",""
"d4465b76-9dce-46a4-a468-19907ca21e8b","12578","","",""
"9f146d75-414c-4d31-8a13-178314a0b675","12579","","",""
"15b0e0a6-ada6-432d-8940-f4b2cdacd566","12580","","",""
"a41a4581-e5ae-48d2-a350-c383e7dbeb91","12581","","",""
"3cd0ca5e-fdd4-4e3d-91bf-7e9ea24ea7e1","12582","","",""
"8d4f8be4-88e1-42c9-9101-fca3acac0a20","12583","","",""
"93ee2d0a-9abd-4b13-a91b-543c7fcb5728","12584","","",""
"47fa4493-4633-4249-824f-2ea585a5267f","12585","","",""
"b94b781a-16fc-494f-bcac-fafd85ce12af","12586","","",""
"ee5046bc-fa83-4e5b-8ab6-81c4c33ca001","12587","","",""
"8cbf85d9-5332-421d-9e73-9950a2a6dfe4","12588","","",""
"b8e1932e-7648-490b-b2f3-428d7ee72543","12589","","",""
"b0ba6166-6c13-4741-9b06-ebe1fb53f6fb","12590","","",""
"aabb531b-9253-45cb-a206-a2d66ccc246b","12591","","",""
"dda14853-43b5-433f-ab70-019cf3f23daf","12592","","",""
"cbf6d5b4-def1-43a5-8cc2-35e28007fd03","12593","","",""
"268d1639-00a9-4f22-9e51-d886270e14b4","12594","","",""
"c2670357-7822-4c04-8d51-30d10828944c","12595","","",""
"5e72de9f-662f-430c-b6eb-f84aa49c6dcd","12596","","",""
"15cd0962-e8ac-4d69-b3b6-29fe26daa335","12597","","",""
"fe0ee35b-41f5-4683-8b05-bf72e6f046e2","12598","","",""
"cfe72a7d-8e86-4233-8b14-f0bd402c18fb","12599","","",""
"117e6b2e-e999-4301-80a5-0f02e1497e2b","12600","","",""
"3ef39f46-b355-4e1a-bacd-0b6280d50aaf","12601","","",""
"91844187-6a08-46c8-9f0f-9ca9329e8ca8","12602","","",""
"a7a5d4bd-c776-4462-a6e9-48c39a876c7a","12603","","",""
"36145883-aa10-4ba5-8bc4-9c0b0082d8ae","12604","","",""
"1cbafb9e-f7fd-4657-8680-f9b1bb289c8c","12605","","",""
"9e6b470e-5894-4ef9-a818-be09dacd2a95","12606","","",""
"313a9be8-55b3-4192-999f-8cce1e324ff0","12607","","",""
"3b5a4282-a47d-43b6-8edb-4a8a245783ee","12608","","",""
"bd8342d1-e360-4311-8a19-f386104884dd","12609","","",""
"8d906eb2-5734-45a7-8e05-23030a2044e9","12610","","",""
"7a360c29-fb63-4fcf-9234-45ecfd1210b7","12611","","",""
"d2976455-ab53-4a81-ae20-8c8abb1eed75","12612","","",""
"83166de1-43d8-49f0-94bb-d72f902752ab","12613","","",""
"8f9f79bb-5342-413c-9913-20ea8c9b9369","12614","","",""
"4301f119-0d8d-4844-8ceb-28de7abee46b","12615","","",""
"bc508110-123d-407b-946a-cdec89da05d7","12616","","",""
"c7e2ddc2-3ef4-40cc-9fd4-5fd155bcb4cd","12617","","",""
"07a3125e-2c39-4238-8f4f-ed3e309e8b55","12618","","",""
"73c52d71-d75d-41de-9bb4-3acf222f97a9","12619","","",""
"a904d194-3b8e-4c00-a8a4-2e239c96ad65","12620","","",""
"eb22d93c-2f38-4320-8c63-bb9ce56f0fb8","12621","","",""
"09735662-d270-43e9-b230-d32bc70f1972","12622","","",""
"0fbf07f3-4802-4142-9295-7642b63081bf","12623","","",""
"b818e15b-441c-4cd0-bfcd-9b38cddb2349","12624","","",""
"839f5c2c-5556-4b2a-bad1-07b528d568a6","12625","","",""
"52c73e3e-53c5-4cef-aece-caec647feaf9","12626","","",""
"7710e414-b518-40f9-84f1-160e2188b255","12627","","",""
"a96d26fe-934a-459d-97cd-fc62b3d9ef0a","12628","","",""
"69a6c637-bea4-421d-ae7f-0c59b56ff960","12629","","",""
"f2eff88d-3598-4f8a-b312-6007ca6b1846","12630","","",""
"7e02db9c-502d-4171-b908-7ea8c04027bd","12631","","",""
"ecec5371-c0ae-4c1a-96ae-e4aa82d9da30","12632","","",""
"745f574a-2baa-48f8-bc3d-425a1f3ca0ce","12633","","",""
"85305f63-39aa-40b0-8f55-084404b521ad","12634","","",""
"f733064d-0b4a-4d0d-bd10-a207145974b4","12635","","",""
"f37fb29f-bcbd-4bfd-bc7c-ba9d213298a0","12636","","",""
"6d559700-829a-40b5-bc68-851c21445a14","12637","","",""
"bfa333df-2358-43c4-a0cc-a5e2ff74345e","12638","","",""
"243ec54f-ecb7-4f55-8f04-06796beef3c2","12639","","",""
"0bd1660c-853f-498a-88c4-a949dd5a3b90","12640","","",""
"b7df1d42-1863-4cff-b4ef-03367a211de9","12641","","",""
"ba4d1780-4e06-4d35-9de0-ae5b380abc07","12642","","",""
"fe749fb7-df2b-436b-adc0-8f095def1cc9","12643","","",""
"f262b13c-fe41-4ad9-8877-cafdfd8e408d","12644","","",""
"169ce907-07e9-4cd9-9446-2ed20b22c3aa","12645","","",""
"0ff1d33b-0cf2-4c79-878f-2579e7ea86fb","12646","","",""
"2c524696-28b9-40fe-8436-18b43a629e70","12647","","",""
"8b309bbc-efc2-4337-84d3-67d56e873a01","12648","","",""
"a28a8bd1-5b5c-48d0-8799-d353c3241df2","12649","","",""
"61ba7864-ce35-42f7-a02c-2f88047d6ff9","12650","","",""
"6aef2cf4-cbd4-4447-8fa2-1fd216f8828a","12651","","",""
"b754ecc1-10ee-4f44-b139-58aef0466448","12652","","",""
"96755d64-5ad5-44ef-86d3-d6655299012d","12653","","",""
"d0744140-2a71-4291-ab5f-08bef5bd65c6","12654","","",""
"1984ee3b-92d5-4562-9a65-4e13acff0f4f","12655","","",""
"58e52aeb-895d-4669-9d6e-caa8543e0517","12656","","",""
"42540aaa-5adb-4854-91b5-3365ee953509","12657","","",""
"4aef1f69-18f1-4777-9352-4549ba3f35bd","12658","","",""
"ec1c2578-e5da-4f75-adaf-237a7de2d1a9","12659","","",""
"5ffb663f-4b28-48b5-8a88-d0fd125a8601","12660","","",""
"34291336-62c5-4a2f-a4eb-1c0d481db667","12661","","",""
"8ff63827-83ce-40e8-ad12-70986120b226","12662","","",""
"5f8c132d-7820-4c13-9c52-e9aafe258c87","12663","","",""
"14550177-dbbc-473d-96be-df941c75c08e","12664","","",""
"7cf53090-89b3-4356-90d3-2a493f1ed7df","12665","","",""
"bb420ef8-9a04-4db1-81a1-56a5c0f73379","12666","","",""
"590898fb-ecc7-4c0f-bc4c-7461b46b9edf","12667","","",""
"625333ae-ad82-4ef0-b8af-044564346cb1","12668","","",""
"ac84b2a9-3d4d-4a96-adb4-b7b97c9ec54e","12669","","",""
"4120e68a-77b5-49fe-ae55-f23f02d7e4e2","12670","","",""
"056ead79-8477-4335-b80d-83eb71937446","12671","","",""
"552c9d10-0119-4c65-9e1b-8aae902055dd","12672","","",""
"a26746ab-1404-4760-b5fa-f6501dd0cf33","12673","","",""
"33fac707-b2ac-450c-845f-3760a89b8b44","12674","","",""
"ca3d5ace-77a4-414a-ad29-6274eddae487","12675","","",""
"faf9c3cd-c393-4b3b-b980-481712feda64","12676","","",""
"df14e630-91f7-42ad-8b24-f12d98b0325d","12677","","",""
"4b370453-bb92-46af-9d29-3ba0f5d3da91","12678","","",""
"de348477-82de-47dc-95fe-02651fa6a25e","12679","","",""
"1a7f197b-e870-4b4d-8666-1139461419d3","12680","","",""
"5f00551b-98b7-4a03-ad46-043206e4dadd","12681","","",""
"7f5ee94e-c372-43f5-b58b-ca48be2cd594","12682","","",""
"1ea4096c-228e-4058-b1a9-98a6336f370e","12683","","",""
"5508e74b-0f4b-45c8-9398-07e87d6ed6c4","12684","","",""
"dc0d0e3f-9c1d-402a-8a33-c50a8b1fdc92","12685","","",""
"099d2cd2-3def-4c4b-bbc5-967c101bc74f","12686","","",""
"79ab1ab0-cbda-4e90-b1f0-ea683d2a5971","12687","","",""
"f784c911-b41c-484c-a5f7-f7ea9943a4e3","12688","","",""
"78888db0-dd81-4392-805c-4ec960e186b5","12689","","",""
"8b056333-4b73-489c-9953-4c0040b6830b","12690","","",""
"009ecaac-d1be-47a3-babc-1984cf7adfc5","12691","","",""
"af07d41a-e17d-48f9-9041-09d3b5b4fd23","12692","","",""
"904dfe8b-0da4-4844-8d07-673679c414ac","12693","","",""
"3704f667-ebf8-429b-a4b1-458d18de8fb8","12694","","",""
"24fab9d2-9d54-4496-9704-2562720b977a","12695","","",""
"e3e5487f-6219-4c76-973f-0fdf427f46bd","12696","","",""
"94e333cd-996f-41ac-bf01-c6f1de9ee4c3","12697","","",""
"ce2a541d-b151-4f87-8a51-a074dcd0fe66","12698","","",""
"0a109a36-b2ab-4716-b220-f0088d502d5b","12699","","",""
"295a6326-f178-4057-9973-f09640af9682","12700","","",""
"2edd455a-7a69-4cea-b828-81e26f8255af","12701","","",""
"244196a8-baf9-416c-86e4-374134f79b0f","12702","","",""
"91c81bb8-4179-4e4a-9e20-a1d25c13c563","12703","","",""
"d2fd3a63-fc06-47ea-95b7-cbff9889047c","12704","","",""
"e2abcb43-48c0-4987-9336-2cbec2e9d276","12705","","",""
"a01639ce-d7e4-41fb-a0fb-ed4fe3165da2","12706","","",""
"f1f95a9b-5948-40b1-94d4-53b4b51d88e0","12707","","",""
"17e9affd-2609-42ee-b141-d9216eb2f5a8","12708","","",""
"d3909110-ffc2-436f-af8c-1d7621cec9d7","12709","","",""
"33be9097-9113-4ac4-9910-0fe1de27c346","12710","","",""
"66c553ab-4ef7-4bb6-85bd-2e52bbb4336d","12711","","",""
"180b2dd1-b18d-4d7e-a01c-baa8b32c07ae","12712","","",""
"c080f6ac-bee9-451c-a700-e29984842c33","12713","","",""
"8715df38-76e6-426b-8be4-ea88d4a26e6b","12714","","",""
"47e8e936-2a98-4a1f-b7a7-564204799fa8","12715","","",""
"b1c45823-1e1a-4832-8930-e0722ad3bafd","12716","","",""
"e52da994-3848-4de3-b3c1-247516a44395","12717","","",""
"4962867a-4d6b-40ff-b9eb-212469261d48","12718","","",""
"35486a55-994d-480f-b57a-a104238d72e9","12719","","",""
"8f5a0d5d-84e0-44e7-b50c-87bca4d19619","12720","","",""
"3b867819-e652-41f6-b7ee-43f82834ac5a","12721","","",""
"83142017-947e-4964-ba2f-5dd2a5ae6aad","12722","","",""
"3de69a5a-b174-47bb-b78b-c2da25a7987e","12723","","",""
"9d4a2d54-fdd3-4897-9f0f-76f8c9dcfc79","12724","","",""
"5d0c6cdf-71f9-4098-9e6f-2db86e217e67","12725","","",""
"75c2d65d-df6f-4a4c-b36f-c143127dfb5c","12726","","",""
"5ba188e7-cd58-4647-a2ad-e5eafe132812","12727","","",""
"d27a32b0-f262-4511-98fc-4e5474426588","12728","","",""
"436474b8-15a3-4e1d-a774-7a363773d108","12729","","",""
"b5dbfbbf-1b49-4b7a-bfa7-69b6a4249ec8","12730","","",""
"b8635827-2ee1-43f8-a725-a7776a66b0da","12731","","",""
"5d88af1d-6ac3-4aa0-a6b9-23c02305c208","12732","","",""
"58063a54-e6b6-4b9c-999c-e11a5fdacb91","12733","","",""
"1310938f-8e28-43c4-b305-890914125a23","12734","","",""
"669a9079-3080-44d5-9644-ebe11bcbced5","12735","","",""
"9676daf5-20d9-4174-a4f7-50b4eef30ddb","12736","","",""
"2b034b4d-77b7-4aa2-a514-40de272185c4","12737","","",""
"eb42a9bf-236c-43e6-8341-66ea902765e7","12738","","",""
"a311f8f0-5542-4973-b072-285261c423e3","12739","","",""
"47352230-a127-476b-b0ef-b8ab1b04999f","12740","","",""
"b7577bd2-b6a7-45d1-9be0-ed937483e4a7","12741","","",""
"370336c6-bb00-4968-8777-5bced7b3927c","12742","","",""
"1bd98b7b-37ea-40aa-a8df-cb9cb297a3c5","12743","","",""
"e531eee6-6d3d-447c-a919-a3994a95b984","12744","","",""
"cc469d68-bf6d-46dd-911a-9383f3136180","12745","","",""
"bd2bddb1-3c84-4637-9fcb-c88a9b936c23","12746","","",""
"eac0073b-19ce-4263-b0ba-2284ff794d08","12747","","",""
"4feacf12-f8ce-4775-92df-c018da8dac35","12748","","",""
"7e3f1856-79a3-473f-b867-210ebadea401","12749","","",""
"698358a1-1d22-4850-b637-e3582896c225","12750","","",""
"0a4eb58c-c355-4c76-a26b-08957320e451","12751","","",""
"733be6ba-3e24-42ab-afeb-b71635f5e88e","12752","","",""
"414b036b-ce98-4e8f-9f31-c48b15fe5f2d","12753","","",""
"4161fee0-c277-400c-b64e-edfbbf8540d7","12754","","",""
"54cce028-649b-4c9a-a3f7-71a997b8c74a","12755","","",""
"c0c27f98-66ba-4199-a040-18af14937077","12756","","",""
"20600a94-1e12-4fa0-9790-6a93bc536373","12757","","",""
"42211a8a-80fd-4a0a-8b65-603a9d1bc49d","12758","","",""
"c64e3cd0-1a46-4adf-af6b-f190d59132e7","12759","","",""
"6188bba2-2b74-433a-9597-a68c19eb1c46","12760","","",""
"f2aa40e1-e07e-4479-a827-fb89dd5753c3","12761","","",""
"65aa860b-d63a-492d-b77e-539ebfb5c2ce","12762","","",""
"b9dca8c1-8a48-417f-a193-61da1d27fc91","12763","","",""
"85f0928b-dbd7-405e-8b1d-eb2d4f86f7b2","12764","","",""
"2908fb28-9cc3-4cb0-8ba2-04d99cfb78bc","12765","","",""
"e8cb52d3-a53c-4684-9cc2-bca4961cfe24","12766","","",""
"69913835-2cab-4277-92cc-cc7fd3fb1209","12767","","",""
"55f4c580-ade8-4344-a108-b64d551808b6","12768","","",""
"a89f43a4-686a-411d-b127-d611b468d1a1","12769","","",""
"d1931e03-ead5-44d4-964f-1113eaec6c32","12770","","",""
"1124df10-845f-4a18-8327-793f378f634c","12771","","",""
"ab1d61af-4976-4d1f-b9f6-3dfad39d3740","12772","","",""
"ba3f2ef1-0c0a-4b5d-a73f-6187d5f8c338","12773","","",""
"e48edbcb-b98b-4184-a263-8e8d4117db94","12774","","",""
"965e9b42-2dcf-4ac2-a229-e7a7f8a77f19","12775","","",""
"1a69d23a-290f-4892-a5a6-1510dc3a7682","12776","","",""
"c4a3cf80-8277-414b-8f36-e5081b0a3600","12777","","",""
"c5199124-6856-43eb-8a89-8197029ea6c1","12778","","",""
"5a539e55-abe8-40d5-88f5-aef26047c02c","12779","","",""
"1c435960-f179-408c-936b-62d31b727fcb","12780","","",""
"4e8fb0ad-e40a-4516-a8d3-a506b0918774","12781","","",""
"b4ddcc07-aae5-4982-baaf-d9a4c32feea2","12782","","",""
"47c09004-66b3-48b4-8428-6a15924754d9","12783","","",""
"be518b7b-1d45-4005-92ad-3f162fba5f34","12784","","",""
"ca6819a9-6d55-40d6-88ec-131ac8f782ac","12785","","",""
"fe96ba42-f98f-489e-ba99-1f4a82cdaed5","12786","","",""
"4dafbbfe-ae6a-44a8-bad4-40e4084e250b","12787","","",""
"7c95b4c4-28fe-485c-bd2e-c14a93346bce","12788","","",""
"97991277-af40-4d6e-9665-d6f637b2e53f","12789","","",""
"4a5b2055-9fd7-433c-80e8-d67f3d29cc56","12790","","",""
"eaaa59a4-a88c-45c8-85dc-c48cd90b026b","12791","","",""
"b397b037-e5ab-4649-a0ba-c9c116a7e30c","12792","","",""
"0530b6a7-0317-4ba8-baaf-912c5565fdef","12793","","",""
"3cf75b4a-b82e-4662-ade9-de85ccf7e4a6","12794","","",""
"38100e0f-9ed1-4645-b6d5-62c88d25d2fe","12795","","",""
"68aeee28-d85a-45d0-b78d-91657e085635","12796","","",""
"a6bc7751-7358-4539-819d-f3c27e26618c","12797","","",""
"9fcaddd5-d60c-40f2-952e-eed254a30bac","12798","","",""
"c0153564-44cb-4691-bf6b-bf5235ae6846","12799","","",""
"8df5176b-0bf9-4565-b93a-5f4b7faceb31","12800","","",""
"1ccdc49c-5d96-44a0-96eb-f6a6f1187dd0","12801","","",""
"9bfd9c95-c74d-42ee-b0fb-977f20292b63","12802","","",""
"91e01fae-8b3b-4747-b532-002c33196a61","12803","","",""
"7ac1e667-0d55-4c99-b1b0-5de0a335b022","12804","","",""
"4f491b6c-c8ba-4492-83fc-346226819c0b","12805","","",""
"f35633ed-dcb5-4e81-8765-2a089ae30d81","12806","","",""
"868f3882-ed74-4040-ac88-c2f81ba5b0c5","12807","","",""
"b0fa2fc2-3b19-4bc6-acf6-aa6257f3bf3e","12808","","",""
"0ade6a80-5143-41dc-b94d-9703b69a9ca0","12809","","",""
"fe510148-6588-433c-83dd-3f1699f6a604","12810","","",""
"2a810a8d-120e-4441-a089-6b699af513ed","12811","","",""
"d871bc7c-aee8-42bb-9e3a-284f23fafa79","12812","","",""
"2484ce3c-753a-4746-a5dd-b2685d2ddad0","12813","","",""
"815b63f8-fee8-4ea3-9af0-942455816160","12814","","",""
"98e2531a-98e4-44ac-a80f-7eb3c5a0e805","12815","","",""
"3b03db40-3947-472e-8ca9-02e6f0f25216","12816","","",""
"c623cad5-2d38-49b2-94fb-f2f7b2028a43","12817","","",""
"01e813e2-6e76-43d9-9e83-30232510c584","12818","","",""
"92450cb7-effe-4761-b39d-2860b07cc730","12819","","",""
"5bf535fe-ab6f-418a-a2bb-1f262fd74ae1","12820","","",""
"fc4b5443-5e64-483e-a996-d5dabd893482","12821","","",""
"fc2e13ea-3459-4b7f-8da8-a8a3a89adc99","12822","","",""
"5e61d629-e642-4b00-8036-652c55931370","12823","","",""
"5fa1353e-26a1-46d5-8d92-c16f2f5959c5","12824","","",""
"45bd93d1-f5dc-492c-a504-922010bae41c","12825","","",""
"a2413f13-01eb-4034-b4b8-352f521ebca8","12826","","",""
"4d942ad8-9140-42f6-96dc-162d718440e4","12827","","",""
"a988a880-ff56-4839-8ff7-dfb5c1a70d15","12828","","",""
"30356e1c-00e1-4006-9439-e0495fe93e08","12829","","",""
"ee1f8249-ae8b-4382-9498-b67098c1869b","12830","","",""
"b1676cfa-32af-43c0-8f46-2e029d6beca7","12831","","",""
"46a9edf8-5e50-40d5-88fd-df7e6890e0ae","12832","","",""
"f05b01c8-8e12-458d-9e49-94bd9ed5831d","12833","","",""
"5701db75-0103-409a-9faa-f3d990bf2f46","12834","","",""
"e08e6701-9116-4261-9f51-5691fc4db8e7","12835","","",""
"cf4a8c84-4eef-4cca-b7e4-19252cc22d6b","12836","","",""
"37fb4764-69c5-4118-9290-4b1e23e5fe22","12837","","",""
"5bb54f23-2d24-4f3f-b16f-eb9cf613c05b","12838","","",""
"75b7bbdd-9d0a-4eec-bd4e-e07d95293b4a","12839","","",""
"fc04e3b8-f45c-4b80-b609-a597daef80ec","12840","","",""
"338eb144-7b00-4411-ad99-bc4496df1d22","12841","","",""
"aad37e64-8c1b-4dbb-8064-59bf4e072ab4","12842","","",""
"aab92c1a-f8e8-4c10-b8e8-60a3ace286f0","12843","","",""
"6e4c8695-85ae-44f7-8ad0-4a9338438d5f","12844","","",""
"cf7a6325-5092-4258-9454-26b201bc6f27","12845","","",""
"db434976-3bd1-4b7f-b42c-352be4f51d7b","12846","","",""
"364e7b45-7cf6-48f7-a39f-a5fc0baccc2c","12847","","",""
"9d8ccd7d-9c5c-4552-ae10-ffd0697f4242","12848","","",""
"0db38e2c-12ff-4528-b2a6-99d3c2115287","12849","","",""
"24d34de2-946f-4c3d-ab6a-6d6b0efd947d","12850","","",""
"14c49148-117b-4199-861e-dd7b9018dcaa","12851","","",""
"1be1798e-8c20-4b2a-8f9f-c78b0456e429","12852","","",""
"c9d637d2-7064-4c09-9faf-e3062b177366","12853","","",""
"03e34bdc-0969-4138-be71-5ea7a8385373","12854","","",""
"2e591e7e-c8fb-4724-8ffe-1dc6d6a75c77","12855","","",""
"624a13a2-bfee-43d4-81b5-9b204cec2ffe","12856","","",""
"4127308c-54a9-4162-ab91-0a24b8d9d99a","12857","","",""
"748f3d19-2ed1-4d32-b933-a1fd057571bf","12858","","",""
"13eac4af-45cb-49ca-9d57-8bdb86349445","12859","","",""
"896c6b02-9143-4d0c-bc4e-7d134ff81af9","12860","","",""
"acef40a5-1cb7-4ccb-870b-1ed1f2c0041f","12861","","",""
"d5da87c4-5d3e-4c2b-b592-865584b0ae82","12862","","",""
"361839e0-1774-4e75-8529-49d99175e826","12863","","",""
"6598db23-ae66-4f39-8e79-4f16cbfeafe9","12864","","",""
"a8f11e25-9233-45a5-b83d-c8e5034ededc","12865","","",""
"8a2c7f10-44a6-4eba-bcb7-59a08a849b39","12866","","",""
"28aeda81-1ea1-4fe1-afa5-4fc1c7b9889b","12867","","",""
"5fd0a93c-05b9-475a-bec8-200dd54227ce","12868","","",""
"e4338f9b-f4c2-477f-b302-58fced979a0c","12869","","",""
"c20d0fef-c250-4a10-960d-1966217d316e","12870","","",""
"8a23df29-2d5e-4d41-bdac-18a08802b537","12871","","",""
"79f08c30-5695-42ee-b393-0ff362972beb","12872","","",""
"c1b99c58-b16f-4be6-b8b2-a0749cdc5619","12873","","",""
"c154417c-7843-4afa-b686-c694b9dd304e","12874","","",""
"ad2e4b93-5e2a-46a5-83b8-73fa2798a38d","12875","","",""
"06e09461-2ded-4000-b10c-60f55a3bacf2","12876","","",""
"3b2b13f2-d3a9-4a8a-a0af-b6e109e2e447","12877","","",""
"c5fc7990-1319-44bc-bd7f-decc0d90fa75","12878","","",""
"3de497ad-f835-47bd-bec2-0b669b40d133","12879","","",""
"e0284768-564c-477c-ae57-3f53c627dc78","12880","","",""
"f8c44378-da1e-4a3b-ade0-28ce4da94194","12881","","",""
"8774f621-98af-4291-b6c5-17685f03625d","12882","","",""
"1d201d4e-4475-484c-aeab-6a1d43fc6297","12883","","",""
"26f4f6fc-800a-4173-9840-884345bc4e5f","12884","","",""
"0841ad79-f1e8-4a70-86c9-342e107a7deb","12885","","",""
"78d0112f-9f6f-4390-b53e-ac0cfb64bc7b","12886","","",""
"99b7211f-85e5-4751-9766-0d4a8e2f633c","12887","","",""
"36a13fac-84b1-4a47-9c93-0cc42278ae65","12888","","",""
"ae60cd9b-2973-49d0-bc8e-f096abf3b998","12889","","",""
"3ab2213a-ec7e-4296-a678-a1cfe8967c3e","12890","","",""
"7992876b-e94d-4284-8a43-30737150f984","12891","","",""
"485dbfaf-781f-4ef6-809b-d7c107fe1430","12892","","",""
"c0a578d3-5c55-4254-b3b6-1db63d9c2474","12893","","",""
"b8916a2e-2574-4c86-ac0a-da0f17df6201","12894","","",""
"b4405f01-7627-407c-b25e-4a30958e6bd8","12895","","",""
"d89bf478-9134-448b-84dd-5655e68572b3","12896","","",""
"4fb1f2f7-dfe3-4ec1-b8f0-76277d6d84ba","12897","","",""
"cb7c3d1c-7a92-4626-a847-38af9d810e6e","12898","","",""
"bdb4e0ec-e7c0-4769-9a01-0f55e6f05338","12899","","",""
"e1e6e4b7-9595-4c82-a952-6532c3b67ea1","12900","","",""
"4da085d9-6d98-4eda-bc48-0a68eca04319","12901","","",""
"fcf742da-882a-4e7f-a2f3-fd64ae566dbd","12902","","",""
"6c60e58c-7126-407b-89f6-238ea20d4d7a","12903","","",""
"54aed319-2c97-42a1-bf32-7aded28b9cab","12904","","",""
"35f156f4-daf7-428c-ad13-efb008acf747","12905","","",""
"85598ea5-a070-48d7-99a9-01bbeed40769","12906","","",""
"b216294e-e259-4e84-af4f-6a62f78d21c0","12907","","",""
"cc7b2246-ef60-4ee8-be05-11f85c36f38d","12908","","",""
"e57c17ce-ef6b-44d4-8865-713378638087","12909","","",""
"1e4e386d-2cd7-468b-b6a9-c9102d6b4978","12910","","",""
"08fd37d5-228c-495b-b861-5ebacb9d4b1b","12911","","",""
"9127c18e-43b0-4f7d-a36b-41afbbdf3ce1","12912","","",""
"7f1412af-9b56-4383-8f78-5bc58179f9e0","12913","","",""
"973bf44b-48fb-4900-9e77-fcf4cd9cc774","12914","","",""
"e30aa5ec-a09d-4972-9fc1-ebfddba0f5f2","12915","","",""
"22720f85-45ab-48fc-9f22-c227297c8ed2","12916","","",""
"cf3fe820-ca97-4a4c-ae7a-caff2c84bd85","12917","","",""
"959e94b7-aaed-455b-90b9-bd55638ebc2d","12918","","",""
"a733e392-ced2-4dc0-b63e-934a9dda0b66","12919","","",""
"12236e61-7c5b-4ff7-9f1f-0fd1621f1048","12920","","",""
"1f360a4b-1232-4b03-835c-d2105d3c2043","12921","","",""
"1e4f93c1-b482-4cee-817b-dce007512bba","12922","","",""
"3448b9bd-097c-487b-958a-c27639330221","12923","","",""
"6e2599e1-0b42-4bca-9f60-571725fa3001","12924","","",""
"e57c7597-185c-4704-b770-fe586579290d","12925","","",""
"4981ea9d-9609-4e1b-867c-65f7d16748a4","12926","","",""
"16d5ea2f-6e8c-4c10-a9da-e24383901519","12927","","",""
"1b38e334-df3a-4ec3-9526-f02f45ae6f6a","12928","","",""
"43866ef7-3e74-403a-8ee0-f53fc467a4f5","12929","","",""
"62c97518-6864-453e-b21e-b2533d69f25f","12930","","",""
"45d877dd-a1d5-4ea7-a9e0-051197fa3095","12931","","",""
"be0d1b94-7889-45d9-99bf-3e95ac913d26","12932","","",""
"2239b767-5fc1-4cfb-b1b5-b26056be9a1b","12933","","",""
"cfbe32e6-f6d9-4928-918a-27dbc3b78661","12934","","",""
"25fe1532-a80c-4cb0-a281-97609c50ea17","12935","","",""
"8058aeab-0706-4278-a7b6-9b3b12ee3888","12936","","",""
"84734999-0a86-4b85-a078-b0fe9ee3607f","12937","","",""
"7422f674-b4f4-4d7b-8b48-5bf86ecbe528","12938","","",""
"85084637-64d2-46e4-aff2-3a2d81d80abc","12939","","",""
"e8048f43-9ea7-4d64-96df-e90900380bc2","12940","","",""
"76c43072-2dae-41c6-9bf6-c19d36887fa7","12941","","",""
"81b8b830-cae5-4540-a257-4f117a3a0c9a","12942","","",""
"44706f73-0bcd-4567-994f-c10468a9450b","12943","","",""
"9978c7ec-fa8f-433d-bb7f-e1f3c330c2e8","12944","","",""
"4fc19b75-b5ed-499b-9f6e-3bfac1a33951","12945","","",""
"b881f806-9415-4418-b4ac-e659b3651278","12946","","",""
"996dea35-c10a-4f35-bb1d-1403c462d576","12947","","",""
"5c952a6a-1a84-4e3b-9d5a-50252837fa4e","12948","","",""
"1b498740-2456-47f0-b8ff-c978827282ad","12949","","",""
"c254babb-7a14-4ece-8306-03d12c44c5df","12950","","",""
"7ac1f7d7-9ded-4ac5-907f-32e1b494fbba","12951","","",""
"237be479-2042-4c01-88f2-b810cdfb9885","12952","","",""
"e1cf6b5b-dad0-42a2-a3a6-910ecd2dc6d0","12953","","",""
"1ca83fb3-6749-463a-a491-c64663a7fa67","12954","","",""
"c2b3e563-5680-476c-8532-b92d413ff46a","12955","","",""
"1267b1ba-620f-40d4-993b-1f88f9b36647","12956","","",""
"44f3ba53-e992-4c3f-90cd-8cfefbf52a41","12957","","",""
"ceefb2fc-97ec-4165-bb30-819d48588543","12958","","",""
"c608e3da-6f50-4808-8e36-947bce1a1b80","12959","","",""
"c30cec61-80f6-4fbc-b150-db51a4e859a5","12960","","",""
"3f3a88ae-ea12-4e58-98ee-9a370fe25f09","12961","","",""
"c7b1c8a8-a765-46c9-9bd1-e9840aee3bac","12962","","",""
"e604ce89-d363-4c94-92cd-c73fd60eebed","12963","","",""
"4c89d337-7c1b-4efa-aee4-939ca4b65725","12964","","",""
"f6df6bc1-10fb-49d7-8d4b-bc6862401a63","12965","","",""
"f85474f2-e1c8-4595-abb1-939a8da931a2","12966","","",""
"fd328580-0c31-41b3-af00-bee7de05a8e7","12967","","",""
"677efe4f-d2c7-4035-8c0c-b62475976678","12968","","",""
"ec70f333-5c94-48af-a177-cc137b96b69c","12969","","",""
"2944a5ac-e38e-4e55-a213-68bbc522cf9f","12970","","",""
"61c9968a-85e1-4730-b11a-38a857074d4d","12971","","",""
"5de19833-3e8a-420e-88f6-094d091bb44e","12972","","",""
"4a115575-b28f-43c0-aadc-8e71cecaef6e","12973","","",""
"f9617f20-d235-422c-b729-b82e0a97e8f9","12974","","",""
"a683a58a-df75-40a2-ae03-af3074eb2ef9","12975","","",""
"924f0754-c947-4d75-9851-5d99cb25af93","12976","","",""
"684074cc-139f-4ea9-8199-95051a2c0851","12977","","",""
"6ea61e1a-87f9-403e-998e-69dbdae981d4","12978","","",""
"051772b0-0647-4ca1-b34a-76e29996d1e2","12979","","",""
"bff5efd7-a193-4d36-bf40-930130359cce","12980","","",""
"02a2f8bd-f33a-4f59-9781-36989d15e7bc","12981","","",""
"fdc1d42c-924e-4cbe-8f8c-6a9734950f96","12982","","",""
"f7756d67-dea7-448c-b160-4e681fe0627b","12983","","",""
"0638cb01-e1d7-4cdd-9042-ee88ecc52016","12984","","",""
"7826bc46-0be4-4ae6-aca9-8c362a57162c","12985","","",""
"a67826b7-ec60-463f-9c58-2b331e27466e","12986","","",""
"c72923bd-4f3f-4186-a5bf-95a4c92b6bb8","12987","","",""
"f9657203-59df-4503-862c-77418487a70f","12988","","",""
"e37d9518-67a7-4e6f-bd05-abc7394c6019","12989","","",""
"a6ee4b6d-2f11-4086-998d-361c44af20ad","12990","","",""
"2771ace6-0b4a-4082-b383-d90bf208e5bd","12991","","",""
"a69c2542-9369-4278-a26f-90e9114feb15","12992","","",""
"3578e220-1a2b-43d7-817e-4569e4e0a805","12993","","",""
"f5c18f6e-5223-4d8d-87f2-586bac758b2a","12994","","",""
"d2cf83c3-7597-4d93-ac26-12f2970c1da0","12995","","",""
"26440c23-0940-434f-a458-11e5616e6b55","12996","","",""
"4d21dde5-3aeb-4bd2-806a-814c96e21e96","12997","","",""
"7b71d574-6016-4520-959b-bdc5be69a9ac","12998","","",""
"eeee0e91-3dd4-46af-be9a-50e3aebc91b4","12999","","",""
"f3263d2d-2a7b-48af-90cb-934b3dc2b2f8","13000","","",""
"8aa100db-c316-4402-8f07-aeb2e3794380","13001","","",""
"9a78d182-8173-41c6-9f6c-ae1ba363cff5","13002","","",""
"047dac17-a6ac-453c-b163-301364a98724","13003","","",""
"9ca3e67e-02e6-4528-b169-6be2aab6b547","13004","","",""
"36d7f9a1-c6b2-4c54-a4f8-dc4acf8d6147","13005","","",""
"a2ae4ab9-37d4-450f-b2e5-505f70df2ba2","13006","","",""
"f8f29f07-1d05-48b8-8615-8336cbfedcba","13007","","",""
"cdd372d7-a95b-4206-a86c-2bb6c1c05bbe","13008","","",""
"9052571d-3940-455b-9477-22876d095713","13009","","",""
"4e10a9dc-384a-46ee-979a-a1a266e7e4e7","13010","","",""
"f4c2b1ef-1da4-42da-95f0-dc7fff49342e","13011","","",""
"e5dfbdc1-db8c-4be1-90ef-a923f2438cc1","13012","","",""
"e65b440e-f055-47a7-ac27-046952ccee4c","13013","","",""
"72c9a69d-c6ad-409f-a909-1bdb03152012","13014","","",""
"70f5a4a0-c6aa-4e8e-80d9-80b520488c6a","13015","","",""
"dccc6eaa-8a41-4e19-813f-08b1f15c53aa","13016","","",""
"5315a343-4973-4404-8d57-3f82e9cc5e2f","13017","","",""
"045b1265-baad-45c9-bb95-fe027c23fe6d","13018","","",""
"1ada66d8-6b12-4386-9105-72fc3f016310","13019","","",""
"4a737716-449b-4bd4-928d-2099df9d98d7","13020","","",""
"a3328a73-51db-4384-be67-cbcca8fd90e5","13021","","",""
"479def05-b40c-4398-bb69-fc6ff2ebcbf9","13022","","",""
"e66defc5-4ea6-4f5f-842e-b6d16ce486d7","13023","","",""
"dbbd6c1a-b06c-44a7-9b9f-5a413bf30351","13024","","",""
"84aa1eb3-b2a8-4fdf-970c-7e8ef0b49e90","13025","","",""
"f7b85338-50c5-4b55-ada4-1abaca3d0a66","13026","","",""
"e2993e02-6e2e-4485-940e-fcebae066f6c","13027","","",""
"39ba59ac-7f25-41ed-a98b-209135007056","13028","","",""
"76750586-2265-4904-b430-8aec6698b473","13029","","",""
"bfe358ee-2b49-4bfe-924c-bdb55b43345d","13030","","",""
"69264b77-94f0-4fb2-b0e4-648e2322feed","13031","","",""
"905a3093-45c5-4dfe-8659-d7d461032837","13032","","",""
"a32b897b-8a95-4460-95b8-bde7eaf5c1bb","13033","","",""
"72a299cc-c3ba-4552-93cf-2891e0377cbd","13034","","",""
"53873d53-b707-4d3b-933b-6710a6a37bfb","13035","","",""
"037f3fe3-2260-4315-9611-0ff4a30b0456","13036","","",""
"7be4ec9f-082f-49d4-a2f8-247902704daf","13037","","",""
"64a54dd3-4a41-4930-b4ab-52ff067d6252","13038","","",""
"7a5cdac4-b916-4e88-83c1-0c3b2bfa2afe","13039","","",""
"b23573d8-77d6-4350-b915-e7cf3e03356b","13040","","",""
"035152ae-bfa3-4196-90b6-262043707b0a","13041","","",""
"5120a2da-2d09-4202-89e3-02dd414e29f5","13042","","",""
"75811a24-c6d5-4873-936c-139836c50bc9","13043","","",""
"7545f505-de21-4405-93a7-5a69ed51da17","13044","","",""
"dc09bf4c-05a7-46b6-b81f-a1b1d5e08e22","13045","","",""
"8d088bfb-f993-4bbb-933b-9313efd11b5e","13046","","",""
"eff57332-f82c-4445-a15b-48adbe46d909","13047","","",""
"fa0c6e23-cca3-4cbf-8a28-b6ec8d5f2f1b","13048","","",""
"91a9c78d-0bcb-4637-8bec-b67f44d124fb","13049","","",""
"d085a7fd-a5ab-498b-a484-c94c49cc32b8","13050","","",""
"134fd5f8-4e61-43aa-afe3-006bd704c0a9","13051","","",""
"32345f5c-ef64-4a02-a965-9a8e84fbba8e","13052","","",""
"4d40f508-689b-413b-a4d7-b11a67a82dfb","13053","","",""
"d7f408f7-8f40-49bd-b42a-cf91b0fefa13","13054","","",""
"dae20d41-83e8-49ff-b19b-5509ef79cb5a","13055","","",""
"b73b9738-99d5-4c64-ae91-e318ccc10e7e","13056","","",""
"28142d0c-581a-466a-8780-8060e08e74ed","13057","","",""
"364bf5f7-4f16-4905-a3f2-6df6b53bf997","13058","","",""
"b7db0569-22be-442c-bd80-6fce139eebfe","13059","","",""
"83759279-62d9-4a22-9c27-3d42813411e8","13060","","",""
"bd867ad1-5c83-4b69-93e4-9b63e6d8e90d","13061","","",""
"ec3b1287-a1aa-4779-a38d-75f52f61db3e","13062","","",""
"cabd3f8d-94c3-4648-ba78-92543507f46e","13063","","",""
"77beeb66-973b-45a7-95c2-9123ac73e5e7","13064","","",""
"07f29bdc-903b-4038-a7c8-109e2c6a125d","13065","","",""
"b71cc261-2a36-442a-93c6-3756b89e1d1f","13066","","",""
"eaf068da-6bc6-4bc6-ad1f-4f145aa419e2","13067","","",""
"a14489d8-f8e5-4e46-bd36-c7ae4d187386","13068","","",""
"93960a8e-2499-4a3c-bded-ca81d3fe4f68","13069","","",""
"4f802249-e26b-4b89-af61-50010ccfee08","13070","","",""
"6749e9d4-92d1-427d-84bc-30ac4432ff22","13071","","",""
"09c93cf4-8c5f-4576-96ab-a19176f6422e","13072","","",""
"cc7c45b0-8761-4487-b4c6-ec1b6dd99ceb","13073","","",""
"928fdb2e-80c0-44eb-93cd-fe5cbb847b46","13074","","",""
"dba98834-71be-4aaf-a662-0ea159a0637e","13075","","",""
"733d5f6a-df55-4880-ab27-3aa8df82f811","13076","","",""
"756bb5cf-04ce-463e-88de-a682b02726b0","13077","","",""
"4f687b0c-d1d5-4db0-8e97-d57343926486","13078","","",""
"bb9e036f-e20f-426b-bceb-59a467227933","13079","","",""
"6b9fb769-0049-4c52-9349-170bfb56bc36","13080","","",""
"e974b634-0478-4267-b547-5f5e55b6d1ef","13081","","",""
"46e13c82-9880-449d-abcf-dcd89f712e50","13082","","",""
"5bd2c021-97c6-4a03-ab1e-85904db58189","13083","","",""
"152e7d6c-6e22-44c8-ad7b-0d2de5882038","13084","","",""
"b1f2b767-9eda-4a50-8d6c-3c0622ce547b","13085","","",""
"6e914a39-2931-4d99-9ccd-37229ef473cf","13086","","",""
"5728943e-0bd2-4b1a-92ef-6bd865a33b1d","13087","","",""
"7985a560-3d95-4739-b362-90eedae5f3aa","13088","","",""
"9ea7ae19-ba2d-4966-8ad8-9da50d330bc4","13089","","",""
"17ad00cb-72a4-4445-a408-2c1b30474b44","13090","","",""
"ad7586b6-d8e3-4c8b-b03c-30e468e60f1a","13091","","",""
"25151930-d927-4ca3-864a-bbdb3aad55bf","13092","","",""
"c87d7e3c-6867-42cf-845e-f4c72e621a43","13093","","",""
"e9be6742-aac6-4b95-a0c6-ed7195823319","13094","","",""
"679134e8-43f9-4a3f-b748-1a3f349b0923","13095","","",""
"8cc337a9-b9c8-4116-b1c3-56b4596d85c6","13096","","",""
"21b84b79-0224-482b-be9d-4dfbf8612ec5","13097","","",""
"6a891faf-80cb-4aa7-ab35-7d666afa64c2","13098","","",""
"6bd20830-8dc8-432a-ac1b-5081817ed170","13099","","",""
"640b416a-cf66-4709-a5ff-70202b44b898","13100","","",""
"1678a4bf-6247-4133-89ec-0e817dc439be","13101","","",""
"7e0be7e3-810e-4df2-b2a3-bf5454693571","13102","","",""
"56eda00b-6f5d-4ca3-848d-b23cf86761a7","13103","","",""
"1ae88069-f033-45a2-be64-d652050d595a","13104","","",""
"bd3c35e1-e87d-41d5-abf5-cf9a3ef656f9","13105","","",""
"9d9b707f-e5bc-4e9c-bcef-d2d78671abd6","13106","","",""
"81e41cf6-4d8e-42dd-8b36-508c24155353","13107","","",""
"ef9f6804-9ac5-4a83-84f6-477e49224c3f","13108","","",""
"d5132ea5-74e8-4dc3-89e7-3992617f81bf","13109","","",""
"ab1388fa-f01c-44bb-bf7d-ffbabca93e66","13110","","",""
"05be725b-a033-4a69-b51b-4b5bd466efaf","13111","","",""
"8729d431-ecf5-434e-b4a9-0964e4ed4b0d","13112","","",""
"efd7422f-a5a4-4fee-a340-33f9f5bf4945","13113","","",""
"7bc4ab1d-2955-44a8-9b64-7ef0793b92cd","13114","","",""
"e8fa8fdb-52e2-4aab-96d3-ece7d70b3d15","13115","","",""
"0aa1871f-3a22-4437-9e68-98009ac5cc50","13116","","",""
"9d7c07bf-82d2-4a52-8f9d-a4d1cc653772","13117","","",""
"1f274e57-be8b-4cf7-a853-be31a4f89d20","13118","","",""
"179adf16-a043-430f-a83f-ca1e0d0bc2e6","13119","","",""
"6f692bc9-3b14-4e3f-b9c6-b1741bf0cf0f","13120","","",""
"219222d1-7761-4a46-bd50-bc161c851509","13121","","",""
"0f8e8f55-0f38-4da5-9aa9-765bb81e93f5","13122","","",""
"65556159-aef0-4286-8a23-71beaa32c5ac","13123","","",""
"618d6ed6-a342-435d-888e-fddd78e6261c","13124","","",""
"f1e4c10c-ea94-4709-bcd8-751a0b590a6d","13125","","",""
"2dc214d0-642f-4b50-b247-b6946bbf4be7","13126","","",""
"8ccc41f0-2d6c-4bf1-ab09-3aaaee466103","13127","","",""
"37206833-2062-4cd2-8b02-2a44f9f77f56","13128","","",""
"98ff0381-cad0-4496-9579-fc29caac054f","13129","","",""
"f7d1ec38-b1fe-42b1-a4d5-27d4a61862b3","13130","","",""
"aae2e81e-0e1d-48d7-8f15-5dcd15058257","13131","","",""
"d5a39133-ad95-4c22-8003-bc18852fff50","13132","","",""
"0219fe02-6cb5-40ed-a548-47d23e00c8c5","13133","","",""
"0c1bcc1d-2b7a-4e84-ace3-5e8155a776c5","13134","","",""
"be06b8cb-8225-41c9-9236-e7f530c73345","13135","","",""
"7d0d1c21-742f-4c5b-bb41-95cb63fc7478","13136","","",""
"4047b6fb-c2ca-4afa-af53-6f30e38b7dc6","13137","","",""
"59e3042a-f80d-4dd5-8975-4b9208ad0343","13138","","",""
"76d599b5-3746-41c3-81fb-d121533f57fd","13139","","",""
"6562b1fa-8445-4816-937c-39d22444d9d7","13140","","",""
"7bc705d2-5d3d-4551-a027-4b2c3e364c44","13141","","",""
"e62ad995-ff57-4db7-b739-8c083c7582fa","13142","","",""
"f0244676-3247-48b0-87eb-1e45b0809d8d","13143","","",""
"beb173d5-213d-4089-b313-4503739aafae","13144","","",""
"fd77558e-ac37-444c-ab16-6d691335f196","13145","","",""
"58194938-86de-4bb5-9a37-6d17c08d6f8f","13146","","",""
"9bfb0012-0740-4de2-a998-a359295c37ca","13147","","",""
"0ba3e90f-5efa-4154-911f-05eb6c0cf088","13148","","",""
"7449d247-6b15-4ba2-90cb-050e81e824b4","13149","","",""
"913b9b30-04cf-407e-b42d-796e28a654f7","13150","","",""
"883d5ad3-7013-4d14-90bd-9ae45c7c2922","13151","","",""
"af884a3a-617d-4a40-85f4-2db2173c718e","13152","","",""
"d40961df-2bc8-4fda-b376-37b22949bb4b","13153","","",""
"c846f757-2686-4d8b-8504-482d88d8f83d","13154","","",""
"28dd021f-cf8b-4eee-b8b7-4275b15f36a5","13155","","",""
"520f5df7-e2b8-4d1b-87fa-dac4c3137b0c","13156","","",""
"d4f2abe9-4299-434a-b13e-7ec1eca4d36d","13157","","",""
"693ffdea-3519-4e9f-83ba-5cf4a68bb19c","13158","","",""
"4e33e007-df6d-4640-b5bf-5ae5d54f6f88","13159","","",""
"e592493f-d883-4442-9c21-88bd3ed2c0dc","13160","","",""
"d929187d-b6c0-490d-a79e-bc95e227e356","13161","","",""
"6928faa7-e226-467a-891a-a4d60f6f9249","13162","","",""
"77482529-b2df-40d8-94d8-f47feb7bb6e5","13163","","",""
"713856da-a65f-450e-8ae4-239a3e4e268b","13164","","",""
"372e4263-8e18-4089-ad04-c00731136749","13165","","",""
"cbca2506-56a5-4f69-a714-f2be45e7615f","13166","","",""
"e426f6e3-5e23-45c8-9c01-302f241aad1c","13167","","",""
"bfb07c02-e423-4e60-a937-b11ae983dda2","13168","","",""
"780e99eb-c53c-44bd-b328-504fb80e081d","13169","","",""
"450aa66c-1d59-4c56-bcf8-242949d62355","13170","","",""
"97090601-e5bf-4fa6-99a8-0405edea79fe","13171","","",""
"dad080cb-22d1-4826-841b-c0642cf78e2c","13172","","",""
"7407832d-ac8a-4d88-8520-b1c86c1c3d2c","13173","","",""
"38e4b477-1a5e-4220-83b5-064e046ceaa1","13174","","",""
"4ce6b4ee-35ef-4f9e-a51e-73f55a95f90a","13175","","",""
"f6894ed4-f1f1-411a-a8ce-9c72de318e5d","13176","","",""
"488a07ef-d455-4f92-a760-cf881f73f6cd","13177","","",""
"1baca6ba-5ebe-4451-b4ff-3d593fd0c568","13178","","",""
"d44f4592-4f1b-453f-b70e-945cebc0c5cd","13179","","",""
"c037e1b3-b563-421c-a580-9e9d5f430422","13180","","",""
"4feae761-27cf-4ef1-a9ed-02bdc76026d7","13181","","",""
"90994f26-a1ce-4039-9414-e0b40ecf30c1","13182","","",""
"f0f9667b-246c-4936-8b41-e4f3d3c24d9f","13183","","",""
"e9e565ba-cd63-4864-8a36-a9d9c8b38f15","13184","","",""
"b6c9d3a3-b555-4afb-8f50-a0b1c6efdea6","13185","","",""
"640d13ac-6c5a-4e57-92b8-a7b7d27a103a","13186","","",""
"3189e469-acd2-46f5-b35a-e185a9f1098e","13187","","",""
"8b79f656-a6d8-4fe8-b27b-a9f2add2f738","13188","","",""
"54ed97b8-6f04-4183-a802-d62513a97501","13189","","",""
"7c1d6995-ea38-4372-b59b-b486ddd46b36","13190","","",""
"4ba0e5b8-dac2-4667-9498-9a4206ba725e","13191","","",""
"f6c4f1c9-24da-42b9-8106-4a520ed2967c","13192","","",""
"b8c86352-4eb5-4a69-825b-4a2bd986d314","13193","","",""
"46f7a0c9-1418-480e-b60a-8ad118d904b7","13194","","",""
"e6e4696e-acca-45a6-ad36-6f391f7bb990","13195","","",""
"9bce4a3f-6bbf-4d61-8734-28ea03cd0c80","13196","","",""
"b7451c39-f408-4e57-ab72-ef01976a7778","13197","","",""
"61b9158b-630a-4f9e-83da-47dafa33ac50","13198","","",""
"487d5094-0d49-495b-8e55-d0d10f6c8653","13199","","",""
"c19c8387-aef3-4461-a88d-43ecf655a3a5","13200","","",""
"5078d954-e5d6-458e-b6cb-2b5acdd8795f","13201","","",""
"4fb4cd8a-504b-48f7-bdc0-fca0d54947d2","13202","","",""
"44df0cac-5caa-4ffd-8729-d68587469e3d","13203","","",""
"9c65f50a-e564-4818-8392-d3323c5faf8b","13204","","",""
"31907361-bf9d-436d-ab6a-d220ceefae51","13205","","",""
"f229487c-68fb-48dd-b8c2-51779cd3e6ee","13206","","",""
"d0061c8c-6cfb-4691-ae75-a02817da3a85","13207","","",""
"eb5164f9-513e-4287-be32-89dfe07b7ba2","13208","","",""
"0fb15768-63ba-48a7-9b56-609146b50ffd","13209","","",""
"c030aed3-011c-4105-8020-b03d812c3e41","13210","","",""
"ce1c5aa7-4daf-4adc-8c79-8aa2f91ca374","13211","","",""
"bd0fd2bf-d980-456e-b69b-3622b50415ce","13212","","",""
"326038ba-d677-49a2-8c0e-6606d4e1c58f","13213","","",""
"bc7201b4-1b6d-4a12-9501-6267ca940366","13214","","",""
"980f61cf-bb07-40b4-b044-11a2180b931a","13215","","",""
"24148f2b-dca9-41d1-89d0-0e4729c5e5e1","13216","","",""
"281f9fea-07e5-4e8d-8de7-e58cf59158dc","13217","","",""
"b2862dc6-b303-4be8-b057-31babd75eb98","13218","","",""
"c9fb342f-ffcd-4c62-89bd-0ee556658420","13219","","",""
"f2d9f15a-fdd8-4cd3-893d-e6d0c695904c","13220","","",""
"7565c1a4-87a7-4269-b8e1-081fff93ea9c","13221","","",""
"6b2fc8c6-8f39-4c64-83cb-2b1fbed62b0a","13222","","",""
"2a84cb5f-d691-4b64-a1b4-3c7f0bd102fa","13223","","",""
"876c73bb-e50f-4208-941c-6dfdb633a95f","13224","","",""
"adc87a71-344f-46e2-9963-1ce5d433aa9f","13225","","",""
"d1b93e5d-fe39-4787-90eb-3509640eb1bb","13226","","",""
"a5766070-d65e-4a95-8505-0685a741555c","13227","","",""
"001a4d1c-2753-4f80-ad63-af7d5905b8a5","13228","","",""
"603727e4-3aea-44ab-9436-f104f5e5df55","13229","","",""
"0a71e588-c0ef-4a44-810e-6cfcf56a09ed","13230","","",""
"54982be9-46ac-442c-9736-c59d581a0860","13231","","",""
"7af9b8cb-c8e4-424a-ba9d-1f0012c3bc6d","13232","","",""
"5bb14b6f-e3b2-42bf-b5da-b7d9cc340d6f","13233","","",""
"e5bf1809-532f-4d0e-8314-f8f7fd3b4ac0","13234","","",""
"4fdb60ee-9ac1-44f8-8c03-814d157258f4","13235","","",""
"d263505b-8621-4a8e-9d9a-e1235e9ebea2","13236","","",""
"08bd2845-eaeb-4a28-bd06-7de3570c0950","13237","","",""
"253a1618-5d90-485c-9c64-d18023306e0c","13238","","",""
"132f5b53-673a-4b2f-9acd-f6dc7e63e89a","13239","","",""
"78691771-fc28-4c4a-9971-209fc3fc05c6","13240","","",""
"a97db7cd-f368-4ec7-8da4-77153022ad40","13241","","",""
"9640cde0-afc8-4e9a-9733-85e12d551c36","13242","","",""
"ad5a4eee-88c6-4fd0-91e8-5fccb31d1499","13243","","",""
"400bb378-50da-47b4-b4cf-9313f431178f","13244","","",""
"c6e82961-bd5e-4ad3-930a-890ad97551c2","13245","","",""
"4529b2a6-ba03-430d-ba9a-1e0b419f9f2e","13246","","",""
"fb88d88e-35f9-4ef1-ab5f-e634348a7cc6","13247","","",""
"92540d31-d595-4b52-ae9f-bbc1d43e9057","13248","","",""
"0226b727-075f-4b72-aab2-f302d91d09a7","13249","","",""
"744ecd58-a323-4cac-97a4-5a9996703f10","13250","","",""
"ee1184a1-c7ea-432d-a347-197f6b4cafdf","13251","","",""
"9c1993c9-bf0c-40fa-9064-0599c10c6a2c","13252","","",""
"1fba9eb0-0d3f-4025-91b9-d57c8a7cc521","13253","","",""
"84e36952-b538-42bf-bd05-7f05dca9940e","13254","","",""
"47bb7390-3b6d-47f6-bc0d-70734c7449d5","13255","","",""
"d34d5795-e355-48dc-9f76-300b102f9f90","13256","","",""
"7a8ae0a4-e936-482b-b077-9d819e8b3e40","13257","","",""
"949da8da-f0b4-40ee-85b1-40b5ef39da8f","13258","","",""
"f1d7e6d6-8538-4386-b434-3dfa0f681aac","13259","","",""
"dfeabca2-1f73-478a-a65c-2b3c06c75d88","13260","","",""
"77e81b39-cbca-470d-9ff0-7ca9ad6a07c5","13261","","",""
"2e50cac4-9769-49ae-a6ef-c5fbb4f47cf4","13262","","",""
"f340e5de-0e99-4a54-a851-fb76259d9be5","13263","","",""
"5bffff47-9a5d-41ff-843e-c53e32bfc49d","13264","","",""
"f344d442-8edb-4b0f-a1e0-ac57abbf949f","13265","","",""
"07f94dfe-70b2-4c08-9465-10b4af196047","13266","","",""
"f343d71e-5a03-44a5-bb52-417a5370369f","13267","","",""
"aa604516-07cb-4a59-8da9-7b5f486def66","13268","","",""
"ebb1e06b-6161-4a04-b884-381f5d0ac019","13269","","",""
"fe4e46d6-7fca-4743-99b2-cc83ac8307a4","13270","","",""
"4b1af811-c57b-47a4-86c5-32b5bb63cd49","13271","","",""
"d0596b5b-ae6f-4779-bdca-e1948003127c","13272","","",""
"245eaa9a-d787-46a6-ac40-f84f09667afe","13273","","",""
"dcecfb3a-9ff2-4af1-8b0e-62bf2603bf7f","13274","","",""
"b759a0ca-8e2e-429f-92a0-a0b296826617","13275","","",""
"98437c20-d60b-43a1-a7e6-a7364ee02971","13276","","",""
"3934aa2d-782e-460c-8de9-dc5340d27929","13277","","",""
"63546c76-3a72-4b7a-adf7-b60d93a7ba16","13278","","",""
"e9393116-48c4-4079-b80c-f83db8387f6c","13279","","",""
"50d24a9d-6a08-40bb-bd9d-68951b156ce3","13280","","",""
"4dd3e069-5818-429a-b696-6d68ab251739","13281","","",""
"a26de5d4-5b43-4d4e-9bba-1a42742e8f5d","13282","","",""
"5956017d-108b-453c-8950-d28b881365c6","13283","","",""
"4dc47f5c-e1d8-42f0-bae0-2643086fed0a","13284","","",""
"6d1defec-111f-4684-9aa0-a60484a7669d","13285","","",""
"4002eb1c-8678-428d-8493-86cc11bbcb58","13286","","",""
"52d5b808-43a3-4974-9eb2-1deabf22b39a","13287","","",""
"c45a512d-fa34-44f5-9715-ada0933d9306","13288","","",""
"c0017481-1fc7-4816-bdd0-30543a5dec2e","13289","","",""
"d5949b70-d275-4ffb-879a-e3390ea37005","13290","","",""
"9f5e4801-6538-4ff4-a0f7-93e2df62c326","13291","","",""
"47bc4dbd-cb55-4171-a1de-d012011d20c9","13292","","",""
"5a551717-5332-4f74-af5d-b4a35774f933","13293","","",""
"01e5e7c3-6398-422b-871e-2f3bd137e7a3","13294","","",""
"317843fb-a3b1-4a81-9008-3abd91f97495","13295","","",""
"dbe418ed-572c-4c98-8da2-ac9bed56f9df","13296","","",""
"ec723d8e-5331-402c-8f28-fbe703dcd451","13297","","",""
"6e1cc85a-57d3-4c87-8992-186877c4ef92","13298","","",""
"d9f4f5a5-276b-48fc-ba26-a7922de6e70b","13299","","",""
"76c26493-12c0-4e7e-907c-fd6bd3203d54","13300","","",""
"039db406-282e-4bd3-a93f-363126128235","13301","","",""
"a51b745a-e10e-4211-93cf-39a9366d7c86","13302","","",""
"d5232d21-88a3-4ff1-b41c-050228b58b28","13303","","",""
"a9a11786-8f07-49aa-85c7-6bb6023f5342","13304","","",""
"6e8549f0-7e67-4a0b-ac15-d282b52f532d","13305","","",""
"ba4a1703-8e73-4757-8e56-471b5e9b9f8a","13306","","",""
"c897d76e-50b8-4410-8e07-965c5423bbc7","13307","","",""
"12fb5792-47bf-4a47-9bdc-7bafb1eae665","13308","","",""
"b6e82999-0e08-44d8-80a2-e8c2925cc2f3","13309","","",""
"7dad7be6-b6f3-48df-8334-2f26bb9f5600","13310","","",""
"93f055ca-d471-497e-a978-61810a63be73","13311","","",""
"780957be-7b19-49e3-afe4-9a48ebe5dfae","13312","","",""
"03f847b3-8653-4340-a8ea-9012c4e53e56","13313","","",""
"de1dba01-8f16-4c48-9ecf-5bd7d2c35aad","13314","","",""
"64ebc21e-1e89-4611-a475-2a51232dcb45","13315","","",""
"a91f534f-89ed-4540-a9bc-347c76f38d0e","13316","","",""
"a01abab0-a724-4366-bb76-e6cc54315fa6","13317","","",""
"2ed17965-fd45-4e54-a075-9683be16b69e","13318","","",""
"b595c0a8-64c4-4468-9f69-bede952cdac0","13319","","",""
"ba0def17-4e98-4cf7-81a5-1728fe449dba","13320","","",""
"20461326-51dc-4a65-9b74-d80d632a1e24","13321","","",""
"49191f8f-e382-4b35-aa23-8ab5b55236ab","13322","","",""
"a5bb550d-4338-4e90-b0b4-c5c27aec77d8","13323","","",""
"7095d84c-bf4d-4103-bd4c-28e0d4174038","13324","","",""
"5a8c54ea-62e6-493a-b577-80221d47b492","13325","","",""
"f3aaf42d-7b75-4de8-9f4c-9dc90ae086da","13326","","",""
"dca4a47a-022e-4fd8-b9ae-aa6a3533ff84","13327","","",""
"27ad7e84-c833-436f-a0c5-bd04dec378f4","13328","","",""
"5c2c5e13-2da9-4e15-a574-6d3e97c0c03f","13329","","",""
"a8a6dc2a-34f9-4904-9fb5-4328e1b34100","13330","","",""
"b0dcd4e0-4a97-44c9-8d52-c330d6f0f84f","13331","","",""
"4a64af21-78c2-4346-9f6a-8a28a589c223","13332","","",""
"dcc83ee3-71c1-4fc4-b889-d20e9a7a244b","13333","","",""
"33ad4b47-071a-410d-8717-90168e0f9887","13334","","",""
"51faa679-21cd-4320-82e9-cef9bea91dd8","13335","","",""
"506e816c-f677-4805-8dcb-3fb2125ad288","13336","","",""
"246c0fd4-ceec-4cb6-8708-6d7f8a4823fc","13337","","",""
"5a8ea4a3-be54-467e-9703-25af2cba6948","13338","","",""
"b84b6187-2c49-402a-af89-de7a2828e2db","13339","","",""
"59dbc0d4-09f1-48a7-96c2-74e2669c7a4c","13340","","",""
"1f67caa3-ba59-4c80-b665-240f6cf161d0","13341","","",""
"37b5ddc9-4fd6-400b-8f9b-f009784ab799","13342","","",""
"e61b4347-ae0d-46fb-8faa-a3028c2f4956","13343","","",""
"530614b1-3d6e-40ff-bbb4-490ae3df54d1","13344","","",""
"abaa8e4e-731b-42ed-97a1-379c0b9ce3e1","13345","","",""
"132a40b7-7e21-4e7e-8645-2d4eaafd7536","13346","","",""
"0de28d58-a5e3-46a1-b9fc-6f0a88c5a42d","13347","","",""
"10271915-86e9-4d24-ae10-a592a631b3d2","13348","","",""
"38ce510a-4138-4413-8acc-d92f27d2c900","13349","","",""
"65d1458c-1430-41fb-811d-d50f0de0c753","13350","","",""
"952e0fb8-5d82-463e-9af7-42b2d59c8b83","13351","","",""
"0627a234-59da-4b30-ad6f-fc7d98bcb3d1","13352","","",""
"085130f1-ec20-43af-8258-26ac86487246","13353","","",""
"78ce4ecd-5174-4b92-820c-df73d322bae4","13354","","",""
"da0771ee-7b7f-49b3-aed6-a5292643a218","13355","","",""
"159d0728-6009-404b-bedf-fd7fd531e2e6","13356","","",""
"dc3fd363-99a8-43ba-b96b-b204592551a2","13357","","",""
"faf28bda-82cb-4f51-89f3-e79139e7c0b1","13358","","",""
"284b00cb-ef6b-4688-943d-82aee67c11ed","13359","","",""
"49f648c3-1816-4ac9-9f2c-a6226068fbe9","13360","","",""
"0637c0c4-c19f-47f3-89a3-64fc46966ed7","13361","","",""
"f8c518aa-7040-48ea-8dff-81251c0d5ea2","13362","","",""
"76104502-2be3-4691-aae5-70814f53f747","13363","","",""
"105afc8d-76c1-40b7-9a26-93503cdb1551","13364","","",""
"f809bf37-7e1e-47e8-b83a-da29f7f65005","13365","","",""
"841c282e-75fe-4d53-a272-ad8105242de7","13366","","",""
"e25e091a-9fe1-43a0-bda7-91be494da27f","13367","","",""
"4908ed44-9ed5-4278-be0e-23b05ed83e35","13368","","",""
"959d1227-1263-48d4-967d-18a04fb5e948","13369","","",""
"e0036c12-3237-4a68-b380-cbbbde52735e","13370","","",""
"eae359ac-beb7-48e5-81bb-30440b3909e4","13371","","",""
"f8b996d6-698b-4687-8849-a0fcb63568b7","13372","","",""
"95566f23-6e84-4d70-868f-e3bd730a5087","13373","","",""
"dbd2c7d3-0efa-4f7c-a3c0-a3847431d674","13374","","",""
"bfbdfd82-e9f0-440f-906f-63b0b79ecc36","13375","","",""
"27bc1f1a-4720-4f24-a5b4-d8fa2692a9a4","13376","","",""
"536b6581-3d34-4b47-ac54-2fa2f6eceba7","13377","","",""
"5cea8fe1-7cd3-497e-8580-26ea3efe48f3","13378","","",""
"2a41ef39-f175-49ce-979e-5acc2eb04d8c","13379","","",""
"793ad795-9ec5-4e2e-b29d-1cd274c52b28","13380","","",""
"b34d26f2-165a-4638-8a1b-f083641cbfa2","13381","","",""
"4402b4a8-39de-44ac-bb5b-020646be3140","13382","","",""
"a04b8937-a7c4-4178-96d0-996623d1d191","13383","","",""
"632e0b8d-5df3-4576-abe8-6511be1c30d5","13384","","",""
"27c4d94a-7275-4c61-9739-72848ddf5567","13385","","",""
"41831376-02b6-4b9a-adbf-0eb26a9e209f","13386","","",""
"34b94feb-d443-4668-b669-b330bea1feef","13387","","",""
"c155c118-5533-463e-937f-7def2978957c","13388","","",""
"ddd7b8a6-ea6d-42af-b6a5-d69cff330ac3","13389","","",""
"129ce207-094e-4b69-a34d-491a2c343256","13390","","",""
"2ea82b3b-70eb-4778-bf68-95733fc694c9","13391","","",""
"352feb1f-d765-42d5-8d6f-9974f04d63d5","13392","","",""
"0d6a300a-72a6-4055-a17d-3b59959797a9","13393","","",""
"ff93b798-59a2-40b3-982e-e88584bdc77a","13394","","",""
"c75b813f-9c77-4da5-bd02-8133f60882c5","13395","","",""
"f6bb100d-861a-4e95-8245-1bb84f51bcfc","13396","","",""
"9d297403-b0b3-4fbd-9ec2-c22fc4f7f26c","13397","","",""
"4f9eaf19-9006-4f9f-9fdb-644f6e03d2a2","13398","","",""
"3f093036-ff2a-4ebe-b9da-43931f371701","13399","","",""
"32a490dc-3d55-45d2-835e-dfeaac07b52b","13400","","",""
"da01645c-5811-4012-bd62-49f34f23757e","13401","","",""
"d9dd330c-c54b-4197-a54a-84de5e141f4c","13402","","",""
"e9be8f15-c478-4fca-8a8f-2b40b6153688","13403","","",""
"09904db8-f8f2-4442-b973-976551054ace","13404","","",""
"bac75803-0523-4f78-a0f2-9ca7771abbdf","13405","","",""
"b745147c-870a-4f03-82df-791a43ae69a9","13406","","",""
"152a4807-0e68-4db3-b9ae-97c2154a582a","13407","","",""
"8db8918f-9902-42dc-989e-63ea7228ca81","13408","","",""
"cc0b7fc1-4c26-463d-9f9d-6deea95b6dac","13409","","",""
"03738f4c-e2ca-40ab-a786-9338907f168b","13410","","",""
"23987733-afbb-42ad-a8bd-fedca0d49e35","13411","","",""
"ab8a0b0e-d3b6-4228-8477-93c73be4eba0","13412","","",""
"de418040-7652-44d7-ab2b-9245071a78e7","13413","","",""
"33ce532e-f18e-43ee-bdcf-261dd6281d6f","13414","","",""
"80f25258-2794-4d46-824d-2b4c61ba3c02","13415","","",""
"1c8ae581-fc80-4a33-bf6d-08450cd325a9","13416","","",""
"3aaa81b1-0851-4768-be4f-77d916614786","13417","","",""
"a2c02b11-454a-4d2e-a8fc-a148ddc62642","13418","","",""
"605ee277-b390-4565-8b92-6d76c0998752","13419","","",""
"2392e3f7-3e51-443b-8d58-20a6c67530af","13420","","",""
"16fc6245-196c-424b-84f5-6e9f2bfaf668","13421","","",""
"d522e70c-7909-4ef8-92e0-8f94b0e458fd","13422","","",""
"e6fd949a-75b0-4782-bf08-5a43fb9e5e58","13423","","",""
"f792126d-c097-4f4d-be0e-3fb1f619ab60","13424","","",""
"6f3cc3c9-4478-4185-9a81-1a09e921a199","13425","","",""
"8e835a37-1a89-461e-bfc1-60e2714ac2de","13426","","",""
"0f53c40e-ae62-44ea-9506-75a7bd3b02de","13427","","",""
"e8a56ef3-f96c-4d59-a517-50ea7a6b0116","13428","","",""
"d8357330-83a1-4077-9a41-3c928387d39a","13429","","",""
"d4a7f043-05f5-4696-a015-ef3df5d1cdab","13430","","",""
"8eef4aeb-0882-4c78-8c61-35a528b52b69","13431","","",""
"2e9be203-1258-41ea-9ced-9a50b7ebb3c5","13432","","",""
"29181737-3fb9-4e33-85b9-08b727f69ace","13433","","",""
"3adf9ec4-4390-416e-89ed-63bd2d62f7f3","13434","","",""
"d5cc605c-25ba-4e64-8672-10b604e2e437","13435","","",""
"f4771890-82e4-40d3-9b4f-f69ef0ce526a","13436","","",""
"98425af9-8a24-4abe-8e76-ec0b151b0bd8","13437","","",""
"fdb98bc1-1206-4a6b-a295-1f8312595bd0","13438","","",""
"a64a60b7-209c-4643-ba8a-98903812323e","13439","","",""
"eb29c825-1b82-46d6-8046-d613caf6b4bc","13440","","",""
"b6b38dcb-2686-447e-a7a9-74dafe9807f2","13441","","",""
"bef98cb2-5373-4b9d-87d3-c58316a450c4","13442","","",""
"6738ff85-2d0a-46c3-9e50-fef2a00d9d0a","13443","","",""
"d4da8cfb-1cb2-4e4c-b4ba-6221580bd849","13444","","",""
"b7b9a482-ac93-417c-a559-cb6ed36d9e34","13445","","",""
"051970a5-d0b7-46c6-bd49-1add16a1e385","13446","","",""
"94ac347a-645d-4228-85a1-8baae308829c","13447","","",""
"f0e48413-32c7-46cc-b1af-fb622b691c8c","13448","","",""
"20b59edc-551c-4b82-9eb6-d371aa33404e","13449","","",""
"b54aed4c-c503-49fc-91b3-04d770eb059b","13450","","",""
"2e81a62a-2816-46df-ad01-d7921a7a26af","13451","","",""
"f25d829e-d6ec-46e4-b8b3-dd00aadc48a9","13452","","",""
"4bdc4c0b-d3ee-408c-87ff-755ca3ccbe4a","13453","","",""
"2c22e3c1-4a2a-4498-aa88-258c2440a362","13454","","",""
"1a9cc1ec-38b8-434c-bb55-e93b33f9d19b","13455","","",""
"62e59c3e-dfb7-447a-9575-60ab33d9ad48","13456","","",""
"0915761d-21fa-4e5a-99bd-c86eb76c1a06","13457","","",""
"2973420a-e40a-4777-8a1b-4972b565d401","13458","","",""
"42d79df7-c721-479c-aee5-d305377fd267","13459","","",""
"543cb499-1489-4d05-88ef-263d135a004a","13460","","",""
"66b44b1a-2f37-453f-9d94-4a9d977f8480","13461","","",""
"3cc37d55-ded9-4b03-834e-2c7e5cb0c16a","13462","","",""
"cec070d7-0a1f-4dc2-81dc-c2a041f5750c","13463","","",""
"8993d841-2db0-45da-8174-6caef7b02234","13464","","",""
"faf77096-ce4b-4cfe-b0e4-20479f4e1c53","13465","","",""
"8f563931-214f-4e73-842c-166a5fb28800","13466","","",""
"3710c07a-f7f2-4ced-bfba-d063f15742c2","13467","","",""
"33ff878e-ea25-472b-bf0d-80d9c4e1c014","13468","","",""
"a5341635-c196-4ccb-9b79-b7cec7e2adcc","13469","","",""
"116c9a58-5b5c-42ab-8f36-d5e93b1ead77","13470","","",""
"cf4599b9-575a-4c46-91c1-335e7b86802f","13471","","",""
"b4559d90-3eb9-4ca9-9630-49fbfdd742c1","13472","","",""
"7fc8e3e7-a023-4813-bd65-70b1fa56586f","13473","","",""
"ed89fd5d-0aa4-4819-882e-80ef756022d9","13474","","",""
"feebd00f-6af7-4d9a-9f76-e2325680b99b","13475","","",""
"970fe717-e362-4273-82b4-b6d9df7c3fda","13476","","",""
"1ed5b278-2250-4d62-aa6b-795541044358","13477","","",""
"31a3c651-6bec-40a6-9e9a-5ebeab379243","13478","","",""
"a36a575e-b85d-4394-9645-d78908f2d62a","13479","","",""
"bc8c74c1-71d8-4c61-b4d0-e6e186158cbb","13480","","",""
"79f01bde-64dd-4700-be81-81b7268f7e2c","13481","","",""
"f827da62-2325-4423-86ce-860512df4c21","13482","","",""
"5b780c59-5f4d-48c6-8211-7eca62336e6f","13483","","",""
"5573223c-efb0-4a82-a1ff-d99ca2d9f4cd","13484","","",""
"d83d99c6-981a-453c-b6fa-7e9ad6bce0db","13485","","",""
"1f05aa8a-2bdc-4c77-ae39-8c97ed7b0c42","13486","","",""
"6945de9b-15de-4db5-8a87-d54322bc2974","13487","","",""
"cbd050ee-69ec-4f87-b9cb-dd2d8f6b43ed","13488","","",""
"f22d9400-030f-44a9-8437-85981ecda5ec","13489","","",""
"dcf873a3-cd15-4807-a00a-e84d1bf005fb","13490","","",""
"3ebb19ec-f8fa-4103-bb8a-b8d9e061f022","13491","","",""
"310d2378-0603-450a-829d-a54c93349e0a","13492","","",""
"692542ee-c319-4f19-9690-6768ffb1c92c","13493","","",""
"453214db-3b4f-4666-b263-e5a2f311ba21","13494","","",""
"973b20b7-8af5-45a1-b5ca-1751f172a241","13495","","",""
"30752241-6ab3-4631-a9d0-90dcca0af328","13496","","",""
"812f1665-27d9-4996-a35c-a0bfa3a01968","13497","","",""
"aefe69a0-3161-41d7-8b89-543c3ce9d8cf","13498","","",""
"a3395ddf-9d5d-4326-ad8f-3d4dace889eb","13499","","",""
"1e65a4d7-ebff-4126-b097-8140cc2badaa","13500","","",""
"98332120-1af5-4341-9920-b8c084ed1556","13501","","",""
"4c795ced-a174-40f1-94f2-69d534c52311","13502","","",""
"c2b4a71b-8390-48ea-a015-e00a6f1bf88e","13503","","",""
"c29aa658-9469-4428-87fe-f0faf0b1c692","13504","","",""
"800bbbd1-3ebe-4ecd-bd37-484d1195a8c9","13505","","",""
"68376bd9-f58a-4215-91e4-e26ccfdf316e","13506","","",""
"5d2b8f69-abbc-4404-bcca-3c1d03467189","13507","","",""
"95939a94-d8de-4d7e-aa0a-d25bf7a64552","13508","","",""
"07d4d991-91c9-4bcd-ac7e-6f0ccd51f427","13509","","",""
"1c57b634-4270-416c-9763-86a332676f62","13510","","",""
"15cc3e01-e9c6-4e3b-8469-082ece2ae563","13511","","",""
"f095dc43-c366-4aa6-93eb-77424d894466","13512","","",""
"3ec31ca2-91f4-4851-b01e-f4b3a0c13617","13513","","",""
"1ff2dd3f-bc5b-4056-a95e-22e338395e5f","13514","","",""
"87d65e97-af71-4cfc-b114-a30b6f6afdea","13515","","",""
"997a3e36-066f-4532-b44e-8a7e7617d47f","13516","","",""
"efa5f629-0381-4aff-b857-12de6e06df4b","13522","","",""
"19b09cb0-e9ac-4482-8cb9-6e839b4ba767","13523","","",""
"3573bc0f-febb-4c6f-b6e9-eb5c9e843c35","13524","","",""
"883bad79-b7c1-4731-af67-3298381b1c5f","13525","","",""
"7aa72336-822f-4c32-8b5a-d4e6dfc4e695","13526","","",""
"9027ce16-6678-4925-9afe-3de62a5a0b40","13527","","",""
"ed418f5c-c45c-4a8f-9ef4-3f02cfd0a346","13528","","",""
"e41b9710-2c91-4595-bb2a-25fb30337000","13529","","",""
"06806b33-a08c-483f-8aba-9347c713f819","13530","","",""
"3216e8c6-7f44-46e6-b390-ac913d33f8d4","13531","","",""
"cf3020f2-41de-48e9-9181-4a00528d8755","13532","","",""
"1f7dd3f9-9725-4610-ae41-fc7d302655e2","13533","","",""
"80d723a4-96c8-4596-a1ac-1b496cb1eeac","13534","","",""
"849884f7-37bc-4a2e-8e5b-a95718457ca2","13535","","",""
"08b5ca4f-4ab0-4845-8fbc-b436e2e11e5c","13536","","",""
"8b3db211-18eb-4065-a994-149d1ccc4e8c","13537","","",""
"aa8853df-5fad-41fe-b424-833ba1b8782d","13538","","",""
"50a5a555-4e5c-4796-8c94-4f3ace224fe1","13539","","",""
"72db8036-a35a-4364-be7d-d345675a6dae","13540","","",""
"fa1734a2-ea5c-4379-8be5-a3d87a40fce9","13541","","",""
"4aaed1e3-99a6-4b98-9d95-a8e32060ae39","13542","","",""
"0bd110f8-fb7c-4dfa-a60d-147a220615f0","13543","","",""
"2029437e-2968-4b68-b968-ed6eb983974d","13544","","",""
"77322b46-74f9-4872-9531-654356916882","13545","","",""
"2e664fff-d6ed-48f8-b1a3-48a7a09f14cf","13546","","",""
"121b726a-da02-4a8f-8466-812fc64ba0d7","13547","","",""
"b8dd1169-5b8b-441c-bcdf-82f0811a0c49","13548","","",""
"b78a942d-a133-48d5-872b-58b7dc7cbd58","13549","","",""
"3a87eaf4-ce5e-4fc9-9127-2a6a48f5e38c","13550","","",""
"ed7b0803-8fdd-47f1-8547-f5f237cc9725","13551","","",""
"e22716b5-6bd3-4f29-8891-c6b54a158495","13552","","",""
"19595f2d-bda7-4e88-9913-f57e44c76f38","13553","","",""
"f86975ea-6d4a-4a69-9c34-0402842f85f0","13554","","",""
"e960cd5b-b82f-451c-ae5e-34956d23f6bc","13555","","",""
"0dd4115f-a41e-47e1-b475-4fbdad95fdf7","13556","","",""
"83023b94-63ef-4c83-a0af-83da54af1757","13557","","",""
"e68b8258-7c8d-411a-9612-14a179196cae","13558","","",""
"2fd98a9d-8880-4aca-bbd8-bed25c71d252","13559","","",""
"8944b28b-ea8e-4eea-bc74-97a16af6f177","13560","","",""
"423467e0-78c0-4d76-acd6-ec9022ee8453","13561","","",""
"ab6269ba-44c5-4ec0-8446-f5619aad75f7","13562","","",""
"7e92f088-f62b-4e8d-bc7f-40a3915a136a","13563","","",""
"8a698a9f-7b71-4922-8a40-3abbd7fa18fb","13564","","",""
"4e0058e3-675b-4dbc-ad35-35545d7de247","13565","","",""
"6592d92f-1b2e-4a46-9e88-c7ad604eb672","13566","","",""
"4a00c4da-6daa-46ac-b13c-3eabc0fd851e","13567","","",""
"5a3b42b4-0332-4ad9-8be6-217ae0e3ddfc","13568","","",""
"8961db3a-6297-4419-af9d-859441784555","13569","","",""
"2895daf7-893a-49d8-a3dd-51770fdda556","13570","","",""
"c068b2e7-cbb1-4d28-aa39-47aa23412ea9","13571","","",""
"d8e16465-5fa7-4f05-85b1-64b27f91f818","13572","","",""
"65ff8f99-adf2-4582-9b22-3ae6edf693f0","13573","","",""
"5a90903f-06d0-4485-9587-e22e5ee94ded","13574","","",""
"12fe0e11-139e-49c0-aacf-366a9d887a84","13575","","",""
"67346f82-a512-4644-98dc-d221c990a02c","13576","","",""
"4918334d-8dab-4c51-9562-aaaa4cdbebd2","13577","","",""
"3629ddaf-594d-4619-952c-0bd568a66916","13578","","",""
"f367f455-f6fb-444c-89c3-4659f4d43b21","13579","","",""
"df213fab-3b1e-495e-b3b6-1c7e886886fc","13580","","",""
"bdb7ef1c-2d71-47a0-bd37-c3c70ebeb1cb","13581","","",""
"57b6de52-c7b6-460c-9a46-ebc0ea98cf24","13582","","",""
"164cb6ab-c156-4b39-88d0-6a662f02cc4c","13583","","",""
"4bd42ede-b652-4cde-88c9-ddd1af158f6f","13584","","",""
"4ecb28fd-ec54-4dc7-ba9f-47945f4d32cb","13585","","",""
"05c25065-4b4e-488a-a869-f1533cf938ed","13586","","",""
"8e3b009e-8096-402e-b72c-9d76a9c3e40a","13587","","",""
"80a0774f-9e6b-4f4e-bf22-e6976c91dcae","13588","","",""
"634604fe-12fd-40d1-9763-a36e98744a19","13589","","",""
"e8f71085-42de-40b7-8844-16ff891e4bb5","13590","","",""
"6376c113-f371-472a-9bd1-bdc1ba89ab2d","13591","","",""
"02fe400a-6b7b-48d1-8510-6d75b01c203d","13592","","",""
"f69d608d-6910-4fe7-a95b-012a4a966df5","13593","","",""
"e70b6736-3593-4bba-a5d0-75e53c012d9e","13594","","",""
"bd6a49c4-9bc2-4f0a-8746-8df0c2b5568a","13595","","",""
"bee07b62-ee28-4c98-9d25-50872cfe88f6","13596","","",""
"d656a6f0-4e17-42ed-8b88-78e069fb3d41","13597","","",""
"ee4729a7-9b4f-4cb8-bd35-93f3fa8387cb","13598","","",""
"23346e97-3b41-4357-b603-933d17055a2e","13599","","",""
"995204a3-a167-43dd-b40e-6f93feef39c7","13600","","",""
"3fa65f45-048d-491d-8437-2c72ea9d28e7","13601","","",""
"479df678-4ad2-4eb2-acf9-68ed16011a6a","13602","","",""
"74fdafe7-2775-46bb-aea4-94f50cd61226","13603","","",""
"883f95cc-97f1-4b9b-a6aa-e14c97245d0a","13604","","",""
"d7561ed2-18c4-4573-ae71-120b3d4b0620","13605","","",""
"5dd06dc1-823c-4057-8f43-1b987f533863","13606","","",""
"21b56e11-a45e-438b-b587-a9cbfaaf6046","13607","","",""
"5e46d1fd-88e9-4e1a-9c38-3d0220858dda","13608","","",""
"7d188872-0acd-4601-9fd1-502de9ced90c","13609","","",""
"cbb9f0d8-5ed6-4713-bac9-e491c365c5d1","13610","","",""
"ff2ea8e0-aa19-49b8-9f85-fd7df47b06da","13611","","",""
"f2c7ce37-d003-4edc-93e5-06ede721f779","13612","","",""
"526b0e15-8542-4004-965c-fe8d796e56e6","13613","","",""
"36bc4209-0426-42c0-851c-5b8f436133bc","13614","","",""
"1474d09a-09d2-46d0-8102-ae0567684669","13615","","",""
"bbbfa7b7-fafa-45d9-9297-466d4e6f6045","13616","","",""
"4f7d2975-87bb-44c4-8865-e6f240a6f389","13617","","",""
"ef1bb14e-4965-479c-8452-d2f668aeaab8","13618","","",""
"a53ec6e1-58b8-413a-ac3c-3b51623cf41f","13619","","",""
"cef8059f-368d-4fda-91b9-af921f6ec4db","13620","","",""
"b21e9bad-2935-411a-bfb8-1d8f69f3a788","13621","","",""
"cc2b74fb-26c5-44a9-af22-f9bbecb6221b","13622","","",""
"f87ac006-2a2c-41d1-b28e-8beebc2cb423","13623","","",""
"2117969c-923c-4073-9fc5-111f212f8e4e","13624","","",""
"8c2e4a85-0eef-454c-9c8c-733bc475730c","13625","","",""
"cb96108f-ceea-48cd-8ed5-0acb8933a154","13626","","",""
"8c4b375a-17a7-405a-a1cd-0d5333cc50d4","13627","","",""
"9ddcf7eb-fb34-4c46-b911-7378c54efa46","13628","","",""
"3eee436b-fef3-4b65-8e30-6d78df4021a5","13629","","",""
"0e2cf619-2f9e-4bab-803d-0b98c4c9d31a","13630","","",""
"6b66b6a9-ad2c-4d3f-9781-ac59c571f4ff","13631","","",""
"bfadd837-089b-457f-b21c-f9e97a9767c1","13632","","",""
"15deebcc-6dfa-4d3f-b022-fac1648269c8","13633","","",""
"cf5abf48-0f8f-40cb-a688-bd72a5fa903d","13634","","",""
"6790a8ab-7995-4eed-85a1-589d877598cf","13635","","",""
"6ce26584-7047-4b09-9c72-2ab761658ce5","13636","","",""
"1c0575f4-f3cf-4928-85a3-541ccdd67ef8","13637","","",""
"9c530062-e030-48b1-8388-b59cc229e401","13638","","",""
"2a680a67-b4cc-4ff4-b931-7d8ac597bf72","13639","","",""
"96cb054e-af4d-42da-bdbc-f324934b0375","13640","","",""
"1e70c7e6-7bf2-447c-8c65-4cf96871e467","13641","","",""
"b3dec3d0-1de8-4013-b496-38ebebb23ea0","13642","","",""
"b2b6c0e4-8899-48e7-b33a-462ab2e638e9","13643","","",""
"2411136e-6e39-43cb-ba63-4edfb0345364","13644","","",""
"508997ac-5887-4698-8c33-0122c361b6d2","13645","","",""
"9d883e6c-cfb9-41be-9bb7-e778b774e049","13646","","",""
"b0e651ec-40b5-4c42-8fc9-9e1c5f438f5e","13647","","",""
"6444ce76-c648-47a7-ba33-c81bf021df0d","13648","","",""
"6a8d0075-09fb-4a31-9eaf-57ee906fdcb8","13649","","",""
"61abd1e4-b20b-4fbc-94d3-776055052084","13650","","",""
"aa9d9b43-40ef-4d4b-bd2a-3ed10d25c578","13651","","",""
"17f2307d-7109-4cf5-9a9a-202dff1f9e0b","13652","","",""
"1fb95fa3-40ea-4ea6-9911-5886fbf26ff4","13653","","",""
"dfb09849-a66b-496f-85ba-04fb459c558d","13654","","",""
"ee7123f1-87fd-4354-a094-58276bd5fbb7","13655","","",""
"dd2c997f-5ba6-492a-88f4-083792b83683","13656","","",""
"1b69c2f8-03bf-478f-81a7-a3c3400865be","13657","","",""
"672e8e1c-3dc8-473f-8b40-f34313d1f3b6","13658","","",""
"4c2667eb-5ef7-4f82-acf1-9d8bfa3ea83c","13659","","",""
"68a0fb68-ccd3-4a7b-b119-73ecc783bcec","13660","","",""
"21b162fc-43ed-47bd-adcf-754040da7246","13661","","",""
"eb68f55f-ea36-4ec5-a740-629bcfb543a1","13662","","",""
"579d7988-2e24-4320-bb1d-b1a7932802d5","13663","","",""
"09020fdb-a8d3-47c8-8feb-9c0ef972f20d","13664","","",""
"d8c06784-9963-44df-a15d-9c1eb99851e8","13665","","",""
"a2b0645e-d635-43b8-a19d-29d0842e400c","13666","","",""
"27fb7e21-3637-4b09-b0f4-236da0f37be6","13667","","",""
"c5109d32-1ef5-4985-9d99-cca37834cac7","13668","","",""
"2365049e-48a4-455e-9a76-0612e5f1486f","13669","","",""
"cf0074c2-c7f5-42a9-a1d6-40f1b8a72d44","13670","","",""
"30308922-3aa7-4772-a18a-12ea8386e7d5","13671","","",""
"9e6a7740-b351-4bf3-a591-6547c63b8d32","13672","","",""
"4aa5a33b-296b-4b71-b29c-0787fcc77882","13673","","",""
"a0405961-a920-4fb8-9753-8d40e96386e9","13674","","",""
"1a072541-a293-4a3e-b6b0-aed4af873e4b","13675","","",""
"df2c1886-7922-4017-bc72-0011f9b0d745","13676","","",""
"4dfd7c65-153e-4431-9054-c67077833053","13677","","",""
"0eca79fa-4da4-4ac2-9c9f-a0cfe705bdd6","13678","","",""
"1be6ff15-36bd-44bb-9bce-ffb8a608fced","13679","","",""
"79d75873-02b4-4f6e-a33b-61d279b268aa","13680","","",""
"d2d13a72-cb94-4631-93bb-8fe5e2b6ddb9","13681","","",""
"6783246b-86ce-4f68-aeab-af1c17bba080","13682","","",""
"83fb24c9-5fd1-4ad5-8894-748533b76e8a","13683","","",""
"c0bce5b4-e85f-454d-a055-0dd4205500a2","13684","","",""
"88d19d05-83ac-47b3-a944-59c8fcc45788","13685","","",""
"10fec90b-0c10-42ad-9362-b749cb42bdf6","13686","","",""
"ca656772-be28-4720-bfeb-7f1ed2aeee4b","13687","","",""
"72538816-aa64-44a2-b3f4-2c47fff1a37a","13688","","",""
"d5f8d7c2-0237-4a5b-b694-fe2f4cf9bef0","13689","","",""
"d0272978-f4ef-4b70-82e8-2622e6709a5c","13690","","",""
"38ca2c04-d358-4466-b55a-8a0765f8f57b","13691","","",""
"2928ec9f-dfcd-42ea-9dee-d1b6fe200e5d","13692","","",""
"60c1d6a5-004a-486f-b03a-dbfa0c30417e","13693","","",""
"17cf4429-80e7-42e3-b313-b8e7dec5e8a8","13694","","",""
"461d6416-7bdd-48b7-8bbc-d5af773694b2","13695","","",""
"3db780a7-cbf9-4b9b-9434-3c88334a6db9","13696","","",""
"24afc290-62fc-41dc-a790-05fa52e2afc8","13697","","",""
"de7507bf-4036-48e9-ab93-b332f9c54853","13698","","",""
"56be749d-a21f-41a9-b2bd-28ce8c60446a","13699","","",""
"b0d2a5b8-d645-4769-b9c3-189d250eb2ac","13700","","",""
"dec975ea-0b7d-45ec-8f52-eb16364f14db","13701","","",""
"895c5ed2-285c-4406-a152-b784885c1d37","13702","","",""
"863ae91c-a6ef-4e2a-a448-746cd1c313ca","13703","","",""
"120fb94e-6e55-45e8-a87d-6a5b2f357817","13704","","",""
"c831d0cb-d0a8-4fe9-8204-83613a3c3eb3","13705","","",""
"ad59a78b-4b33-40b9-b9d7-cb045b71f9a4","13706","","",""
"1d39d853-22bc-4e66-92fb-85f0f74e76fa","13707","","",""
"27091498-912c-47e7-b6af-510180aa9ca7","13708","","",""
"f29fe016-8887-4dea-97c0-27a1ef4cae44","13709","","",""
"7423baa2-c688-4273-913c-6143215b6e17","13710","","",""
"c5bfed20-57ba-43c7-a7e7-6e4d96c0d57b","13711","","",""
"e673ac1b-9a71-46cc-85fe-b1fc0c805042","13712","","",""
"ee85aca3-2c5c-4f3b-a364-41351c363ad4","13713","","",""
"01e846a8-4649-4b4b-ba48-a316ae209b2d","13714","","",""
"a1532dca-5488-43eb-8cd8-1fbb1ad88662","13715","","",""
"09ca2979-0860-4b3b-ac6d-eb36e763b305","13716","","",""
"d059cba7-7507-4f6b-b0f4-325ec2d9236a","13717","","",""
"ad0b7a1e-89c2-44ff-8e20-7f5de53c6405","13718","","",""
"ac5e6c5f-a39a-496d-9198-ccecbc7b43e3","13719","","",""
"0fb1315e-b4c4-44f8-9867-03eb546d9668","13720","","",""
"09e6706b-0ed9-46a5-b6b2-32c207baaf44","13721","","",""
"b9e1281e-5760-4815-84cd-c14bd96d1a6f","13722","","",""
"4ef35aa8-e640-4cb8-b5f9-f92528300d91","13723","","",""
"4babd08d-65e3-47e3-a262-d754c1520d4f","13724","","",""
"8098826a-47de-47b7-b706-87938c9986f2","13725","","",""
"e5b24723-81b8-41b1-88ac-7a9583c98678","13726","","",""
"7a014878-35ea-43c4-be2e-5b585e33788d","13727","","",""
"d94d2c82-9bdc-4de5-9a33-8744917ac8cd","13728","","",""
"d58f3079-bf07-48dd-a368-f5fbb39a50a1","13729","","",""
"c8361768-c4cd-4e55-9762-47925ba21500","13730","","",""
"4488168e-dabe-4f81-b2e0-f12797e12ed1","13731","","",""
"6953ea2c-e845-436f-9226-e6a2b171eb46","13732","","",""
"b6e0f60c-657d-4472-94ee-c01a32a36838","13733","","",""
"fef40ce8-ba98-4b6a-beba-4c8c40cf3c35","13734","","",""
"52710ef3-bc27-4854-a366-6c0fc121cb5d","13735","","",""
"cfeb2edd-7d32-4584-aafe-8aae527ace84","13736","","",""
"69d87e8d-ba98-462f-b0e7-3d0af1166487","13737","","",""
"f6c80bd4-0713-42f0-a285-f18a8fa1358a","13738","","",""
"204f4c28-67c6-44d2-8fc5-b20ddf9d2723","13739","","",""
"dfc4d201-a566-4890-a6f3-cd79cbbe9ceb","13740","","",""
"c9a515fd-fe37-4113-815d-4c6774652455","13741","","",""
"6651b2fd-1664-4e3e-9202-41d7a331f7c5","13742","","",""
"c7f4d518-6fed-445c-bccd-fe03d972baee","13743","","",""
"27f8e726-5c17-444d-a49f-c128d3e806cc","13744","","",""
"e0c3b142-a28e-4bcc-835c-af2a80d06e96","13745","","",""
"ab63fc3f-638f-46b2-a34f-6b51f99642b5","13746","","",""
"a2d9185c-a5ac-46bf-82ef-ef41f992e101","13747","","",""
"8a9d55df-98e9-4afa-a7bd-127e142f9a8d","13748","","",""
"f5b2765a-164d-43e1-b0c1-6fc155495ff4","13749","","",""
"bbe6166c-82e5-427c-a8f8-7cec716f7b06","13750","","",""
"af7a7b5f-1651-4be3-be54-af20aa00508d","13751","","",""
"3cbfa2ac-c2ce-4369-a32c-193a344985b9","13752","","",""
"c94ba882-85ff-48fb-b46b-6b3962669c76","13753","","",""
"88814903-e725-441c-b086-d775b5660b68","13754","","",""
"5b150963-3a81-4cb3-8364-6f3e3e5df0a4","13755","","",""
"10224e02-e31e-484f-b7c0-2c75b6771634","13756","","",""
"191e408f-5c72-4ea7-a7a3-d3ed5202f6f3","13757","","",""
"0e096a8f-965e-40be-b20b-fed55a79244a","13758","","",""
"5540e2e8-baa0-49af-ae4f-144fc74a27df","13759","","",""
"48209ddb-33c1-43e4-a6a3-e612c7930025","13760","","",""
"899ade32-dd8c-40e7-84e1-75a8ee330cb8","13761","","",""
"6f5d200f-7cb6-4070-b966-8dbc80bd1f01","13762","","",""
"27da6fae-cba0-481f-97be-32594c62c0e8","13763","","",""
"f09df8cb-afeb-45f7-9543-9658f3c23ddb","13764","","",""
"0c94f8a6-0144-4a7b-982b-988088d655f9","13765","","",""
"244fe965-47f7-4cb2-802b-887e4f92ad4d","13766","","",""
"5b772d97-d7c7-448b-a605-0b1bd94d7f64","13767","","",""
"07828866-263d-4603-aa7c-3be377d59c4f","13768","","",""
"cb069130-de37-4b30-bd67-ec24e71a2662","13769","","",""
"56256b9b-ed5c-4b0d-85f1-ddf55c0f4c4a","13770","","",""
"338f2d77-bd14-44ba-ba37-cadc61afd70e","13771","","",""
"138a011f-0dbc-4901-b2fa-b73ea516210e","13772","","",""
"6b60154b-8c57-44a6-95d8-34d6e2cbe426","13773","","",""
"8bc7fd67-36be-4756-b09f-f5e3ae706eb9","13774","","",""
"88d6bb5b-592e-4668-8d4e-d110ff2cd4d1","13775","","",""
"1754f2c2-bd6e-45a2-b6ca-a44ff62abe8e","13776","","",""
"b375960d-e231-43ee-96bf-bf96f6cce4ff","13777","","",""
"d577d489-da90-4124-86f5-6da419a4dc7e","13778","","",""
"a518bc5d-7af1-48ac-ba29-151a04c1e1b8","13779","","",""
"65264caa-fac2-423f-9fee-1b8b6f346c6e","13780","","",""
"97ed3fdf-afb2-4c94-8b06-be0e9e937ec1","13781","","",""
"78974ef4-ccfb-4f93-b590-dccc952bd558","13782","","",""
"58dbf863-2b1d-4934-bf84-57e6cdf08ae7","13783","","",""
"c74509c7-f60f-4b69-bf34-03ee36db925c","13784","","",""
"7407a30c-063b-47a9-869d-915acfce6445","13785","","",""
"17192cb8-054a-4841-a562-b01ad3311a3d","13786","","",""
"50c8afb4-12c2-448a-8722-e7c29ccf171b","13787","","",""
"cd7d9c49-e29d-45ce-95fc-bd0db35a43c7","13788","","",""
"5f47f6c0-4ae9-46c9-8f41-044e242b00b7","13789","","",""
"aad75a7e-5792-4a6f-810f-53c17929a6bf","13790","","",""
"59bd0c01-a7e8-4213-acdc-4afe518c5e57","13791","","",""
"6476b09f-dd71-40d3-af04-535d8bb649ac","13792","","",""
"28b6b836-d40f-4926-a6a3-dbf6f8f36622","13793","","",""
"6d69a2cf-8be6-45c5-b562-d29fb639d28c","13794","","",""
"386fe766-42d3-4df1-8338-4cbef76fc3f8","13795","","",""
"08a44774-4150-4439-a591-92264539810b","13796","","",""
"b8ba5233-cc34-4875-a7b9-f44df454024e","13797","","",""
"c29fce93-53e7-4d09-9dbc-67bcf24ce925","13798","","",""
"4a719969-49c8-4888-8be8-141927122567","13799","","",""
"f0c88bd8-02cd-4a04-bc6c-99005282fd9e","13800","","",""
"a4518dfe-8deb-4e1a-ad54-9f7bf107f5f1","13801","","",""
"632981c2-12a0-42c7-91b8-216d9b5775d0","13802","","",""
"4d409054-62f6-484e-9d7a-d5e6c811189b","13803","","",""
"b8a00d1b-47b8-419c-a311-f1d13f390580","13804","","",""
"25fb999a-6bd3-471e-9948-6a08e414fe29","13805","","",""
"5952f2a7-0ade-453e-8209-11c3ddb9ba95","13806","","",""
"600827d2-fdce-4494-ab71-67e98656f07d","13807","","",""
"74206e90-4a72-4528-9669-80ab5e11e0bb","13808","","",""
"e5043d31-a72a-48d8-a2b4-8ac39a71eb06","13833","","",""
"750dd572-461e-4f9c-b94f-8164fe463294","13834","","",""
"994696cc-68ae-4091-9845-4ee6b5ed8d1c","13835","","",""
"3fcdfba2-03f8-40d6-b9c7-b9cc2e1d8814","13836","","",""
"fb988af2-cef4-40a6-82aa-3b14888ebcca","13837","","",""
"935eaff8-5580-4261-8b81-362dafddd65c","13841","","",""
"4dfeaf2f-4b27-4a64-b6d1-43c3d5dde9da","13842","","",""
"13ea2c8c-1f5e-4f4a-9167-fee070526807","13843","","",""
"0762b2d1-97f2-4e4d-b5fb-ebb7ac26594b","13844","","",""
"507465b7-3fa1-48ab-be59-f64460c118bb","13845","","",""
"45310464-afe0-4050-9a0a-5788693a2af1","13846","","",""
"3349c7bb-657c-48f5-9d47-48a0a3566e38","13847","","",""
"447aa856-0a45-4192-a334-826420cdc4f0","13848","","",""
"d8d44daa-fe10-4bed-a574-6321e3499ae2","13849","","",""
"69d8de0c-110a-4849-b4d3-38822e223b7c","13850","","",""
"a94bb2bd-a790-4054-8736-1479dcfba3df","13851","","",""
"1d56c81a-826f-420c-86dd-86cc6f92b33d","13852","","",""
"13dd2e18-eae7-456e-8b83-a5ee4eff0cac","13853","","",""
"9e00d5c1-d976-4b56-9c8e-0fccb7909b12","13854","","",""
"f5958a8a-6174-4b4b-88a1-329cd025640b","13855","","",""
"22e77fb4-5a3c-4c47-b7e9-c2fdf1b1034d","13856","","",""
"b425a001-de58-40f9-b358-954b60262c62","13857","","",""
"78aaf589-1bbc-49ea-b19d-7e52eb638039","13858","","",""
"4056bb6a-5ae5-489f-8ec1-f0fb7bd2a2ce","13859","","",""
"5a3f8194-4ea2-43e2-a17e-ded8caa34701","13860","","",""
"4a1d620d-c1b4-458a-88f3-e4add1b7a7f4","13861","","",""
"b7bdf1fe-6c95-4d09-a0ae-5b8320ba8d4c","13862","","",""
"239eb288-df2c-4fce-9513-fe4d64e4d193","13863","","",""
"0e0d004b-ee00-40ad-b280-1d8ce4d9ddb2","13864","","",""
"c9a6f0b1-0ed9-463b-89e2-8ec4af532f22","13865","","",""
"e9e5bc05-9d65-4408-beff-1326fec5825b","13866","","",""
"a4c4d98f-abd7-4f24-b820-2922df53f3f7","13867","","",""
"ab8cba0b-0231-4673-8b53-6ef4622808b9","13868","","",""
"0e8cad08-853a-4307-8c2e-ea1f326ee4b6","13869","","",""
"3352f195-944a-4d0a-8372-340101868384","13870","","",""
"2fc6affd-b3b9-4ec9-92a0-539c99c875c8","13871","","",""
"cc9e583c-b281-45ce-abc0-616f71fb1522","13872","","",""
"7b51012c-fe5e-4aed-98b1-9c708679db3f","13873","","",""
"c9b58634-dddd-47e0-9e8d-88624cb90733","13874","","",""
"5a8e99be-7d99-4497-b222-2a34a7b73997","13875","","",""
"edfcdf8b-217a-4db9-89f6-e4cdc485cdde","13876","","",""
"1c760eef-af22-418b-8ca6-215096180191","13877","","",""
"f66a084c-7bc2-4f3d-ba0b-a3dd40fa63d1","13878","","",""
"02c7bac6-4099-439c-bf90-1104c571c639","13879","","",""
"7e3a5c62-2b65-4a3c-b527-e54dd5e7d7fc","13880","","",""
"bb253fec-fd24-434d-a062-fdd07116cf3b","13881","","",""
"91d323b7-d13b-4609-8111-316af6cfb397","13882","","",""
"45c052f9-f7f6-412e-880c-7609ec07e218","13883","","",""
"479119b0-629a-4fca-9e15-81dabf8a4b12","13884","","",""
"af827adc-e655-4f9e-bbc6-35418edb1811","13885","","",""
"ddfea188-4792-41b3-a9b3-92926d80696c","13886","","",""
"c6d30398-720d-4f18-a6b9-a0a377b47f41","13887","","",""
"3619198d-9c07-4056-a600-98be448e844d","13888","","",""
"4a186ced-8106-46f0-8d15-6cde7b2097f7","13889","","",""
"1ffdd4d3-12df-4ed9-9582-22dd782bc74c","13890","","",""
"b43ff7d3-1156-4b5b-b667-bc0b991fec36","13891","","",""
"79042c79-3c8a-4886-abab-ed2e2807fe25","13892","","",""
"623778ad-238e-41c8-82d9-3e856f770542","13893","","",""
"fa11a07a-e410-44f1-8443-e238794540a6","13894","","",""
"6662ee9b-c4cb-457b-8b5b-2152c94a4400","13895","","",""
"8c8c0d7b-dba2-47af-a1ec-4dc0a521ab65","13896","","",""
"0d0898b6-5e2a-47bd-b5d6-2aaf5ffffb19","13897","","",""
"87cf7eec-40a2-4806-ba4e-2aa8ac597179","13898","","",""
"2bfc4a31-cdc0-4973-bd70-0ba7c767d15e","13899","","",""
"d7464e72-203a-4252-a26d-3c23651533fa","13900","","",""
"834b3cbd-9efb-484d-9f0e-572380bb6ae9","13901","","",""
"3a74d549-ec16-4442-bedf-72f75f098803","13902","","",""
"6d85212f-2f04-47b9-a58a-60a71706bc9e","13903","","",""
"519c97f1-c5c4-406e-af7c-98b9aff87eae","13904","","",""
"30d77e74-7e9d-45b4-bacd-e2bae3512fbe","13905","","",""
"c82ebb24-955b-4512-ad90-c8c5b40693ad","13906","","",""
"42e3de58-57cb-44cf-98b2-1f9bf305aac4","13907","","",""
"bc4802e2-9872-4eff-bf8a-7727e50c2224","13908","","",""
"5c62a0dd-a49a-4da9-ad56-b21e3ded67be","13909","","",""
"108009be-167b-40df-98b2-e5848357091e","13910","","",""
"a5097758-7446-475e-ad3e-792f59701d6c","13911","","",""
"51afac1f-d532-4509-89f3-d928a71eeb51","13912","","",""
"2bf229f3-2c08-47ca-b095-67a9ceabbb49","13913","","",""
"6c2e8a83-1bda-42f9-8b44-1e88a5549260","13914","","",""
"00392117-3866-4306-b8b9-39cf676ea42a","13915","","",""
"606c9ae2-d0bc-4382-b0e3-499ae56bc646","13916","","",""
"942a3c61-1c09-49b2-9468-64644bfb466f","13917","","",""
"08fa0bd3-c1a5-49b6-a302-f149c1248df3","13918","","",""
"23928887-2ca0-4a8e-b40e-7cf4cfce9c71","13919","","",""
"c9c847e4-1d5b-4207-a1f4-22f639ba13a4","13920","","",""
"8f893d4f-0fc5-40ef-9ed6-369a7da40fea","13921","","",""
"b491524b-cad1-4fc1-900e-ea3c31cf87c0","13922","","",""
"78e53f95-938b-43a9-915a-cd956f9355e5","13923","","",""
"f09b6d3a-af5a-4d70-b313-70f1a5d791f9","13924","","",""
"1f545a48-f460-44b0-b6d2-a09678b34fb0","13925","","",""
"f0d30ccb-91e5-4a1a-a2d4-8269d7ae8481","13926","","",""
"bc876d26-2b58-4e94-a0c1-ce984f4a8bf5","13927","","",""
"1b84753b-37ef-4a11-af1b-782f524cbb5c","13928","","",""
"3a75afa5-5a64-494e-87fe-4b165e6b3811","13929","","",""
"360e487e-5e36-406e-80f3-73433f717244","13930","","",""
"46b69350-c8df-44ec-8be6-79a7c0ec8c6b","13931","","",""
"921c4fca-4660-4111-9810-f0984a768556","13932","","",""
"40ce23a2-eeb5-440d-ad8a-8ea948637e89","13933","","",""
"9fefae4c-4417-441a-b4a1-202a3c344bd3","13934","","",""
"54d24954-69df-4321-b14b-3a84bcb8c681","13935","","",""
"dd10e68e-295d-4d07-b58e-dcbe3cde7520","13936","","",""
"f999941b-3066-45c5-8ad7-217eb3555b6b","13937","","",""
"83a3da9a-5cac-460a-a1e2-0ef6c9b2ce2a","13938","","",""
"f12af2c7-abb6-418e-bce9-322e60a336e4","13939","","",""
"c934a266-a93e-4161-a031-62df884ea01e","13940","","",""
"3fa072b1-ac45-41ea-9419-d8bd8c4809cc","13941","","",""
"690ce920-7778-411c-a999-6db7438a0daf","13942","","",""
"50e7cd2a-79a2-4e9a-91f0-72fd985f9b71","13943","","",""
"60ac7c53-634c-4dd1-a310-4a2569cd64d3","13944","","",""
"f1051a52-1dd6-47eb-b05c-76c89d9321af","13945","","",""
"1108bc13-c4b2-4d18-a04d-7a24db78fb8c","13946","","",""
"0421fd7f-158b-4ffc-978d-2a8cbf97f5e0","13947","","",""
"25580c27-9727-412f-967f-72cc2e4dd130","13948","","",""
"fac466b8-fc59-4b4f-abcc-aa9b48faa942","13949","","",""
"3f2dd365-0af7-4e08-ae5b-63cbb500dbfe","13950","","",""
"eb040d39-2241-447a-8725-55d83de89b48","13951","","",""
"3c5531ba-03b4-4ddf-9476-0aed29b53071","13952","","",""
"22fb4715-a7dc-4559-b5b8-eade516412a3","13953","","",""
"62abe93a-d63d-48f3-964e-63142b832c46","13954","","",""
"772c8bf0-c2d8-4218-a41c-1875217be9ac","13955","","",""
"8509062e-722f-4c2e-adae-289108ef7592","13956","","",""
"941bbda4-579b-4d3a-9c37-dc7036e27973","13957","","",""
"c5e06050-7e68-4ecc-ad1c-6ef2729884a6","13958","","",""
"740c2317-7b9c-43cf-8fa2-f437103693b9","13959","","",""
"68759ebc-41e8-4566-85ba-2b298f14cb0d","13960","","",""
"ceaddb1a-e41b-46ad-bb39-a4910141b4d9","13961","","",""
"2a80eec2-efae-4872-b365-be1c051a526c","13962","","",""
"2febdde6-bd8b-4681-9bf4-14b7ac9fccc9","13963","","",""
"78c603f8-ca9b-4329-99da-30809602eb4f","13964","","",""
"384230a7-aa1f-4ea8-ad64-52e60318e50b","13965","","",""
"fe4dbf81-29da-4e4d-8b8b-64a2e8b6b37f","13966","","",""
"e7c9da56-6810-4a97-a2d0-6386d44782a8","13967","","",""
"4b646ca5-42f3-46fb-9996-4914cbc77587","13968","","",""
"6eb544b8-b5bf-4cad-958b-45e140ee1669","13969","","",""
"d66b4d45-b7a0-42d7-b3db-3428cf033779","13970","","",""
"3c0bb8fd-3923-4275-84cd-8eada6783861","13971","","",""
"ba0e70c2-98f9-492b-980f-cab11f14ce17","13972","","",""
"9f12b386-aa15-4000-af33-96bb7f295f62","13973","","",""
"5773b475-5088-4fc3-995c-735aa999ffe6","13974","","",""
"f99594dd-5938-4c0b-abec-bb9b647063c5","13975","","",""
"a0866bce-76ce-48b2-8ac9-906aed1a3280","13976","","",""
"168e5a5b-bfe0-4569-9fdf-2d2e4b007466","13977","","",""
"2b427860-637b-4b59-bf0f-466845c25f8f","13978","","",""
"c2087716-086b-4efc-b01f-f79b23a2fa61","13979","","",""
"8f5e95db-5c43-4c33-bf59-39bfe473354f","13980","","",""
"91382d89-73a6-4b62-9c4d-c882fb711142","13981","","",""
"5f0f7d8a-a627-4bf5-ae5d-4314da8bd1d6","13982","","",""
"1f8b16e2-c339-4f1a-bcef-1ddb4a2028da","13983","","",""
"766e8ab3-6def-4b48-b685-72c4a25e7a06","13984","","",""
"cc9b861e-de38-49f0-ba3b-e6476ef48a75","13985","","",""
"67bc7f38-af76-4894-891a-8cb33bbc7251","13986","","",""
"db548e05-b8bb-4ec2-840e-f2fa8ef27fc6","13987","","",""
"0d42e191-df0d-464e-80c2-746e4076f013","13988","","",""
"b28778b4-1a6f-484d-8e4c-5cb7a540ef04","13989","","",""
"49c8c269-0fd8-4e97-89ba-e17201b88d3f","13990","","",""
"035a0398-c6e1-4ccb-9805-19c239e8890c","13991","","",""
"ecc40b51-ec77-491b-92a1-b7d18dae9887","13992","","",""
"e31039a4-4881-4a90-bc21-a0b725527f11","13993","","",""
"e20fb2b4-6be4-428e-8c31-4f02a491f9ab","13994","","",""
"852dfec3-4045-4734-8d46-e4baea6ef9fe","13995","","",""
"542c21f5-e330-493b-ba0c-b3de50729dc3","13996","","",""
"58c499dd-a0be-4014-92ae-65884ec1cfba","13997","","",""
"71520524-5220-48aa-a6df-9317a4bf63f5","13998","","",""
"67d8e72a-dbef-4d94-836f-1af95ebaa2e2","13999","","",""
"4cc22af0-8d01-4b78-ac14-c231db5c6bc0","14000","","",""
"f724fb12-af28-42b4-a8a2-10aad1ccbcac","14001","","",""
"0f485cd8-a665-4183-a858-919846593d5a","14002","","",""
"c7ce1d5c-e190-4c3d-8590-db829da7c4d2","14003","","",""
"a1d94893-102f-45bd-bdc9-f5b36d6a8c1a","14004","","",""
"9c375b23-baaf-4173-b505-2e06aa88be0d","14005","","",""
"ab5de045-88d4-4ac5-b858-d0ea459303c2","14006","","",""
"7767500e-3a48-4a3e-99c4-9c4263483056","14007","","",""
"a830b01b-4277-4f3c-8483-461165b500d7","14008","","",""
"4d21e1c3-61ed-46e7-aced-865461b03f10","14009","","",""
"d5e1302b-fd1c-4cfa-b115-8fcba8340511","14010","","",""
"0fdc9858-1278-471e-9c9c-c0daca250206","14011","","",""
"79f20987-29d3-44c5-a417-9678843c1936","14012","","",""
"7b905cba-24ae-448b-bba5-a7d146bf5cf5","14013","","",""
"17939f80-4bdf-420b-8617-aa84585d7427","14014","","",""
"1c0f0d78-6ba8-453b-925b-46457fb63a44","14015","","",""
"6d51105b-3728-4fe5-b0ec-ea0ec1bcc2de","14016","","",""
"b14e0811-87c8-451d-897a-f9a4e4ca5136","14017","","",""
"56754494-b16b-4892-8c15-efef7f12efb6","14018","","",""
"d0584c4e-2237-4716-ac0a-2fa226074396","14019","","",""
"e44cc1b4-cf95-4f52-a906-fcdf4edc269c","14020","","",""
"822b5fcd-08f9-4f05-b553-f547c71d05a2","14021","","",""
"01116280-7d79-4107-a84c-02443c94f67e","14022","","",""
"efcb2a76-707c-444e-9e6e-85a240a635b5","14023","","",""
"38e600fe-29a6-4f2f-b154-e3e26ac2e1ff","14024","","",""
"15467f02-b6b1-49e5-977e-2e8999f9f2b6","14025","","",""
"eb05e1e7-3284-498e-ab61-63fef4d897bd","14026","","",""
"01c63abd-79ef-41b7-9212-838a8bf80e18","14027","","",""
"6b19c746-4d48-4063-acf4-93a9e496aef1","14028","","",""
"7cf3133f-a67d-4532-8c96-9df4532da23c","14029","","",""
"87aaaee9-afbe-4204-a93a-156b138e2da9","14030","","",""
"75fd8d20-1895-4632-af17-41d5b7cf130b","14031","","",""
"635628e6-203e-4edf-b3c7-e8c037a0f5ca","14032","","",""
"ccf3a205-4563-49c2-af64-d77fd05c2a23","14033","","",""
"9f5dbb71-1a15-4c5c-8961-23402522bf91","14034","","",""
"b5a4b8c9-94a7-4782-8af4-6df6e55c9ffb","14035","","",""
"800ca33d-d562-4ea6-b605-3c2d7f6b4fcb","14036","","",""
"e937207f-9275-4c80-87b7-41ad7f034710","14037","","",""
"d2565ab4-22fb-4aa0-a281-332c6302a185","14038","","",""
"6712efe9-b6f1-40f5-ab01-acf5a29f0c0b","14039","","",""
"39c9672f-1f33-46a9-aee9-dfe3f474fc13","14040","","",""
"2b5b0cfd-eedd-4f7d-a3df-c56f2eeeb2d3","14041","","",""
"f8e7e18a-4898-4b15-9358-1439d7c9554e","14042","","",""
"1ed68ebb-660c-43f1-9f3f-44e91003b6bd","14043","","",""
"d88f4424-0c18-4002-b33f-aefee3f0c0db","14044","","",""
"3714aa36-983c-443d-a8fa-8500f4cf7b2d","14045","","",""
"888c3817-8285-4d94-b020-9669e82ec9c0","14046","","",""
"bd745ca6-cf9d-4899-bf44-7abd3f5b070a","14047","","",""
"4e82f160-b3c8-43c9-97f4-12d715fd0fc3","14048","","",""
"d36dc0b7-ad95-4fc5-ab8a-43386e96dc83","14049","","",""
"9df4ac5b-0857-4a1c-ae5f-28e68d6335f0","14050","","",""
"e4766b52-c0d0-47f6-8b07-bce0d009ea6c","14051","","",""
"d981de23-2c4c-4ea0-a27a-8ed9cdea8772","14052","","",""
"0e9c8767-f80a-46cf-b556-d064457f25af","14053","","",""
"c3e0cd41-8a38-46e1-bf8f-edc151f404ec","14054","","",""
"6ca9d0aa-eebe-42b3-883a-f08bd9deeb19","14055","","",""
"6076db4f-ff1c-42a3-86ea-cbac54b34e17","14056","","",""
"efeb10b4-a73c-47eb-9d14-36a00e7d2e1a","14057","","",""
"01543a6e-28cd-4550-bb6d-1cb90ed6d8da","14058","","",""
"e355acd6-d009-4bb0-84a6-c382269f1309","14059","","",""
"d661555a-adab-418f-a498-fd7023ce5f7e","14060","","",""
"e9f700c1-1e9c-4d57-b553-d3abaf854e58","14061","","",""
"4f1167dd-f175-4504-bc3c-e956504ee25d","14062","","",""
"0b12bf21-b6b7-4a8f-8ac8-f44e5fbbcf76","14063","","",""
"22f2662e-ac6a-4df6-a8cb-eafed446da8c","14064","","",""
"7f212884-b787-4645-b57f-57034a8af81c","14065","","",""
"ae1e7b88-b65c-4b9d-b0ad-56557bf1c6bf","14066","","",""
"120894b7-b848-412e-92bb-67e420bad507","14067","","",""
"d98197a5-07f3-454e-beb2-59a793c9d398","14068","","",""
"e4069c64-c4cc-4d15-bc75-49d76746536f","14069","","",""
"a7fca8e2-684e-4faf-9329-934090d9b797","14070","","",""
"dcf34ff5-c4e0-4bad-8836-47d66b1b2011","14071","","",""
"f2642fc7-9034-4193-b525-d91277981841","14072","","",""
"7922d515-4298-43f8-a7ca-9b1659dd3d8c","14073","","",""
"c2a7e7c9-e314-4317-81a5-28b19eb10b61","14074","","",""
"fa3feefd-3a7f-4681-80cd-84753ce2fd5b","14075","","",""
"f6f51b81-e8d1-46a7-b516-12d260655325","14076","","",""
"0725c3a1-8973-4247-b116-8352fa1a2724","14077","","",""
"180cb08e-6051-4e8e-92fe-7924538847f3","14078","","",""
"5a023015-61e6-47fa-ad4a-6711ebbaf1ca","14079","","",""
"425a3998-3408-4ca4-9482-d3c02940362b","14080","","",""
"c44f993b-3b27-4a46-82d9-07d8c47f881c","14081","","",""
"8d369c0e-4cc0-44d2-a294-62dfae53d867","14082","","",""
"8a7a55b0-efd2-43e3-a1f5-836bc54df04e","14083","","",""
"d3bef577-e69c-4325-b800-57423712d866","14084","","",""
"e975727b-45f7-435b-9230-a26d98c5d6cc","14085","","",""
"491b46ce-4da8-490c-bd3f-c0ab6954227a","14086","","",""
"d689a75e-da34-4fd5-888a-c322d15ff25a","14087","","",""
"5e2b5c28-41cb-4efd-b477-d01da83debe2","14088","","",""
"60b301b8-0653-4aff-9341-939b232a65ff","14089","","",""
"a73fa336-e187-456e-9adc-99ce322df4b6","14090","","",""
"5487631c-2ab8-4cdc-97be-6200efe4dddc","14091","","",""
"2c7f4d30-efb9-4662-aebb-a2f9ee1b7512","14092","","",""
"c8359b3f-1694-4221-ae61-554a99ff8b00","14093","","",""
"178a7a46-392e-43db-88e8-41b5eb77a259","14094","","",""
"961f92b9-b314-4a14-b56b-1f5689081e1b","14095","","",""
"134e9b40-4afa-41af-81d3-9d485c2d26c0","14096","","",""
"34605089-436a-400f-848e-1dc3689a8ce4","14097","","",""
"b5d21b2e-7565-49f8-9aa7-bc6f41a26f68","14098","","",""
"a0d468f6-3be5-496e-a5d0-e9662b0672b8","14099","","",""
"5e026167-b929-43f8-9fac-72ee1800f41b","14100","","",""
"1ca6d315-0de3-424c-93da-aff552906578","14101","","",""
"bb92db4d-31a1-4bc4-9dfe-e329df3f6f90","14102","","",""
"fa6e8efe-dee6-4c26-86db-0b1075bce8a2","14103","","",""
"cd92af4c-13b0-48ed-89d2-8a6ad6c0398f","14104","","",""
"13137219-2717-4347-8a2b-be416506082c","14105","","",""
"4a8f88c0-619b-4a41-8308-c890d69c0e0e","14106","","",""
"d746e690-5ef9-486e-a3fc-890548a347aa","14107","","",""
"ecb5cd33-da8a-4d17-ad2d-0aed65f828f8","14108","","",""
"2b5ed72a-8d0e-4b2e-86a3-5f2cffb7fdef","14109","","",""
"e7d7284d-7587-40e9-8148-4b7555376b03","14110","","",""
"70be942d-4611-4258-9988-68afc36c75ac","14111","","",""
"5e79faaa-02eb-4463-be7d-6c0a098a4ea8","14112","","",""
"c5f1ff25-67fc-41eb-b24e-8196c4a6bea2","14113","","",""
"0dfe6c85-9398-4916-90bd-3325e2156968","14114","","",""
"522a9b84-bab9-4b8c-9408-906f94b21058","14115","","",""
"7be36049-2ec5-4313-9be3-ba10a24012f0","14116","","",""
"dcce2433-606c-4e23-98ed-c7e1ba67aa63","14117","","",""
"e524aec7-da94-4b12-93e3-4395850d922c","14118","","",""
"e47f374d-c69a-45c3-85f7-2396e5c3e957","14119","","",""
"aebc6199-9cd2-4ae3-aa22-ab68a738aacd","14120","","",""
"6bda6408-8ea5-48d7-9dca-68fd1e04f81c","14121","","",""
"9345897d-1bde-44f9-bb78-0a3e187cbd2e","14122","","",""
"3f8b5294-17bd-4072-995c-a6da8f627f2d","14123","","",""
"d088a131-2411-4261-bfbf-ea72112b8f8c","14124","","",""
"069abedf-65f0-46fb-8615-2a8717929504","14125","","",""
"ab022600-49c9-4b21-938c-dd379735a1c4","14126","","",""
"3368dacc-3b7d-4299-ab40-ecdd3d998531","14127","","",""
"7ba1a4ed-9eb4-4541-b63a-1e9c51eeaba3","14128","","",""
"ee0eb75b-0ebb-407b-84a4-e0ef80aba25a","14129","","",""
"56ed2d3b-2dc7-4774-a52e-ebb8a49f4c4b","14130","","",""
"cff8f9a0-a7cb-4b8b-91ef-cff9074d1394","14131","","",""
"fd6cdc7e-03e9-47b0-86d4-d23fb49fa4d9","14132","","",""
"c9ac9b65-e720-437b-b356-93f12c6aa43b","14133","","",""
"65d8af35-a794-4c04-b7d4-d333822ebbc1","14134","","",""
"5261df8b-3cb8-4de1-b318-cff3f7b8a907","14135","","",""
"f376ba41-5eb5-4a6e-a81f-cd29ed86de30","14136","","",""
"d7154fd2-4a11-4876-825b-729c5a3dc11c","14137","","",""
"d62d0893-ed4f-420d-9b10-fb0e24c4cb86","14138","","",""
"a592dc32-d5bf-4934-b954-1b31815eb7e4","14139","","",""
"40579114-22dd-4140-9b88-4a29a356da00","14140","","",""
"f7c739db-fca8-4249-b048-fc1cafdb4ef3","14141","","",""
"fd78d856-d37c-4edf-b739-2ab471473ca5","14142","","",""
"3deb13b4-bae2-45d8-a769-a2627e244fbf","14143","","",""
"2eeaa09c-0415-4772-a419-28d51e521c0d","14144","","",""
"6a8d692a-a46e-441f-9ca7-e972cf76cd38","14145","","",""
"77316659-0851-4e93-ae25-68bfae844397","14146","","",""
"e7fb284f-0bbf-4b43-ad0b-f9acb032aa27","14147","","",""
"749b12aa-2058-402b-b893-09b3fe3ea160","14148","","",""
"84f880a5-ba44-4d28-a102-0272f8657d26","14149","","",""
"a3df4ba0-3a4e-4ab3-adaf-133a262180aa","14150","","",""
"6932c99c-633f-4611-b5ca-916e8f4fa0a9","14151","","",""
"4838f10e-57f7-4a04-9230-cb350afd2c48","14152","","",""
"5ade6f80-730a-4f15-93b2-cff9f2d1266c","14153","","",""
"54044567-65ea-4be8-bdbc-f81a5b7961ff","14154","","",""
"e6bda7b5-15ca-4989-9f0b-31fd0bc4d3c4","14155","","",""
"d5393910-f9b7-4112-857e-64cd582dc9a8","14156","","",""
"dafbe367-05a7-42c2-8b1a-6d6566673263","14157","","",""
"ddd2789c-dc87-4193-aca4-7fb9a0c7c650","14158","","",""
"946b9f36-82df-4977-b0c1-2854645d3123","14159","","",""
"bda7fe92-2cbc-42b4-90e2-b8c5444cb3fd","14160","","",""
"636b9ddf-92b8-4d8a-bb97-34decbde8243","14161","","",""
"84e2e5f4-a7e5-46ea-833a-08616405c0df","14162","","",""
"752742c4-5c0f-4819-a0d6-52d0a2017272","14163","","",""
"59facf61-730d-4a42-83f6-12ca9334fc17","14164","","",""
"69457d0f-2041-4ca4-b882-00d5135406c5","14165","","",""
"eaf81869-43cc-42bc-8d77-1aa378880337","14166","","",""
"0a543780-d8e3-4f6a-912f-ac30183c93d5","14167","","",""
"2c0896eb-776e-492b-bdd5-dedee3df0a09","14168","","",""
"d1dac42a-5e8b-47bf-a372-55a34e2e9cd2","14169","","",""
"b9d30bbf-81e6-4158-bbd0-24b4f59758d4","14170","","",""
"76553a7d-dab1-4e4e-9f4d-7e833616b77e","14171","","",""
"0302bc8e-1b56-4c44-a10b-1ead2e2bd637","14172","","",""
"acb50a04-add2-4722-9617-0f3e992e30ba","14173","","",""
"d3f42c4c-9faf-418d-9092-9564a54d1592","14174","","",""
"5e04aca8-2537-4646-9d25-dd39192af84d","14175","","",""
"0800b402-4dc7-4046-9073-8d19a960f32b","14176","","",""
"805e3245-d338-4e53-8f0e-b8ca7a339ed5","14177","","",""
"a9825da0-41d0-4991-a630-ec59f8b56ae2","14829","","",""
"ef74cccf-f71e-467b-9df6-e258ee17f633","14830","","",""
"d4c7d913-0fd7-4e16-a9e1-a5f30010ccfc","14831","","",""
"038d5024-b81b-4774-93fd-ddd202119e55","14832","","",""
"c564b37c-b99a-470f-97b6-4262c10e4a59","14833","","",""
"fca65822-2e98-4472-94df-da7709f86910","14834","","",""
"4edd7b7b-8b7d-43dc-b4b9-4aa58d4c171a","14835","","",""
"f1636f37-23d7-4f3f-8782-8d16e0d90756","14836","","",""
"f5e581c7-a7db-46ab-a64c-8d04b10cc562","14837","","",""
"b66c46d7-2ce9-4a9b-8f71-868638bd6571","14838","","",""
"98b5965f-506e-43bb-8357-3238a0d9f69c","14839","","",""
"3672e1c8-3759-4557-9e51-4c9ab5cd3ab5","14840","","",""
"7b02b9fa-fafe-4c59-8ac1-45345395cb11","14841","","",""
"7ae692b4-0f6b-4842-aeae-75f4b5c4aeb4","14842","","",""
"ddb2f852-ed2e-4bc4-9a74-a283891e84d4","14843","","",""
"9f222348-c855-4bc4-8bda-840a02b7f9ec","14844","","",""
"b0b88d71-0621-4581-a88e-ffe28a68f43f","14845","","",""
"e1c27994-7991-4de7-894d-bd63eba962ed","14846","","",""
"f6a778e1-6b02-4a44-8d07-1b78054877f2","14847","","",""
"b511bfd7-4ea9-42c9-a00b-43b5adba6eea","14848","","",""
"e226d6f1-9cd5-4df8-b376-5e9e7fdcdf35","14849","","",""
"24177657-8f14-49a6-9a6d-446f0bbfe43f","14850","","",""
"e001726b-e336-4a40-ab46-0efeb6794461","14851","","",""
"47d1a99a-e783-47a3-871b-a15f8c3a0ba4","14852","","",""
"a479b0e6-1aa3-47a6-8ef0-6624a1ba051c","14853","","",""
"e05230aa-ff88-4204-bc73-64cbcd3e3f4b","14854","","",""
"e2e356cc-2d2c-40a5-9d1b-6edabaab6dbb","14855","","",""
"060f4505-3497-46f1-a8c0-ce8ef50f610a","14856","","",""
"ca5f9c31-e5f2-4f05-8eb2-0d5ce407ecdf","14857","","",""
"a1bc84d1-af1c-483b-b31a-954aa72dd149","14858","","",""
"7b6e5794-a9e6-4db6-bf8e-a9ee7762aa28","14859","","",""
"1b92671e-851c-47f3-848e-616918a2c4ac","14860","","",""
"3934aa64-057c-4eca-8bf9-3daad0a50461","14861","","",""
"a1826750-9ee3-404b-b002-2bc2d0890bf7","14862","","",""
"30f347f1-9fdd-4076-aa8e-0025c0acd4a8","14863","","",""
"9385846d-dadf-423d-8e5a-9d3f991763ba","14864","","",""
"3f464353-8899-47d7-8041-30fa47edb7dc","14865","","",""
"1c5ccd13-d3f2-42d7-b5d0-2f089ed706f4","14866","","",""
"51bbc691-1f3b-484f-9844-436ac7f30824","14867","","",""
"4fd1039a-e2d1-4e0a-abf5-3fca26bcfb85","14868","","",""
"2ca89692-2fab-4922-9452-f3b8d5f05dd2","14869","","",""
"95d58136-43ff-4f56-9ee8-ee640285d2ab","14870","","",""
"99c7be58-defe-4fe7-b854-96d6f0ce5f10","14871","","",""
"bf1fcd5b-1d6d-477c-873b-3a2983c47b42","14872","","",""
"38a4fe07-fe76-4398-aaff-1b6441967b59","14873","","",""
"ceaa744e-1cf0-439d-96b1-07ebd6f09908","14874","","",""
"4bb54dab-70d4-4525-9fe3-ef3630be3cbf","14875","","",""
"4621bf3b-0ac6-442d-b55a-176d33774cb7","14876","","",""
"104841c5-fe19-4efd-81dd-27cc33c60942","14877","","",""
"184d3b94-c5fc-4f61-a169-a9d59ca42f85","14878","","",""
"0050e564-3571-4ec7-81d0-12800074ed81","14879","","",""
"dce4c5a9-8b3e-4e56-8c44-32be73dd202a","14880","","",""
"960bd49e-056a-4754-bc85-ae7f1e322a58","14881","","",""
"f59d7019-a18c-4bd8-ab07-1186abdf3b80","14882","","",""
"b69294fc-44d7-463b-9fd4-8f6f76e63735","14883","","",""
"62598537-53d6-4870-99a7-471873e0b813","14884","","",""
"ff50ac0b-3803-4d4c-a677-eb1979e0d279","14885","","",""
"1d12e588-3f4e-49ab-9d8f-39c03b60e7d9","14886","","",""
"3f51f3e2-4035-405c-b1e3-b2dbad9435e0","14887","","",""
"802b5a8c-e8b0-48bd-8f77-187b6fe628a5","14888","","",""
"714d8e10-2960-4683-990d-9b75ce3a9006","14889","","",""
"ffdbc784-071d-45ea-ae95-feeb851f1e0b","14890","","",""
"28190f97-94ae-43a2-bcb6-363169023cd4","14891","","",""
"27657f16-7fab-456d-acf2-560280c8b2c7","14892","","",""
"f5cfe220-39cc-4364-b97f-90dc0d7628a9","14893","","",""
"65b7247e-98c6-4a96-bb26-aaa2b4d2eb6c","14894","","",""
"210c1c09-9fbf-4f7d-8d7b-6142f5417bd3","14895","","",""
"f6fe1466-16f4-4608-9e25-86e1fd6d884c","14896","","",""
"17c8f89c-4531-4442-9c8b-ffecaaea8dfb","14897","","",""
"cc362505-b5ba-4b3b-a5ec-edf3cab3684b","14898","","",""
"9ab2618a-1192-4b4b-b4ac-d8c83ef23560","14899","","",""
"eacac3d2-ffe3-4e1a-9fff-3ad717035e35","14900","","",""
"cc155d1e-95a1-40da-be40-6f2edf91cad5","14901","","",""
"825b2bc3-8831-413e-afee-13970a8bbaa0","14902","","",""
"6438804b-9857-4069-8301-9188758e4d70","14903","","",""
"f4362a82-0d94-4080-b403-887742286ece","14904","","",""
"31f053a6-3f38-4565-aba0-a772484caf79","14905","","",""
"e4f9d1a1-1472-4828-9554-68b2848c2fd6","14906","","",""
"b9158919-ba01-4ddc-af7c-1768b65f6d15","14907","","",""
"97257095-7451-4da5-9b8a-b14767c42d71","14908","","",""
"002ba696-9fcb-490e-a46b-0fa0a90d456c","14909","","",""
"89aefd30-48ad-4383-959e-1b73e3fc343c","14910","","",""
"6db96cd4-2da3-4ff7-aa49-eb1b8fda3383","14911","","",""
"7124a8fe-628d-460c-8369-aa8981e8352f","14912","","",""
"5f4b16c0-c46a-4f25-8025-0570162264f1","14913","","",""
"0b9c39d9-ad91-4a02-b366-30ddeb804d0f","14914","","",""
"936e03ca-0905-4d19-906e-c3ca62ccf9c0","14915","","",""
"7808b8e0-1680-4d4b-99f3-7d8f48b404d1","14916","","",""
"2344f261-3a6a-4a09-afda-6f294fc8c77c","14917","","",""
"7f554b43-6be9-4744-a9ed-edb94dc90d0e","14918","","",""
"2b59950b-3fa8-484d-8936-105ef35da29b","14919","","",""
"6a342d39-7b7d-49a2-8d79-29a9da6b042f","14920","","",""
"e8fb2b6b-1677-4bf0-9b54-0d068228f901","14921","","",""
"00731d6b-df67-468d-93d0-945399af2120","14922","","",""
"b22e3df2-3358-42de-8196-ee82ed414138","14923","","",""
"b8563613-d29a-4e59-8ea2-d6856245c0b3","14924","","",""
"41fee79d-4515-4d5d-9825-32b278c96649","14925","","",""
"46b5edfd-8ece-49f2-a28f-ed17b5b33d63","14926","","",""
"b459f5d9-b600-4554-a0d3-c4b98f9b41ee","14927","","",""
"07c2d7e9-b76b-48c4-8424-ebdd07a7091e","14928","","",""
"ed34f911-9347-43cf-89c2-ee61cb822ff7","14929","","",""
"ea58c099-77cd-4ad6-9f2b-673ccb6d4954","14930","","",""
"85e7fb0a-c12d-44a9-a2a3-36f9e156131f","14931","","",""
"e61167a0-72bd-4f4f-b552-2f6a25628754","14932","","",""
"0058ed20-6603-4d2d-827b-0fd80fc1fa35","14933","","",""
"325f9f56-f03b-4c46-a483-b1f519082ad0","14934","","",""
"1ddc5856-565d-4c3f-809a-952c9a2f94c1","14935","","",""
"386af294-8414-46e0-a5f3-e475621acaaf","14936","","",""
"c0602b24-cf03-4a4a-8ece-6edbf7a030e1","14937","","",""
"a1d6ed57-ba11-4306-8068-93fa420e101f","14938","","",""
"84f08c0f-3e26-4ac3-b0fe-4066560597b4","14939","","",""
"bb60dcce-de10-4b35-8f95-2fbc5bf1482b","14940","","",""
"717ab3ef-5050-4ecd-8da6-6f15b3a50574","14941","","",""
"421fcd65-0ae1-475d-b235-6bc0e8c3fdf7","14942","","",""
"cfa3fb70-8d69-4a2f-b1e6-c82483bc42af","14943","","",""
"38f20189-a354-46a3-a4c2-65c1efe12e6f","14944","","",""
"f74bd7f8-ed5f-49d7-8a87-87018bb09f9a","14945","","",""
"e6231416-7985-4e27-8d9e-644f99d9f44e","14946","","",""
"4ee21168-5e7b-41cf-9fb3-dadd5dcc2c84","14947","","",""
"c4835788-ff56-487a-ade0-44c343bad078","14948","","",""
"670637b9-2a3d-48f6-883d-7f19ca58bf98","14949","","",""
"35d94ad5-eaba-4317-b085-9adb6f1e0fde","14950","","",""
"969e8cfe-7ff9-40fe-8258-25bbb2a3f91b","14951","","",""
"76eb9c5a-5ae4-4dbe-850f-11285f3a3f15","14952","","",""
"e96865a5-4720-496b-9946-1a5b8f2134d3","14953","","",""
"be6d35df-ec28-45a4-b5dd-cf403464a234","14954","","",""
"72c6686b-5c6c-40c3-aafe-99deafec5d52","14955","","",""
"dba75d2d-6106-4fef-9b22-d0eb872b3a12","14956","","",""
"d9df6c1d-2b77-4e11-80ce-5a0758206040","14957","","",""
"84bfdd3d-4133-42be-baa4-9ceb6b06b30a","14958","","",""
"8ba00dbc-d3af-47c3-b759-fc50de91041e","14959","","",""
"4e48102c-3424-4f25-83f5-f365c614aff2","14960","","",""
"b293d1e8-c465-4568-9de0-d21c2f3cb6e6","14961","","",""
"b3b04c6e-4b86-482d-a4f0-6c141b5d0076","14962","","",""
"0c6865eb-27a7-40be-95fc-ad2b5772edde","14963","","",""
"ddeed29f-2532-46f9-8c5c-a93364ad0ab5","14964","","",""
"2a2c86f4-7072-4d85-a830-7fd2b6eb2468","14965","","",""
"944d1e07-99cd-40ec-9d67-d734706d27de","14966","","",""
"a3c3f205-ca9d-41e0-bc19-da358faaf2ab","14967","","",""
"0e708984-8062-4b50-97b7-66137c00e216","14968","","",""
"baee673d-4e80-4835-87ad-198aa71d178e","14969","","",""
"29fd5f7c-442c-42f8-8ed8-ebe1c804d1df","14970","","",""
"7137e53e-38f8-4cb6-ab00-b6eca041fa3d","14971","","",""
"98252d47-cda1-4749-a2bd-98d4a1d7db9b","14972","","",""
"7dea878e-57f2-423f-b8f3-a2cb010f578c","14973","","",""
"92dd8449-11af-4738-a6ae-09c88f240ea3","14974","","",""
"71cec587-8f1b-49a9-a035-1e8ad401cb41","14975","","",""
"b34aecb4-4fc6-4858-bf1f-660e8effabb0","14976","","",""
"5ac5338b-108d-468b-8ef4-1d1266704756","14977","","",""
"6469ab29-093e-444f-bf8d-79e9bb2939e6","14978","","",""
"79a4ec97-c43f-45ca-a5f7-6a1443248103","14979","","",""
"ee8d0350-66a3-4952-a015-1b088be88a5c","14980","","",""
"6f3ebbb9-eb0f-4a2d-bf4a-13cb054f92fd","14981","","",""
"15ff2bfc-01cb-4678-aa4d-e230d21d10a4","14982","","",""
"f0ffea03-c9ba-466d-8c4f-83bd622c8a76","14983","","",""
"3b607a84-7866-49bb-89a3-df1ac4578e1d","14984","","",""
"a1fa2fe3-5a8a-47f7-a1c7-02f7e3f5ec58","14985","","",""
"d90f5420-8ab2-4b1e-8641-3ea58e8b4fc5","14986","","",""
"7551f2f0-b8eb-470a-9cb0-3e6d5d6a72e9","14987","","",""
"988cc6af-cb78-46d5-9105-216c8ae09eee","14988","","",""
"20faab9e-547c-4877-a9a2-aca229f15f2f","14989","","",""
"eb57f7ad-d8e7-467d-b885-09bdf961bf54","14990","","",""
"8198791e-a3d0-4dfd-9806-131f2fdba2f8","14991","","",""
"13fec84f-b2e1-4a39-8f21-d7a848c73f76","14992","","",""
"5735d70b-759d-430d-a83b-c11847e87fbc","14993","","",""
"3e7b8a55-4bcb-48d1-9ad5-64ac34017623","14994","","",""
"086f7db2-77fa-4ec7-b542-078c63ebf489","14995","","",""
"2b178678-8a4f-4d10-bdee-60fb0d114599","14996","","",""
"1ca30763-13c2-4814-9e89-9bd215f8c779","14997","","",""
"055802a9-f58d-4a51-abdf-ac667f934fc1","14998","","",""
"d5af9fc3-ae83-4f27-8ad4-94c96c1301cf","14999","","",""
"aa5b80de-f0e7-43fd-9cc1-c960f341376c","15000","","",""
"72b591fa-0e16-404b-b810-8b1a05786407","15001","","",""
"ed3c9ad7-09c4-46e9-a68c-1e8d1a59aad3","15002","","",""
"7ba1c9a9-528a-4477-b7ad-e1fde7a438c3","15003","","",""
"73bc0c5a-2b71-4a1f-b46d-c4266f75e8a5","15004","","",""
"aa4b63c8-cffe-4379-b22f-c9e9df2b0066","15005","","",""
"efeec32a-b8cf-4d15-abbe-ef5c159f07c9","15006","","",""
"36775476-d2cd-49bf-804a-68e425eb7e88","15007","","",""
"e502374c-8e62-4caa-aaf2-cc2a6f5bac76","15008","","",""
"b0bef93e-10e2-469f-b1c3-ff2dc8834b23","15009","","",""
"64febe56-9c89-4f10-bdde-ff9b76f91a6a","15010","","",""
"3c5da8d8-e95c-4fac-bd50-4a66f9e47d56","15011","","",""
"bad2ed02-eae1-4cce-8b78-0b1839321614","15012","","",""
"b175b2ff-525b-4647-8dfa-a0af74a224e3","15013","","",""
"678eea4a-eaa3-4321-8951-0c690a30a5d7","15014","","",""
"78ce8019-0fc5-481e-b71d-67e111f00b22","15015","","",""
"db2765cc-0fb1-45e6-9aff-e14047c3586d","15016","","",""
"ed66714a-dee8-44b1-8064-628521c06fb4","15017","","",""
"ac832781-a53c-443d-96bc-68895f01a529","15018","","",""
"ea68c127-84e4-433b-809e-f30329cedcca","15019","","",""
"ce5f52bc-2e3e-4ea0-bb08-8f269ab77a22","15020","","",""
"06349c2e-2e43-4b44-9ae6-2f2cdb6d4248","15021","","",""
"7fdaf33d-4b10-4f7f-a46f-bf650cbef3aa","15022","","",""
"52be8a7b-3078-47aa-b171-05bed311a8a2","15023","","",""
"e1a0805f-db17-44be-abb3-127ea15a8a0f","15024","","",""
"e502e4c9-c554-4846-a0f4-e2ae705e4d4a","15025","","",""
"38ecf53e-fb93-4514-8360-d5a65f85f7cf","15026","","",""
"a16db7ef-8fc1-4c18-8f19-03ee6edfc1f6","15027","","",""
"157be22d-e4e8-49c5-bbec-1c9fe3fc3782","15028","","",""
"281c672d-64dc-40bf-a78e-d35626d422d5","15029","","",""
"4f1a8219-4294-4951-841d-658c6257a79d","15030","","",""
"2c55543f-72a8-4c77-ac74-b4204fe625ec","15031","","",""
"f29dccfa-b63f-4943-8580-336bc973c76f","15032","","",""
"a05158c0-80e1-4c3b-ac24-af675e364429","15033","","",""
"6fd0c8fb-db49-481f-8a41-f7668f43dece","15034","","",""
"45f5fd28-2fce-48e8-9d24-3cbd37aaa472","15035","","",""
"756fcf66-5c31-41bb-bbab-28915585e609","15036","","",""
"19210ebb-2125-48eb-aeb5-ac5b20c017bc","15037","","",""
"8bdadcb6-db58-4fff-83ff-bb6ffee213b1","15038","","",""
"4428c74a-fef2-42e1-bbe4-a6a5e0430f54","15039","","",""
"884c433d-9fb4-4ce9-8a01-5ed7cfeee9c4","15040","","",""
"0ea7888f-5015-4e25-9bc5-ae5b0254d518","15041","","",""
"4d2442e5-ed1a-45c7-94e8-7f5ede39af06","15042","","",""
"01babd8f-6430-423a-9dc5-27a4020003b2","15043","","",""
"65b78dab-ac81-4855-a2f4-37e7edb6c9ab","15044","","",""
"469d770e-948b-46e9-a69a-94e6dc680793","15045","","",""
"57df4041-2969-4c28-9893-1e06f5324a37","15046","","",""
"e83a3ac9-0611-4541-a20c-374899443399","15047","","",""
"eb5c8f86-6fcc-48e6-b09a-0d3c443d24aa","15048","","",""
"3f3ff1ef-43f0-4956-adc4-22093e183239","15049","","",""
"cc194117-5412-4cea-8808-28c031f9c1f4","15050","","",""
"976d304c-dd1a-4875-bfe1-8a790aae481e","15051","","",""
"4cd52eb2-13eb-44d4-9dd2-54f77d4d7254","15052","","",""
"8fef2f14-b18c-4658-869b-01a915967244","15053","","",""
"7aa503fe-222b-4c39-ae5d-5c2bd36f3c78","15054","","",""
"71939dd5-6db8-4906-9295-b363dae1e0ba","15055","","",""
"bf4ac4dd-6329-46e1-bb1b-7bf84116a592","15056","","",""
"148ca4f2-b16b-4242-a558-926d2887072e","15057","","",""
"07ff7034-eb8d-465b-8286-a4b1d8b71143","15058","","",""
"d29a8347-8f36-46be-81d4-d21b53a25eb3","15059","","",""
"657f9529-0b45-49f5-aa26-51fe8a57aa87","15060","","",""
"85f5b9d1-b1a7-4a52-8c6b-05e425d8208b","15061","","",""
"f2c95cab-0d4a-485b-b3d8-33fc29d5f296","15062","","",""
"fbad3a92-4dd0-4e2d-ab59-594b7bd07997","15063","","",""
"dfb4591b-6c9b-4f36-9e9a-5ddd916e91e9","15064","","",""
"cbbfb806-8e58-4524-a131-bb2ddc257e75","15065","","",""
"c589b91f-2152-4105-8e0a-a1410c63d312","15066","","",""
"4ab4c456-9cc2-4605-ae02-1f3f4fc89701","15067","","",""
"b84157e0-1866-46b0-a0f0-570ddd55ac7b","15068","","",""
"3432250d-ca16-493b-88d5-4a33e0690cf3","15069","","",""
"ec89ed5b-b902-4347-9025-6f3353d8dbeb","15070","","",""
"0d5309db-2904-4390-846e-de69410f9ec5","15071","","",""
"b09404e8-d810-4dae-af8c-f40b41e6ad63","15072","","",""
"303c5f04-6adb-4468-8b5a-92ee502d2582","15073","","",""
"f739602c-2c59-4640-8dce-0c3ae9f15ba8","15074","","",""
"1912ed29-59e2-4159-89f0-5c72073c617a","15075","","",""
"4d229085-48c0-4a01-afe2-67be10d0ccfe","15076","","",""
"01e0445d-729b-4ba7-bd25-c17f6f6080b8","15077","","",""
"e53fedd3-8129-4ecc-aed8-deb1c48452b3","15078","","",""
"895e3524-9c6d-472d-bcca-f015db85fc26","15079","","",""
"def63ae2-3444-442d-ad87-a5da4e4790d8","15080","","",""
"803ff7ef-7719-48b6-9efb-1b7c6905fc44","15081","","",""
"25f2cd5a-a336-4925-b63d-20ee642cc6b8","15082","","",""
"72ef4847-28a6-478b-ba4a-6e21be7ae6bd","15083","","",""
"dccb0ce4-7c6b-4f02-b5f1-5ba61a2dc3eb","15084","","",""
"041ec467-7e93-4778-af3d-017166abf0bf","15085","","",""
"e9c8be95-ff2a-48c8-b05e-22231f8436ed","15086","","",""
"65524aff-9fe9-465f-9446-9b7185f6b12d","15087","","",""
"957adeea-34b9-4a98-a96b-0007cd916a93","15088","","",""
"2fa59b27-c7c1-4395-9ecc-fe3b0f283fde","15089","","",""
"838ac2fe-4cb1-417f-8319-9b38f89e0ee1","15090","","",""
"108c2db8-2973-449f-b4ea-2352a23bfb2a","15091","","",""
"d6083812-8c66-47c9-8511-b1b184009a01","15092","","",""
"4c0390ff-bafa-497e-b37a-3dac8ab0b501","15093","","",""
"fcb09490-4825-4058-bb65-269c6417b335","15094","","",""
"581dce52-6b76-4bb9-bf01-d8bfd727f784","15095","","",""
"a1a2b11d-c382-42e0-b9bb-b969328e2725","15096","","",""
"4affa894-92c5-43c2-aeca-ed40867699b9","15097","","",""
"ead86d95-e3ba-4c20-954e-5994c7ce6eb1","15098","","",""
"b24d95ce-121e-435e-b37c-4132cd9401e4","15099","","",""
"eff47a2e-15bf-4f5d-9f44-35bc53e54231","15100","","",""
"68ab7d7b-5de7-4327-a261-ba42b0be7911","15101","","",""
"5dd38fe5-eaca-4222-8560-cd89033cd930","15102","","",""
"d49ed3ba-9acc-4b3a-b273-4cacf0ccba9b","15103","","",""
"8ad29bce-2fa7-4594-aa4c-116df7e91d05","15104","","",""
"1d976155-9c41-4f2c-beb3-4eb1d9d346a8","15105","","",""
"d148cd1b-686a-4b6e-9424-9b23747858d6","15106","","",""
"934161ca-d930-4d07-b8cc-aaf451ff1937","15107","","",""
"e365e6df-6ed8-439d-b751-911ca7b8cc07","15108","","",""
"b3fb26fb-5bf5-4988-aaff-45cd54a4e7b9","15109","","",""
"551270f1-8bfa-4504-9e2a-64df39706a0b","15110","","",""
"e5cbb963-9746-43aa-af99-358ab7165235","15111","","",""
"1333dc29-d2ea-4f11-9976-27c5b615b564","15112","","",""
"a4de48d4-136b-4100-8a45-6a2c0d1d7a23","15113","","",""
"5c146545-30aa-42a9-86c6-9a882b2a5083","15114","","",""
"68a8b4e4-367c-48cf-b06b-faaf18a10c3f","15115","","",""
"230a47d2-8970-41d9-af4a-64fc46360756","15116","","",""
"6972ef33-2d24-43d2-ae8e-bf06da7dbdfe","15117","","",""
"22cee9c4-9e26-4085-a5b2-0bc7137517f9","15118","","",""
"f0f7fa08-c47b-4fa5-a28a-5b99b90a711b","15119","","",""
"d620a6f3-a7f6-40b1-83d5-470d6110d3e0","15120","","",""
"450fbb13-e09a-44c9-97d1-4dc24138424c","15121","","",""
"ac591ad2-f7cc-4c11-b329-934c708d6ebc","15122","","",""
"52f14ea7-25c4-4a5b-a3c1-8ecf41b42485","15123","","",""
"93900d28-7e35-4620-91e1-2860afdb0cde","15124","","",""
"1f089cac-5a91-4d7c-b9ef-13cf057cbf33","15125","","",""
"08cb4d2a-6623-4bb8-8b35-d4b9559fb340","15126","","",""
"1d5fc99c-227f-4147-b03d-b292d4fd2dae","15127","","",""
"3c6e927b-92d5-4f85-978c-274efae8e57c","15128","","",""
"c77f2cf0-ec69-4653-b503-e9acfd8b2171","15129","","",""
"c0a4d425-fa47-43cc-adcf-2eda5b5ec3f2","15130","","",""
"cf088a56-de4d-4c82-b4c2-5e8bc2b0c7c7","15131","","",""
"4206acac-fb02-44cd-8d5c-89f5706d6916","15132","","",""
"01f2a517-bace-415c-9ba7-36f8142cb528","15133","","",""
"f0acf7a5-738f-4ea2-996b-8f2f9c3c8d22","15134","","",""
"22005f5e-37d5-4a8b-a465-6abe0ac8982d","15135","","",""
"5945a07f-21db-4ed0-962e-519c1a4fb0b6","15136","","",""
"1d39819c-580c-4c06-8e05-3b9f22b9f830","15137","","",""
"7d8633b6-3b17-4c49-b929-fc23ba336df8","15138","","",""
"52c64e27-11b8-497a-94da-e8a5d7e5bf16","15139","","",""
"51e04c0a-9ba3-4bbc-8ee7-f91f2dba2782","15140","","",""
"4b3ca306-c762-437d-960d-2e0515466540","15141","","",""
"1ea29d1a-0eff-45bf-859a-064b1f82b284","15142","","",""
"1d97665e-8fb8-4b21-bee6-141f41c63c14","15143","","",""
"4c7f299c-21b0-4010-9347-d310fe0672b7","15144","","",""
"65180c43-e83c-4aab-9c12-ce538bf3d549","15145","","",""
"a09ff189-2988-4f86-83fc-d461e20816f9","15146","","",""
"30f902f9-e4b3-4db9-8c7d-80db390b82e8","15147","","",""
"d7cecd06-8bec-476f-88df-5e528d76df34","15148","","",""
"3b29d656-4882-4bb0-92f3-d78e1b3c9020","15149","","",""
"5d2f6c8e-dd31-48f5-a78d-80023b210624","15150","","",""
"c813e79e-3704-41d9-8a07-7914eee0220f","15151","","",""
"4ddcddbd-046c-488b-88de-ed0df2ba245e","15152","","",""
"c5cff14f-9261-4409-85b8-7cc3b23370a8","15153","","",""
"d4916bfc-9366-4a9d-9fc8-6203b9bfc36d","15154","","",""
"15416e03-bea9-42cc-ba14-c4bc7401776d","15155","","",""
"11f3ffaa-c270-44d6-a2a3-ade16de27f14","15156","","",""
"6dc4a5ac-7c75-46c4-998c-da77e10d918b","15157","","",""
"39a49b40-fad0-48dc-bb21-dc4c5abea6e6","15158","","",""
"4f81edcf-a7e2-4c95-92d3-28b69e9bb312","15159","","",""
"b49feb30-7b7f-4c57-8a44-14678c5aea97","15160","","",""
"802f8511-d7c8-4db5-9d90-c095af4ebc3d","15161","","",""
"6ce0722d-ba74-4289-9706-f96e07eb62ae","15162","","",""
"03a5b41e-50b9-47b9-a809-b73230a4a48c","15163","","",""
"5e4d1de6-2b89-43f3-8645-27ad837067fa","15164","","",""
"a3ab1309-c337-482b-a8cc-a5a2e2307aa3","15165","","",""
"01dc67d7-be92-4571-93fc-0ee7b4719a11","15166","","",""
"00ab9d8c-6dba-495d-950b-2d73de3b9d08","15167","","",""
"879a9470-0229-4306-a87e-512baaf63e27","15168","","",""
"30edea76-e8c2-4b4e-831f-afef51cd8824","15169","","",""
"cb538e22-9106-4ac3-86f9-e07bf5a4a62a","15170","","",""
"f2d873ca-d3c2-4f10-8087-1fe4c329782d","15171","","",""
"720b4240-7e66-4d62-a1b8-088024b3ce4e","15172","","",""
"f6109feb-072c-4432-a90c-4171f4ae299e","15173","","",""
"5ea28966-0f0a-45bb-8a45-a6b0fc40cffa","15174","","",""
"4ac954bc-6264-408c-a9d7-4da3f934e8c3","15175","","",""
"6bfba56d-4f8b-4e8a-92b7-75b05646ad6f","15176","","",""
"51ea4e0d-8495-4ad0-8786-9b1748e99db2","15177","","",""
"2f20f43b-dd86-4a43-8bbb-bef787d303bd","15178","","",""
"625c9aa8-534c-49f3-93db-03ce44bd97e9","15179","","",""
"f43b088b-0b91-4517-9e2b-329e1b8ece4e","15180","","",""
"98757e5f-945d-4231-9ad8-d5a778b17fb5","15181","","",""
"17065a95-748a-4966-bd12-6da0b9d7363e","15182","","",""
"60d555ce-13eb-4a12-a863-3c7df1172ffd","15183","","",""
"e08292cd-a0e2-4017-ad4d-070656bbe8cb","15184","","",""
"878a0127-0b90-4661-be7e-be198972d69b","15185","","",""
"7a90aaf5-65d4-47c3-b911-1acb84d74c65","15186","","",""
"7d686161-624a-45e1-b4d7-01642da62444","15187","","",""
"2db5c2a3-ce51-43b2-bb8b-831561306c8b","15188","","",""
"e366c7d7-8617-4cc2-a0b3-b21cbbf223d9","15189","","",""
"1a5ab556-2988-4d11-a570-3887cf021ab0","15190","","",""
"a5b9794e-6636-47fd-a5f4-9976b4a5f69b","15191","","",""
"67f7ef9b-a300-4c55-a578-f104d75befe4","15192","","",""
"e60ec8be-ae8e-44be-b109-543575f951a7","15193","","",""
"d7e4e0a3-63e5-4755-9b03-db0b74d91328","15194","","",""
"cb3b2788-cd88-4c3d-9754-3af896fff7cf","15195","","",""
"d95801f8-bc32-4093-8cc6-24beec2662cf","15196","","",""
"e0566a41-70ef-4f06-a0fc-5bea931465b0","15197","","",""
"085659ea-5f34-42a6-aaa7-cec80e85895d","15198","","",""
"667cc1e8-cbf5-47ad-b302-d3067280220a","15199","","",""
"1b1e7ca2-2ed6-4ad2-a94c-3531527c951b","15200","","",""
"0333d7d7-ce20-4d3e-9099-4a355caaec3d","15201","","",""
"ca6a67f0-5735-4798-98d8-cb6a4ba6c359","15202","","",""
"0055d226-6c65-46b0-99a4-c7aa98706d9f","15203","","",""
"8e1e73f0-c8b7-4b02-a012-7c826632abed","15204","","",""
"61b21e23-437f-4d21-a8a8-cd8a614b1b83","15205","","",""
"d5b42114-a8bf-4b3f-bb8c-e7fa46920a46","15206","","",""
"00d7694b-aca8-4e71-bcf8-04251c8c8b17","15207","","",""
"3b0843d2-ff2d-4d62-9ad3-347ea335fa73","15208","","",""
"18746266-9ec3-4728-8d1c-f2396ed9e087","15209","","",""
"a7f6c378-5804-4afd-8c81-cf7a0b3a882d","15210","","",""
"6e476530-cbac-41b3-b2b9-2948fcc5f6e7","15211","","",""
"0d88b4cd-8304-472d-a9c1-84c9eb77f465","15212","","",""
"a117efe0-aa73-4756-8401-4ea7384a8edd","15213","","",""
"a854e424-6226-49e4-96a1-e009960b6bbf","15214","","",""
"25415f96-789c-4f04-ae30-d8411f7eb285","15215","","",""
"5da203ab-9e21-4eb6-bc8f-6e9a34771b77","15216","","",""
"586629ec-8365-4383-800e-bc80c44c261e","15217","","",""
"80c7019b-851b-4e03-93e9-0e67c5566fbe","15218","","",""
"47dff47e-7812-45e3-a73c-fd3916bf8abb","15219","","",""
"8f0ff7b7-93aa-4f56-b513-ebff4e01a5b5","15220","","",""
"42466434-9280-411e-bfc5-9047d3c0197a","15221","","",""
"55a72d5d-1727-46e6-b343-c263ba8683ea","15222","","",""
"6548813c-ae4f-43ca-af00-70b66995f5eb","15223","","",""
"6a70ae03-b8fd-4643-ace5-5e22dd347694","15224","","",""
"97cdd586-614d-425e-b594-8276c55cb0da","15225","","",""
"631e6bdd-dd57-4781-91ce-12fff64012d4","15226","","",""
"c6edf358-4840-42d5-aaeb-8cba4c944f19","15227","","",""
"0a3f1dfc-05de-4332-b343-80d44d3490f0","15228","","",""
"7f0563fe-3779-42c8-ab5f-9e953a35ba69","15229","","",""
"fc304533-baa7-489b-bcf9-f91d501fc180","15230","","",""
"bcf37406-1cc1-4023-b4f8-f435a1c1ba10","15231","","",""
"ef11208a-a637-4169-9b57-d0cc57f5ff73","15232","","",""
"b603382a-fcd2-44b6-8d0d-49f6d9c17c6d","15233","","",""
"f00f2e97-17d8-4ef4-a78f-3419fb1cfb5f","15234","","",""
"8c282abb-e182-4c2f-96e0-9ef4b23299eb","15235","","",""
"762e6a98-7be9-417d-9573-5ce0fa342c6e","15236","","",""
"abfaf74c-f4b0-4b7a-bb3e-4f18c5c06bb7","15237","","",""
"e993f121-50ec-48fc-99ad-f978fd561464","15238","","",""
"2d4c0d40-0d0d-4fe4-b0d6-b4dd974d9596","15239","","",""
"88bb8db5-3568-4b86-b4ff-07f9e4659fb8","15240","","",""
"1b5da5e2-2084-4424-b26a-2bcf9f84da6f","15241","","",""
"6c6f5689-321e-4389-bf90-16f9dc9cf0c4","15242","","",""
"f0a23589-a297-41a5-ad5c-657ba1273d57","15243","","",""
"7597a69c-e16a-41b0-9df0-3ab38a58f4f8","15244","","",""
"bda00ac7-847f-4226-b98c-1945f9ae79d6","15245","","",""
"df4db1ed-9cee-4d0f-8665-05d76522784a","15246","","",""
"4b403281-4d65-4f4e-bdd8-ccc4f5fb9fd2","15247","","",""
"2847e900-3370-4d75-92a3-c1b66efeef30","15248","","",""
"2ea3b715-2492-4ff6-8599-7fdfd84486f5","15249","","",""
"f821cddf-3fe1-4e95-b982-9ca40e6f5e7e","15250","","",""
"33ab26ff-31f1-4e04-93a7-3960c1ebe09e","15251","","",""
"eca2eeca-dc90-4aed-aa9d-e96b9e0aee24","15252","","",""
"a1f98026-a488-403e-990f-5dede290ccf4","15253","","",""
"be845029-7056-4c59-a2ac-95b55bbb8d87","15254","","",""
"82baefa3-c94d-4660-9aea-33473e8406c3","15255","","",""
"45e8614b-90fd-4fcb-901f-1406b39a27ac","15256","","",""
"c5d285d8-5045-4848-bf82-0f2efb4252f4","15257","","",""
"bbd76fa7-200c-4919-b113-1449b1053d07","15258","","",""
"e5c2ea1a-abfc-48de-967b-d93ea5162db9","15259","","",""
"88dca95d-e0ee-4fea-9d26-22ebbdec7528","15260","","",""
"d9d5d69a-8537-4715-af19-ff975bc12f41","15261","","",""
"ff2c069c-4b80-4bc7-a3ce-873a286aa1cc","15262","","",""
"89fbf382-a1f9-4fbd-bd62-e0f7f41a66a3","15263","","",""
"e5fe493d-121c-4001-ab62-17fa22e02bc3","15264","","",""
"a81f8b52-fabb-43ea-b39b-683890567df3","15265","","",""
"d7e24b6e-e81a-4787-a6b4-68a42082c8b8","15266","","",""
"d80682f1-d8a0-4c79-987e-c6a412127aa3","15267","","",""
"0d3c00e8-e760-4df0-8f58-d2b2a562cb7d","15268","","",""
"e9db8a0e-bdaf-4249-a779-6c0e9e215e3d","15269","","",""
"38ae35ce-a73d-440b-884e-bf54fe475cda","15270","","",""
"d36fbe9e-58c8-4150-9438-7d46bd249b53","15271","","",""
"14634ccd-c4a2-4496-ba5b-82c64d09b586","15272","","",""
"353099b3-24dd-4809-abb6-aa7e0e02961f","15273","","",""
"6ada49ac-89d2-405e-af4a-9f8012ce776d","15274","","",""
"a0cccc55-4def-4daa-b9bd-75efbd5bb677","15275","","",""
"fe2aa64c-0095-4f65-96f7-f1bec4ed9bf2","15276","","",""
"58b507b8-c9c4-458c-863f-8075bb477dfb","15277","","",""
"34987994-dad4-4776-bde0-031944d72046","15278","","",""
"6e9ae26d-7c24-40a1-acc8-d33dd4c032b0","15279","","",""
"84b519a6-d858-4a8b-b7dd-c1aa9efd36e9","15280","","",""
"894161eb-cb29-44fa-a8dc-b2a69aab2128","15281","","",""
"c952d723-6cc1-4cbc-a158-27e6db049ea3","15282","","",""
"1f7a6323-d4c7-4607-9540-11338239e55b","15283","","",""
"32d930ad-b317-455a-94f9-f10afe5d41ae","15284","","",""
"f521d35c-1207-4adc-a495-dedb4bb96e43","15285","","",""
"fe2e0ad2-2ac0-4d2f-b2fd-963bc218373a","15286","","",""
"8818749d-0c94-46a0-9e46-604f7746a113","15287","","",""
"6dfe5bae-2080-487e-89ef-68a1c5ded5e2","15288","","",""
"f984d36f-fac5-4a42-a2de-468251703440","15289","","",""
"2594ba11-0f11-44e4-bc13-fee59e4112ae","15290","","",""
"3d1a90ed-f0ff-461f-9c00-5ea58659822b","15291","","",""
"d9bcbc41-12f8-48fb-9752-eb5961f45f05","15292","","",""
"32a2b355-e1e2-4aeb-8042-74bd2662ea9a","15293","","",""
"66ebaf04-1bde-417c-a5bf-6eea9e0dbdcb","15294","","",""
"8407192b-4123-4392-a2e1-c02fc69787b0","15295","","",""
"8ca00c75-d541-45bf-9aee-9ae9dc3140a2","15296","","",""
"567a1cc1-fb34-4e02-baf5-8f685552255b","15297","","",""
"45580c1f-dfec-4264-9513-d0e248462225","15298","","",""
"5e746a64-d2e6-4dd8-9bd4-ff963ec7e524","15299","","",""
"9766e22c-bcd4-428c-9eda-6cba5872fceb","15300","","",""
"3bcf51f5-a3a5-441a-b5f4-1b14048ac211","15301","","",""
"f65e6f63-eb67-4340-bec0-c5f2a93f5e82","15302","","",""
"bc589fe9-0296-49df-b04a-ac77dc95fc64","15303","","",""
"01d9ea26-c243-415e-b29b-0a0d4e9d8776","15304","","",""
"bc1396a1-d3df-40d3-ae2d-2a16357b4fdf","15305","","",""
"065c80c2-ffd3-409d-abac-49d86a8270da","15306","","",""
"b53831bc-6d07-4022-99fb-f48e352a6692","15307","","",""
"14e7f0c5-6f59-4df0-a462-686d04b6de88","15308","","",""
"3dd7d20f-1b29-40f7-ae74-0f14a2e1b237","15309","","",""
"492c63f8-a1a9-468d-97c0-333cf4095ca2","15310","","",""
"c9891575-6085-4371-8ecb-23450d86d8ee","15311","","",""
"8245e4d4-4f3f-415d-be1e-9f78fc920b6a","15312","","",""
"1f92003c-9ce0-4a16-ac64-63d9442ace89","15313","","",""
"4ecc8e92-8608-4fa9-bdfe-8f446b5173cc","15314","","",""
"7d6faf49-bc5d-434a-b82e-402fbde380e9","15315","","",""
"a0ac4915-7c6f-44de-a8eb-8edf1488fa91","15316","","",""
"97f2bb9f-8a6a-4b13-a693-9a33e9507c19","15317","","",""
"5f97a53d-2b57-45db-a440-dff323874f0d","15318","","",""
"b246d2b7-fc2b-479d-8646-23086b985df0","15319","","",""
"9b693f77-888f-4fde-b436-efdd89b1c65e","15320","","",""
"b6ff0d6b-1557-458b-b554-a1e4904823d7","15321","","",""
"876ae9ac-a39d-4a37-8eb6-ff5fe1a667c5","15322","","",""
"71187137-e8ee-4add-a1c4-ad15b6436e38","15323","","",""
"be291b84-c2de-436f-9ef0-86bec10d386e","15324","","",""
"13ecc544-b334-4f5d-8493-de27e6f41a36","15325","","",""
"62412403-3e20-4d4a-a6f5-983c5ba8964c","15326","","",""
"f8f778f6-0cab-4e7f-80f4-5e9e34bfffab","15327","","",""
"c2747eb4-4567-4bbd-b248-0231b1627a51","15328","","",""
"f792cedc-2a78-433f-a991-a6f890a5bfd3","15329","","",""
"98223024-c22f-4496-b1ba-dee7b90f68ba","15330","","",""
"a56d4d48-abea-4e52-922a-38ecda367cab","15331","","",""
"6fede153-9b7f-4c59-8378-17b6aa5c0975","15332","","",""
"7d8b8a2a-97e1-4f34-8737-5d088d3774ea","15333","","",""
"42d80d9e-ed4c-41cd-a7cd-5855e5b7ce6a","15334","","",""
"6c9bff5d-1853-4671-95fa-1fd3482c71f0","15335","","",""
"cf8d2da6-fcf4-4c43-9e06-ccbb895ecdc2","15336","","",""
"1fcf80df-6ed5-4063-a1dd-e247669b7581","15337","","",""
"eb0d7a9a-5634-4f5d-a3cb-e07b74de4eb9","15338","","",""
"3a30cdeb-3586-4e62-8b5a-0824a67ba018","15339","","",""
"f0957fbb-f5dc-45d2-bb12-c8b87c683c8d","15340","","",""
"20c9fd84-a723-4a88-9d5f-adc87862e695","15341","","",""
"dd4a6d01-040b-46ad-b1bd-8596c6e98ebc","15342","","",""
"be543fa9-a047-41c6-8693-377df5c5cb03","15343","","",""
"349702c4-bb82-4b1b-8eda-cde2bbaa776d","15344","","",""
"0b1581c1-10be-4fed-9c1e-da2830811157","15345","","",""
"7facbd82-cc21-48b6-9eb9-918ae458ae8f","15346","","",""
"7911d5f1-ec7a-4166-8992-39c72c110df1","15347","","",""
"ee527421-f8d4-4b33-b50d-ec81fc65551b","15348","","",""
"f965276f-8223-4a6f-abfa-1578e555efe9","15349","","",""
"82593563-0987-4391-a3d0-39ac02773e5f","15350","","",""
"eac92632-c04f-4955-a9e9-2b5cb1569fe3","15351","","",""
"2b0ee38d-8d1f-4800-bd3d-a49c60a7fd5c","15352","","",""
"a11c0ef1-12ef-454c-9c21-8c3fdd6bc1b8","15353","","",""
"381ff584-db9d-41ee-ab86-c68939d65790","15354","","",""
"65cd116b-3a72-4734-9d86-86f59e4a108e","15355","","",""
"3b2c4a33-9fb0-4280-9aa9-838c404d0fb3","15356","","",""
"43ae3670-5394-443c-aec5-6d2a618a7e58","15357","","",""
"eea94fda-7704-49d4-bae7-1227fadbc516","15358","","",""
"d0adc6a4-da0d-44dd-963b-352f35447497","15359","","",""
"be1b0c88-19e3-4303-a06e-cbd611c37199","15360","","",""
"ac1be9da-7fc8-49f5-8f9a-3dd4126eae9f","15361","","",""
"fe3fc105-b460-4f48-9d20-945f0321aa42","15362","","",""
"976174ea-faee-4543-942d-1d8ad1dc4621","15363","","",""
"e6513af6-282e-465c-a56f-fd2654be59bd","15364","","",""
"4924eb4e-37b5-4102-b91d-fe7fd4ac7a44","15365","","",""
"2e5b75bb-5b8d-4ad2-b9b3-0313b093091f","15366","","",""
"e81d8dc7-f9da-4a35-8a0a-02afa086ede0","15367","","",""
"c9627935-1930-44de-9678-3506744407bf","15368","","",""
"92b7579e-092a-4d3c-bfcc-0b4ea3916ae6","15369","","",""
"df8a420d-007d-42fb-bf4e-12ac36f51045","15370","","",""
"3aff9ea6-8862-4c64-be0b-f97546bd05a8","15371","","",""
"72f10966-89d0-4963-96f7-8806363880f5","15372","","",""
"8c88ebf1-f7b4-4951-95b4-f7cf4d1bb155","15373","","",""
"2085ddd9-d686-42a8-8b95-1152d4f36d1a","15374","","",""
"7e31d22d-287a-4c23-8eda-cd63cc705f1c","15375","","",""
"2a071ece-63fc-43e8-973e-88403e44f870","15376","","",""
"047b01ec-da4c-41a6-90d0-7cfbef218cae","15377","","",""
"c2645dd2-1914-45c7-8523-fa771d3a3e33","15378","","",""
"f92a459d-6e3e-4f2f-bbfe-d3fe01ceec3e","15379","","",""
"b5850993-74d0-4b40-acb2-acbd6e61e614","15380","","",""
"1649d359-d46f-4ab1-84b8-41772ed7c4a3","15381","","",""
"cbe8d097-eeb9-4b85-aa53-c35529044915","15382","","",""
"df8d538f-55f2-4c4d-a179-9d592dcdab4b","15383","","",""
"2af10de3-bc8c-4d0f-b4f9-d03bbe305958","15384","","",""
"2d07f51d-0ffe-4bd3-993e-d6ace35c2646","15385","","",""
"87bde700-4887-4421-87bd-0491799cb45d","15386","","",""
"ca443683-d6c8-48c9-abe8-a6d6eadd1c33","15387","","",""
"e3506c8e-7115-4855-943e-46d09f4ea12a","15388","","",""
"ce49f9bc-71db-4a5f-8898-563e2244cb39","15389","","",""
"186b4b59-4638-4f2a-a985-546201a3eebf","15390","","",""
"ef5eec6f-7e3d-405f-8a16-9f40575b4c3a","15391","","",""
"c6105472-b96f-4dba-a6bb-301725846c31","15392","","",""
"a4874e4d-c1d6-4f1b-8c8f-c01005ddbdac","15393","","",""
"e26d27b4-37ef-4add-b519-f4b9aac99696","15394","","",""
"ec7cb1e7-eb6d-4495-a2f4-615e2a7bf114","15395","","",""
"3f247ee6-ef2b-4c6a-8d9a-153bfb72c445","15396","","",""
"dc3d4f4f-3eb5-4be1-97c7-0601ac1e44e3","15397","","",""
"0d02fe8a-01db-4b4c-9dff-68bba2844ebb","15398","","",""
"bda91b6c-f0bc-4bc0-962a-e4dd94fabcf5","15399","","",""
"4f33d186-2de6-4b14-aa46-c3a2252bbe0e","15400","","",""
"3ca2d29e-ce90-40bd-9004-56fb4e5f4d59","15401","","",""
"5788619f-9287-4ddb-ab49-e15a2a67bf01","15402","","",""
"d4ee76f6-4607-45f3-a2f5-a3bb2a9bc3e4","15403","","",""
"da14cb80-241c-4b20-a865-df576f9edce0","15404","","",""
"00aa164b-36b7-43f9-a169-bcf33ebb6ee8","15405","","",""
"6d2d256f-042b-46b8-bff4-a4b7b4003c0c","15406","","",""
"3a1fd41d-fe9f-401b-a26f-1cfa32458c83","15407","","",""
"fec3a9ae-84e5-4d01-bc2c-618d28bfae9c","15408","","",""
"d11467d8-40b6-4b65-9dd9-a10ae7a9af3a","15409","","",""
"5396884a-ae8b-48b6-9603-4a72ca6fba53","15410","","",""
"573f21ee-01e6-4aab-8732-020d022974c1","15411","","",""
"3088ebac-9a61-4021-9a25-fd2a1e85c60c","15412","","",""
"32fad998-aefd-4935-952e-16ed29c66b3f","15413","","",""
"60edd001-4bca-4b83-972d-d57c195cd45b","15414","","",""
"5a7862b2-a8ea-4b7b-acf5-31a16660e787","15415","","",""
"499920da-3776-4394-9a2b-7a3c45a59b7b","15416","","",""
"1fff24f9-fa18-413e-b2fd-117bd0e4e1c4","15417","","",""
"f3b41f38-aa81-4239-b8fe-c98d3d424a73","15418","","",""
"f69387f3-d2a7-4ff9-8cfd-85e0e2634a38","15419","","",""
"ef7d9d43-f86f-4e53-8a36-eb887371ec48","15420","","",""
"8ef3c3f8-dacf-46e3-a118-c01d89063e4e","15421","","",""
"7102fcf1-dac2-453e-9edf-0bd22b6066aa","15422","","",""
"d0f91e30-5138-4182-aab9-cc9f94d8c7de","15423","","",""
"fc454c4f-d6be-4e64-98fc-219d0bd37fcb","15424","","",""
"275c76c5-7757-4217-bda6-860c7a78a0ad","15425","","",""
"524f1fd0-2b65-4742-b005-b779a431be2b","15426","","",""
"077068b5-a8bb-4ec1-af21-cd97ad81ec42","15427","","",""
"04b64b71-9b11-4a9e-99e5-9271a732c5ea","15428","","",""
"56632d2d-7c35-4553-b125-13e314a900b9","15429","","",""
"c66447c8-9af8-49cc-950a-621e92c43033","15430","","",""
"2a07f3b6-08aa-4de4-b067-633927b29011","15431","","",""
"2fbe4783-bf35-43cf-a558-f27784037d35","15432","","",""
"d645e06f-2089-4c7c-ae7f-094cbf253d08","15433","","",""
"0e48e025-00e7-46b9-bef1-83289a0ebd77","15434","","",""
"fba6375c-06eb-4409-8e88-a0dad06d2efb","15435","","",""
"f71f3798-fe63-463d-86f2-d33ed1d41f7b","15436","","",""
"fe83f511-c15c-475d-9031-35bc1b05fc33","15437","","",""
"644e92ff-931f-4efd-8348-0aa769ea5dff","15438","","",""
"d4af03f6-fd6d-455e-9f51-2f1293b2c6dc","15439","","",""
"1fd44eff-e0f3-402c-908a-2d0644d3eedd","15440","","",""
"a5439348-1d7a-4574-bdcf-b399e210d740","15441","","",""
"c946a7f5-accb-4846-9dca-ee81188e4b00","15442","","",""
"793ab84d-e11a-451d-afe9-4cb9c875d1e4","15443","","",""
"28d08b43-517a-4988-a511-1e055f8017ef","15444","","",""
"902d2432-dbe2-4edf-a33d-ca9ca702ee0c","15445","","",""
"b447907b-3603-4351-b52d-2aa0ecf71707","15446","","",""
"98415a42-7762-40f3-bf83-1833ea6abf40","15447","","",""
"3eadd9ee-4365-41c8-9bb9-bb9947487871","15448","","",""
"8c761766-7dba-43cd-b1ba-6bae5ecfea2a","15449","","",""
"31ded52f-a4e5-467b-91d2-0cf6b5dba039","15450","","",""
"f7aaeb9b-617b-4277-b71c-cb588ab30eca","15451","","",""
"98be195c-b173-4c96-86ed-88fbb9f0a2a6","15452","","",""
"61bbdf27-7173-4435-ad26-b0975e9db9ce","15453","","",""
"ffbfae07-bc9a-4a8d-99ba-f9b31920225e","15454","","",""
"d915e5e3-2b08-4582-9121-bcf3353dcb4e","15455","","",""
"a2533b0c-51dd-4208-ba27-250a2e609276","15456","","",""
"89b01564-1f7b-4769-bc1b-0a43616036cd","15457","","",""
"c2799aa0-e051-444c-9c6b-aaea31905804","15458","","",""
"321db7f0-93ea-4c03-b07a-3bfeb0232b2b","15459","","",""
"f627c6db-d80d-4786-a421-c507fcc53a5c","15460","","",""
"c659d169-9335-4113-a699-d3a1d0c50a3c","15461","","",""
"6a783d1b-ebb5-4966-b854-f70b6b4eb986","15462","","",""
"1f70f2c6-027a-4166-a042-0e3f955aa0f3","15463","","",""
"77f3e9df-1cd4-47b0-8b44-103c4e51c986","15464","","",""
"f01e185e-0c6c-4698-b6a4-9ed3ee573c92","15465","","",""
"9696ac5d-50ec-4564-a530-e4d110493ad4","15466","","",""
"199ef65e-8831-4cf4-a683-6ecf13082b6b","15467","","",""
"3c71af8a-825c-424a-978d-73b7c8825e10","15468","","",""
"f1a7850e-d906-4836-8423-84b5eb8dbd09","15469","","",""
"a8e0ae46-bf6a-47b8-9f35-635b3c5c9636","15470","","",""
"b0222dd7-0d10-4e6b-aaf5-f7390ee08c3c","15471","","",""
"155ca43c-982d-4fde-8fb6-a11a3449daf7","15472","","",""
"6ad17155-ba33-4034-8827-257634a1f24e","15473","","",""
"8d31b0c7-71df-40a0-862a-66df433375d3","15474","","",""
"8d3bb4f9-5a67-4ef8-b57c-53e76dcf90df","15475","","",""
"94e44307-7eb4-424e-913d-a925adf21c8e","15476","","",""
"df864803-a989-4927-9a22-d4889e735abe","15477","","",""
"02282eb5-ccd6-4d2b-b7ec-f8e3b0171396","15478","","",""
"8812e8b6-fe09-41b9-8a73-da79613f2287","15479","","",""
"bb114121-8caa-47ce-9575-cde648d13b29","15480","","",""
"9026fb00-fbfa-4f11-a1aa-2fde65dd9b31","15481","","",""
"9628f358-788a-4cb5-b090-c66913573af7","15482","","",""
"951c0a9c-7aab-4984-b6f8-e24ee721d158","15483","","",""
"fdc9dd45-0045-4e80-80ae-0fc300b48fd1","15484","","",""
"194c9667-74e1-46e9-8547-02c899dbc29a","15485","","",""
"a1ea31ee-28af-4575-a008-1430caef5584","15486","","",""
"4f55c04c-dca3-47eb-b723-e610f06f17c1","15487","","",""
"39447d7d-0661-4c32-8d67-754ecd28be9a","15488","","",""
"a8325b31-ca96-4949-b7e1-cd00e338c102","15489","","",""
"60b52519-738c-408f-965a-18d33ef77ce5","15490","","",""
"329a860a-cff1-4bb4-9305-269e0c149d59","15491","","",""
"39632a3e-0cec-4d3a-aa02-07cdf73139aa","15492","","",""
"52c83881-c846-4660-81e8-0d4d9b3adca1","15493","","",""
"cff57bf6-e2ce-4610-86a2-48c23c5b2b13","15494","","",""
"9a30ee09-f052-4f95-a3d6-eb01d6502646","15495","","",""
"f69282d7-3110-42c5-aef4-7c1146186517","15496","","",""
"72ed397e-83d4-4364-83ea-e827c10a9271","15497","","",""
"af07ee42-1d8d-4127-b089-7cb61067b5fe","15498","","",""
"b40c0814-9b87-4781-9f55-76834f0cf801","15499","","",""
"b2b0316c-1010-4602-941a-8dbc2c8ad567","15500","","",""
"358a750e-eb81-4ffb-9fa2-8aadadb38940","15501","","",""
"b27623e0-8295-439d-9765-abceba45896d","15502","","",""
"0b0aa74d-9851-4d04-9a7a-e4cf52f3c1f2","15503","","",""
"43361bc4-dd44-411c-87df-db7380b3718e","15504","","",""
"e0de7519-70ce-4756-b3d7-8d862dda4733","15505","","",""
"a7e83682-98b9-4b24-9c89-d7d70f3685be","15506","","",""
"ffc2f3be-a6d0-4604-815a-da5beefcc3fa","15507","","",""
"cba68667-72d2-49cd-bb04-6143b86d8294","15508","","",""
"04ed77c5-467d-41c5-903a-c31610ef8662","15509","","",""
"afafdac4-c8f0-40a7-ba35-bfb6eff1b092","15510","","",""
"42db93fb-0bfd-4b69-ac7d-87b7ebd84bd4","15511","","",""
"559587bd-4f42-4761-9921-66003d0ea7db","15512","","",""
"877d24f8-5428-403d-ab03-5b5d92833d36","15513","","",""
"3c29d0ea-cb79-4069-b310-eeb98e9d6a9f","15514","","",""
"4593ee02-bff4-46b2-9810-028aef863d7b","15515","","",""
"974b4788-b243-4f54-84be-148d569cc52c","15541","","",""
"51a140a3-50a9-47d8-8250-109297b48256","15542","","",""
"595e9e10-428d-4ac4-b0f6-f5fa19b04c01","15543","","",""
"780c0d84-5e44-48dd-b6df-a40da4651091","15544","","",""
"e8022465-b9c3-4d7d-b72a-10eeddcbe6d6","15545","","",""
"4ba17ed3-41a0-4447-a3db-d215db23b1f6","15546","","",""
"140e1f37-cc6f-4145-b1a1-cb14b396101b","15547","","",""
"5f8f4b1d-8dc8-407c-83b5-63a9d855726e","15548","","",""
"9971146f-c71c-4ecd-a0f3-d94b5e00b93a","15549","","",""
"978a87cd-b039-4ace-abc7-69b2ccfc1a30","15550","","",""
"ef1b95d8-5ded-4b35-be4a-c9379c011b62","15551","","",""
"475750f2-b8c7-4567-875b-7b569a15a757","15552","","",""
"e4467f21-cbbf-4d08-93ba-4486ab65c6db","15553","","",""
"2f92a80e-ffe2-4be0-a765-d78a9ca9df33","15554","","",""
"b8a6dbd1-98a7-4abe-a05c-99eb701f6646","15555","","",""
"b39cfc4d-7d4e-402b-abf5-a91b3fb296a8","15556","","",""
"db57bbad-3da8-435b-9676-a624ebe6e8c0","15557","","",""
"de185b34-65ce-4052-9757-462b6f3e01ac","15558","","",""
"ab725d65-7b48-48e7-a7cf-3e89d29316c6","15559","","",""
"bbe8c4b7-5b8a-4a86-bf62-fae4f040f84f","15560","","",""
"87733dd6-934c-4ebe-9511-153700099a38","15561","","",""
"1c13fd6b-71cf-4fe9-b824-f09c72b7d195","15562","","",""
"ca198a45-48fd-4025-9665-f5b19e3c8c2b","15563","","",""
"422f52ce-ce34-4bba-a6b0-d3f75de66e42","15564","","",""
"f1f766c2-3791-4de8-8719-d1df9ca9df53","15565","","",""
"bea3dacb-329a-438e-ae50-a55426b6048d","15566","","",""
"b899e92f-c6ea-4a41-9b71-137c6f580319","15567","","",""
"26fdef10-380c-4d3c-8b49-96a1f0258ffd","15568","","",""
"cc70c1b6-1061-49a0-9063-d7f7bfd05e4a","15569","","",""
"ca341668-fd5a-4173-ae90-679128b34190","15570","","",""
"b8fe894c-7464-4f16-9c05-ff956453757f","15571","","",""
"04aa84d8-3aab-4b2c-bb6e-b2dc0bc3c581","15572","","",""
"5f5b757f-ff02-482a-93e1-5f1781054921","15573","","",""
"6a44f4fe-cc76-4cac-9a3d-c2ebce7a4e4c","15574","","",""
"da76ef67-d6cb-4c0f-b2e1-d6bfd5afacd0","15575","","",""
"6cbc9c08-c400-436e-94ce-aa866fd5af80","15576","","",""
"71199585-3df4-493a-8788-110738282893","15577","","",""
"3e092f5f-8686-4db1-9fcc-1c4c132a26aa","15578","","",""
"b4c13ad8-4445-446e-99f4-bc019a840562","15579","","",""
"e6bbc66d-6611-4b36-b609-fc07b5017df1","15580","","",""
"ee73c6e2-3c8e-4216-9097-abbfa972b674","15581","","",""
"f7adf107-d8af-4e16-8323-11a9438435bc","15582","","",""
"2c4d2491-1a5b-44c3-8eb9-5b9d14c83467","15583","","",""
"0aff2f6c-7897-4a67-b71e-a34197cde278","15584","","",""
"dbd88082-1038-4527-b797-a68db4ca4f87","15585","","",""
"5f009c67-82cc-4c96-815b-d215447cea63","15586","","",""
"bb9df2c5-a1e5-437c-9894-04ad9a8f9194","15587","","",""
"04040c2e-93b0-427b-804c-d4d2d149384d","15588","","",""
"a8ddcc85-7e98-4555-94be-f2e264b0fe45","15589","","",""
"0b4993e9-e5f3-4f3d-8810-62ad3dd591bb","15590","","",""
"03bccae5-09f0-4976-84d2-c3ac90ecd45b","15591","","",""
"adfbae3a-345d-400a-bdbf-fbffbb55a61b","15592","","",""
"5674ba34-5c31-4711-b6c4-5d42d090f650","15593","","",""
"3166ee2c-1930-4f3a-b04d-b08930f22af7","15594","","",""
"9fc5480f-0b98-4e92-812a-d8276683565e","15595","","",""
"76f7a28f-ef10-4e2f-9fff-63ff36c9a5d7","15596","","",""
"c9cadc1a-a903-4a5a-9870-b110a60f7d9f","15597","","",""
"98723388-c9b6-4b0c-9b6d-2b23bc701ad3","15598","","",""
"4fa0c834-c352-40fd-9a9a-91e5f4aa2eb7","15599","","",""
"e93f173d-3061-440f-a0ed-1274820f3e51","15600","","",""
"249b2dcf-508a-41ae-a8d0-91f669b252e6","15601","","",""
"9b172536-7493-46e0-afe9-3f13474732b3","15602","","",""
"0f0b09da-74b4-4dab-be8b-b008040f2a16","15603","","",""
"32cf7718-f88f-4b2a-8bba-1810f644968c","15604","","",""
"e19bf775-50ab-4930-bb05-e0dcaaa1b426","15605","","",""
"62180715-0813-4280-9e6b-6d63d6f35659","15606","","",""
"fd20598c-ef4b-43c5-9d0d-6391e2b4d965","15607","","",""
"b2c96e5d-62d1-4491-8482-e477d17036a1","15608","","",""
"cdf0ba13-f9a7-49d1-96c1-8c68da6b485f","15609","","",""
"06bb9b3c-1d02-499f-a58e-840404d40b40","15610","","",""
"326037b6-9cff-47e6-98d1-f14c69f6c891","15611","","",""
"11c7cd9a-db5c-4d4f-a18f-374dcc3566c1","15612","","",""
"3bc2dd8f-8b60-4a9b-af8f-8823bdad2f43","15613","","",""
"98da43ef-c4b9-4097-976a-0ce4ccd66d66","15614","","",""
"23383cd5-d011-4601-ab2f-5e510de875c2","15615","","",""
"f4da8685-7e9b-442f-a3f0-af3e274232ff","15616","","",""
"30f7c987-9c79-412f-ad46-003fb9b9dd0d","15617","","",""
"9e56101e-81d6-4355-b924-b1f840e7b69f","15618","","",""
"6cfe1648-49f0-4895-a25d-c7b71e729b45","15619","","",""
"b0465b90-4881-4fa7-b436-10d9149cdd32","15620","","",""
"75b0a823-048c-4eb9-b8d6-791990a49053","15621","","",""
"40af3035-d852-4e48-afbd-2f93917e6be6","15622","","",""
"f170ff55-8400-4fa1-8a07-295579f13c97","15623","","",""
"a0a0e47a-3c02-4f33-9e9c-0b30145e136b","15624","","",""
"5c2aea25-d944-4f5a-a029-d8c9e9b7d1aa","15625","","",""
"8625b423-ef70-4b9f-ad9a-ad3cb73cba44","15626","","",""
"25ec695a-56e3-4e8c-8b45-3f8894fe2f4b","15627","","",""
"a7e22820-58d9-45f4-93bf-e3b62c08616c","15628","","",""
"dfd19157-34bf-4184-a1fd-2ff86a3862e4","15629","","",""
"6fcc0d58-5200-42d3-99d9-b799e2af32e3","15630","","",""
"2df6d25e-45d9-423d-8520-d7910084c581","15631","","",""
"921ccbbf-adca-4d6c-bbb0-cf4256dbde77","15632","","",""
"72e16888-14dd-4910-8286-b7f9ebadefa2","15633","","",""
"9c4d7356-8d3d-4d48-af65-f1a0afa8bf93","15634","","",""
"8a3ea633-4e28-428c-b257-5135a1c304f9","15635","","",""
"f180203a-4381-47ec-9194-1361d832e42f","15636","","",""
"b8d1f8f8-60c8-462d-bb13-5b7ef27d3ea8","15637","","",""
"f1096421-789d-427b-8f7e-1a48fe97c889","15638","","",""
"e9d85e16-1c41-42d3-ac8e-fd018026ae38","15639","","",""
"efec45ca-8926-4160-a785-d89478a43a73","15640","","",""
"83c17d76-a87c-4b78-a254-a87bf186bd5a","15641","","",""
"740aec86-65bc-42ec-9e65-c045b1ea5aa3","15642","","",""
"ccbb2a15-9e1d-4034-a658-c779a78daff5","15643","","",""
"22393f9b-2552-401d-91e3-9ca851839a8f","15644","","",""
"b21f72a0-d217-420d-9814-0f92d325387a","15645","","",""
"52ff4b54-03e5-427f-95b6-f3bf68fa54c7","15646","","",""
"66dd233d-8cb2-43e5-a845-fc8dd5588591","15647","","",""
"7bc0a538-cade-43cf-8923-216f8b24fa4a","15648","","",""
"31d6ed9a-4ca3-4f1f-8fe9-ff9d343989c4","15649","","",""
"7285510d-ce36-47ca-9f3a-6864f6064c4f","15650","","",""
"deb85c5d-7103-4ec8-8100-f120dc5ccf9f","15651","","",""
"35c7f7d2-895e-4d4a-b0f8-224cf2867d60","15652","","",""
"466782f0-7f38-442d-8ff3-f8176eeaae8f","15653","","",""
"cc4eaaa4-ed6b-444a-b89d-b4b364ac0fe3","15654","","",""
"3b173144-6706-4d0c-884a-cdb9820169fb","15655","","",""
"f489cb07-1551-4b0c-b7e8-8441e99873f1","15656","","",""
"6528544f-1017-43e5-a85c-24fd94f936b9","15657","","",""
"091290cf-03cb-4c13-967d-935a2ac63a2f","15658","","",""
"9e91e25c-07cb-44b1-9d76-4d5172d1c931","15659","","",""
"7e09d9ad-dc96-4ed1-8e3d-6b61edb7f390","15660","","",""
"4d6800ac-718f-4377-ad14-5311b1a30732","15661","","",""
"5abc8f35-21fc-456e-a715-0a05b2ae519b","15662","","",""
"9959a6fd-e743-4f94-bef3-3512f49da178","15663","","",""
"013a78a4-2a1f-4e8d-baea-a1d51355c26a","15664","","",""
"6c7f6ddc-7735-48a3-82d7-0bef1e8b385a","15665","","",""
"d345efc3-ee84-454e-a245-45f0341f0422","15666","","",""
"bea64925-25fe-462c-b946-e960e28936a7","15667","","",""
"b72ca861-0043-4344-976b-78f025861fa1","15668","","",""
"9d730129-ec4d-490a-bd51-3fe938852902","15669","","",""
"658a59cb-c6bb-489f-b26c-8ca9f11d6c23","15670","","",""
"c47672cf-bf66-48f2-92fa-934e9df91fa2","15671","","",""
"ee883420-54e8-4157-8c0d-7d5f05c4fd40","15672","","",""
"9d7bb249-68c0-4f7e-9d72-d3fe11336241","15673","","",""
"fefeec2e-47ee-47d4-88b8-e4b7829c1f40","15674","","",""
"b5299e7b-cff2-4944-bf35-d87f67ac770c","15675","","",""
"c924ff09-73ff-40ae-a87b-811420e86e94","15676","","",""
"f9d27d8e-90be-435c-bf36-8b1147056e82","15677","","",""
"d24eef6b-289e-4902-bc6f-318fc2ef50d7","15678","","",""
"64389305-bfac-4265-a462-07445c050cf6","15679","","",""
"f0084ec1-f236-453b-9006-22eb5b9dd069","15680","","",""
"6775d889-38f4-4d25-9225-321dfdfe805f","15681","","",""
"bd535151-26ad-403b-837e-3eb85b3f272f","15682","","",""
"47be63b7-4b85-4a2a-bb0c-083cc0a69be0","15683","","",""
"a4103836-6b06-4256-8914-6dc0b2ed3759","15684","","",""
"d25ee958-58a1-496c-8243-0acb8a78800b","15685","","",""
"6ec715db-30aa-4607-a075-1737c6027bb5","15686","","",""
"808ca6de-796a-4a25-983e-69bb64e68cad","15687","","",""
"793f4503-23dc-48b0-bb96-70a438b0f43c","15688","","",""
"83fead23-64fd-4057-be4d-a59961d9ceeb","15689","","",""
"f51f6de7-19ae-4d99-83a6-7a098ea2926f","15690","","",""
"30c9a724-6fd0-4e87-958b-cdcca2845d02","15691","","",""
"6eb3815d-bcec-4486-a41c-6bc0436ec8b9","15692","","",""
"bc5fec54-9981-4f23-97bf-3d9d9220928f","15693","","",""
"8786a273-10b3-4205-bd52-17ac7e8b7d35","15694","","",""
"c6de3821-f5b3-47ec-9904-aca1ed704655","15695","","",""
"431cb94d-20b6-48b3-a7f8-6084809c7fff","15696","","",""
"b7fd54c1-44fb-4886-a742-c114543e75fe","15697","","",""
"060bb5fa-5cfa-4f4f-85e6-946d2e9eaa14","15698","","",""
"89ea0a65-4020-4b9e-8bc2-749eac872fb1","15699","","",""
"314a1881-fea9-474c-83a8-6accef1fc4ac","15700","","",""
"783153f4-9fb2-4635-8fea-6df2a843b695","15701","","",""
"b77fe3fe-f8db-458d-8632-60a18c79b85d","15702","","",""
"defdbc82-33aa-4cc8-8fb9-289d9506e648","15703","","",""
"467b7fc5-5f4c-45e4-aba8-aedaf26a4219","15704","","",""
"04e0272b-70b2-49a9-a5d8-57e9ad7b3e97","15705","","",""
"50ba4d7e-dddb-4b4f-a243-987b7a712625","15706","","",""
"0ae1f540-36e5-49f5-b614-ce1ef8f1ef62","15707","","",""
"edc011fc-3d5d-4676-af7f-dfeeadcc90fb","15708","","",""
"35cb4964-e0d9-4d63-83e4-588434a2381a","15709","","",""
"1ce0d51b-9672-4d10-8d63-a9625e9353b1","15710","","",""
"e37659dc-b664-4592-a1d4-12fc60cfe5af","15711","","",""
"344b27d5-8496-487b-973d-6e917fe31800","15712","","",""
"badbacb2-8586-40af-85ce-b6e846c21297","15713","","",""
"5d755a53-a99f-4d97-9ddb-beae65a231ec","15714","","",""
"c1e03a8d-ab01-4b2b-b938-cec59af86a45","15715","","",""
"914c6c16-7f05-404e-bb73-c4d201f87dd1","15716","","",""
"e04166e0-b19d-40fd-906e-4e6616a99a48","15717","","",""
"45b0e060-bad5-4467-9363-2e67633be02a","15718","","",""
"0c5af69e-e5af-421b-b3af-e8323493c215","15719","","",""
"814d36a6-64c3-4f5e-902e-f413f22e6cfa","15720","","",""
"8bc3ea22-7787-478d-a0fa-b942f1d11595","15721","","",""
"c6c04854-c559-46b3-8930-786b559fb831","15722","","",""
"f1541673-40f6-4db3-acaa-2849b67f4efa","15723","","",""
"d1630ee6-77f0-460e-ab74-302df8bb3828","15724","","",""
"8288eb70-541f-448a-955b-67781fcd2e9f","15725","","",""
"5cbafabb-c303-46b3-a4ec-e436cc3981be","15726","","",""
"2ff1c6e0-0715-4e4f-b9dd-4ecb23445ccb","15727","","",""
"8b6a9547-a9d0-4712-9e7c-66f0fbb6f814","15728","","",""
"b80747be-7405-4204-ac42-24da39bbf832","15729","","",""
"ad91dfa8-154b-4b27-a1f0-f89e931ad7f0","15730","","",""
"290bf658-aef2-4c30-a6b9-7dbc80390cfd","15731","","",""
"39d334d8-f136-41c9-9e9c-e3f0e9307a6e","15732","","",""
"df7b6eb8-81cd-4d40-b5d9-1229e3f148ad","15733","","",""
"e7848a6e-41d0-43c9-8aec-e3414e67f45d","15734","","",""
"307dac9e-4815-4a4c-ae40-f6f5e6a9d0e1","15735","","",""
"b0bca94d-7d47-4684-9449-d44d41e02a8c","15736","","",""
"fc2ef83a-48cb-4300-a369-f8f0c1f1840f","15737","","",""
"71661a05-d72f-4058-9c1e-a65b3b97c105","15738","","",""
"8fba2559-8a20-4ede-84ca-791997fe8db6","15739","","",""
"6cb67864-29d9-4315-b520-54342638c4c1","15740","","",""
"2baf17fc-4bbe-4860-b6f7-068baefbbc29","15741","","",""
"8193a77e-9966-48fa-8052-6072158fc887","15742","","",""
"dd3231c9-c1ae-4436-ab1e-b21ad6fae568","15743","","",""
"d4432624-53cb-4ddc-ad78-94a8c6673887","15744","","",""
"be2a89e3-aea6-4d9e-b071-eda83a5b4568","15745","","",""
"1085231b-f441-4fa1-a40c-78860ce4f2a8","15746","","",""
"855b5814-6d2b-4993-8998-a72e6647b79f","15747","","",""
"09bda2e1-2923-4c6a-a0c9-b36ed31cb2d9","15748","","",""
"ee2c9832-1a8e-4d96-bb40-2ffcead3aeb4","15749","","",""
"c0bf3cc5-7927-4f8a-99b9-2f804ca3fb5f","15750","","",""
"60129905-9411-4462-b0c5-ac3ef9be3e73","15751","","",""
"56772291-0f5f-43ff-a49a-e4e58dcb0e05","15752","","",""
"dfc39701-79ee-493f-9deb-0396d7740a96","15753","","",""
"8be94b34-48dc-4391-8c01-55dec0776b17","15754","","",""
"707d9aae-b73d-483d-a123-e84cc51e618f","15755","","",""
"0354e845-30d6-49bd-b156-e3f1e039e732","15756","","",""
"b873156a-3ba9-40ef-803c-73793dd68d67","15757","","",""
"c83f4d6a-a005-4790-b880-a67fd9a8d5d6","15758","","",""
"0f776dbf-8abe-46d3-8471-02645dc00c20","15759","","",""
"b023189d-6804-4acd-af17-0b666b2dbd54","15760","","",""
"97e7aca8-8975-4cb8-ad30-bbcbba9880f3","15761","","",""
"64639f6c-4a20-4079-bbf5-0888f9da042e","15762","","",""
"1ce2dd77-cef3-4853-9c3d-946ba9d2096e","15763","","",""
"e5c76e4b-7deb-4279-a184-0b103f523a41","15764","","",""
"cff3e051-8479-4f7d-a342-dd7372a8f28a","15765","","",""
"3ec59c0f-6dcb-4756-b4e3-640edbfd7a9c","15766","","",""
"b6ad7e05-7f50-4db2-aecd-bc5c7f7a027a","15767","","",""
"9e009140-7155-4c92-82d4-2b74aeef19e0","15768","","",""
"0ee68501-7869-4abd-b3c4-e11800dfc580","15769","","",""
"7b504e25-8c29-4a80-b842-24c986ad7333","15770","","",""
"a36a1a20-0c82-4950-be6d-24bdb4f53a3a","15771","","",""
"c52a24c7-fba6-4a40-805d-8cd7396eb7b2","15772","","",""
"bd34b3aa-806a-401d-8be0-56dc0a23bd94","15773","","",""
"ef326d3b-011e-4c16-bc38-2cff39b86940","15774","","",""
"3d978b89-ec72-48ce-9d3e-5132eb0b7b30","15775","","",""
"b334e46b-6326-4095-a9d6-7d91817eb818","15776","","",""
"090a58aa-3c34-4e8f-bf9c-7c9b20871e51","15777","","",""
"66ede1a9-49f3-44eb-8e9b-de235b18a52e","15778","","",""
"868a846c-a918-486b-9c10-46d5a661d75c","15779","","",""
"61bd19db-15f4-498b-858c-40a86c2ab5fb","15780","","",""
"580c0de9-90e0-4333-b5fa-f1ff4ef89c02","15781","","",""
"22d55d38-54e9-4a62-af81-a62acb6e8bf7","15782","","",""
"19e7804b-eff2-43b7-87c9-fba097af9c53","15783","","",""
"48c07e86-3e99-4424-a952-1b8438e57a67","15784","","",""
"b103bd1f-4972-443c-a39d-da5d83daaee5","15785","","",""
"fef8fd87-8b8f-4fc2-a8b9-e00383b3a5c5","15786","","",""
"70243340-caa2-4cbf-9302-ec6fc5ada322","15787","","",""
"2794e40a-7330-40a0-8a64-2866b4438a2f","15788","","",""
"42b77bed-c02b-4518-ba4e-6ac61a4a5872","15789","","",""
"818ec656-7013-4b64-af30-b2f16894f137","15790","","",""
"247b713f-bde7-4e22-963c-fb1e19050b73","15791","","",""
"4f195ba0-3dde-481a-82e1-04edcd5a488c","15792","","",""
"254d82d8-9601-4546-a2ed-85922b26d774","15793","","",""
"0cd1e531-0a79-43e0-868b-b30b6f6171c0","15794","","",""
"a1865279-5dc7-4247-983e-3485b200710c","15795","","",""
"a5089898-b2fb-479e-ad43-3d3f9070ecca","15796","","",""
"10e3deca-9c70-41b6-9556-02e7de028182","15797","","",""
"35a4866d-bec6-4336-8d03-0fc361f8658b","15798","","",""
"c7776de0-d4fd-4ce5-8b7c-84b58e395320","15799","","",""
"e93cc551-a4f1-42d9-a23c-0abc44412702","15800","","",""
"0a56a212-a187-4c44-8788-39053fab29ea","15801","","",""
"e9bcc0b6-84a9-4f1b-8826-cd9e46bacb3c","15802","","",""
"6137a72d-feb2-4472-bf1d-d61b033d6faf","15803","","",""
"b880042b-dd96-4019-9a31-266d18434ad8","15804","","",""
"54e47894-241a-4ad1-832f-6e8745eefb55","15805","","",""
"df336b73-4d04-4ab3-be99-60bde7a69786","15806","","",""
"6f633eb2-252b-4fb2-bede-74ffbd3df19e","15807","","",""
"5f5a4cc0-e80f-4778-a937-26124ed3d1d9","15808","","",""
"b556e4a0-375b-41ed-bbe8-7c14acd3b1fb","15809","","",""
"769a0c0d-3d09-457b-bcef-9f8a9a5e5e6e","15810","","",""
"793c1cfc-147e-4834-b09f-c92de8e060f8","15811","","",""
"0125d3a5-9107-4477-8e2d-1e7af5d6e9a8","15812","","",""
"676b9d3e-3851-49c4-b3e2-daa982edbaaf","15813","","",""
"b90f9e16-0b6d-4073-bf57-4bb22ae4ca02","15814","","",""
"0e5795b3-627a-4db7-a1ee-de969aab0e68","15815","","",""
"4ba1cd01-a101-4a84-ae7e-92c80744fa9d","15816","","",""
"c3b1d09b-5fe7-420d-ba3f-ff8849c101b2","15817","","",""
"317b7c8d-f886-45b1-9405-8e8a844d12af","15818","","",""
"09dd17a4-edd2-4794-8b0e-e29bdd3e6405","15819","","",""
"b468e676-f62c-4fcd-9969-ae39ebe90418","15820","","",""
"f33d16bf-dd80-40e1-b191-267ab5173396","15821","","",""
"5577730f-3c2c-4711-b6fb-c963b742c72f","15822","","",""
"998ca8f6-29e1-4a5e-a175-c0919364ad8e","15823","","",""
"2e7cdec2-9fff-412e-9a7c-a1fadfd1b611","15824","","",""
"fbfb8ee6-485f-4071-bff8-fa9963236b92","15825","","",""
"607646b0-5b18-43af-b238-a88d043ee560","15826","","",""
"f88db9d9-b3d9-49e7-9d82-a7ee8d7b6305","15827","","",""
"3361d0ee-d575-46dd-a452-9e198c87895c","15828","","",""
"8f37612d-96f0-4015-9012-12e8fdfb995e","15829","","",""
"49021285-d84c-4f9c-b3aa-50c5c4743e63","15830","","",""
"3251c217-7d3b-4442-a33a-cdecd5614ec2","15831","","",""
"91957c5f-3892-4a95-90c1-6d7961a1d31c","15832","","",""
"22cbc1fe-85f0-454e-b6a3-158ad1b0f8dd","15833","","",""
"dda4a148-80ac-44f1-b2fd-ccc80e709c33","15834","","",""
"382fc19c-b046-4ebb-853b-038d0352e196","15835","","",""
"889e6de4-be78-48a5-8a72-e9484dcc6903","15836","","",""
"9fa4b933-4db3-4b5c-b3be-c8a9ee9bf00a","15837","","",""
"66b7a411-6542-4184-8352-d176d2e34ef5","15838","","",""
"2e0cd81c-15b6-4e16-a8cd-22821961b3f4","15839","","",""
"26a84764-4423-4122-88c7-22e50240f5b3","15840","","",""
"d6ce2430-cc01-45fb-952d-6a80bd36cb0b","15841","","",""
"ff2518e5-1568-40a3-ade5-5c1b0d99914e","15842","","",""
"84ee999e-8bb6-479f-b61d-ac9941bc117d","15843","","",""
"e2a9a656-3ee5-4536-a9e8-74ce0fd38bfb","15844","","",""
"1e2e645f-6deb-403c-9820-f378e6b07dc3","15845","","",""
"437f8203-8c82-4d36-871c-1aa5866350bf","15846","","",""
"bd3ef59e-8f23-4e83-ae40-1bb48a2e888d","15847","","",""
"ae88332e-fba2-40fb-bd84-e73366983580","15848","","",""
"e08b8a8e-f9c9-4b03-8fcc-62b47def8227","15849","","",""
"3f983a96-08ba-4c9a-bda5-8b231c781409","15850","","",""
"b57f2cd5-653e-4d00-af4f-50a63d0b7d36","15851","","",""
"3f3e3896-e423-48bc-a845-795d12c86459","15852","","",""
"ec466137-49bf-4e91-9145-e34833b37d1c","15853","","",""
"0f8ff97a-73ef-4eaa-acab-e63ceac9bfdf","15854","","",""
"fca0413e-cee6-4dab-a1da-7b7c147efe0c","15855","","",""
"33d61979-5fc3-4a86-8ad5-230483b7c264","15856","","",""
"c0b9289d-65b8-4652-be58-4415706762fd","15857","","",""
"9126dd72-326a-43ba-913a-9332fe30e56a","15858","","",""
"9cf8db47-c794-4430-a81c-5cfa10e64831","15859","","",""
"f9d6f709-076c-4887-b5b9-823acc8f9b08","15860","","",""
"cc79069c-71b2-46f8-99c0-9ad3356bad3f","15861","","",""
"4811ff5e-056b-4c16-bac0-06df796b30ca","15862","","",""
"0cb21268-c2e3-4c2d-bca7-84bc0b5c1fe6","15863","","",""
"acbf93a0-b2a3-4509-8706-db31c616d91d","15864","","",""
"6adae119-1405-4bf1-904f-7605963ae85f","15865","","",""
"f9ad9b90-94ec-4695-a67f-6418f7c51da5","15866","","",""
"fdda8ac7-2fe2-4d7d-be67-96dee5314a0d","15867","","",""
"7a0bf334-86aa-4a5e-a36b-6080d273fc9b","15868","","",""
"371c909a-968f-4417-ab4f-b1af65c37751","15869","","",""
"0f86d656-4cde-49ac-b35e-fdef933d1462","15870","","",""
"17838526-fc59-4e70-bee1-12143eb3d253","15871","","",""
"b5cb5961-813c-4178-8036-2c870bb27db1","15872","","",""
"808d7581-2bdb-42c5-a96e-ca0b2a3993fc","15873","","",""
"5b61a202-7531-44ff-bcd1-8f2ea44aa418","15874","","",""
"8ad77709-d3d0-45e1-9e25-de6a58341abd","15875","","",""
"15e55fe3-4352-4b88-a47b-63d78da477d9","15876","","",""
"d6e6220f-e1e0-47ac-bcfa-7453d80ef66e","15877","","",""
"f089e0d0-c761-45d3-b628-905d2bf429a0","15878","","",""
"abc98ff6-be04-4609-b8a1-df0b475e96eb","15879","","",""
"110407d1-db7d-40f0-b7b2-67cd87772b18","15880","","",""
"e032fc5c-ddd1-436b-addf-a2382244f91b","15881","","",""
"2de13682-df85-40b5-9f4b-cc31a070c655","15882","","",""
"f7834127-c5e8-48d3-8b00-496c66847b4d","15883","","",""
"85956cd6-b852-4429-b514-f46e1fc2b3a0","15884","","",""
"3ba6fa8d-61c9-4e71-8074-84f87c55f72e","15885","","",""
"1aca1aca-1a17-4fb7-a050-b3ca362d89ba","15886","","",""
"0e46eb4d-9fb1-4928-ad98-9efa8420b951","15887","","",""
"7d3fbe61-4b0d-4a88-b18d-bf141986f435","15888","","",""
"d4baf018-ebc7-47e1-8c1f-948beb3a46f5","15889","","",""
"54ddbd44-01ff-43b2-9355-86784d025e42","15890","","",""
"b320055e-6963-4ad2-8a8d-3bbf5d73ca20","15891","","",""
"1ed479ab-5cab-40ce-87f4-7413e9d8ed48","15892","","",""
"88ca99fb-b44c-439a-98b1-1f65df8083c0","15893","","",""
"2be6968b-e4b6-427f-8e95-8feaa9b645d4","15894","","",""
"ce9c6da3-8984-4422-a9ac-71950f011b1d","15895","","",""
"5e3bdf53-0570-43c3-82c6-bb62076dc05d","15896","","",""
"4edbe45e-48d6-469a-bd87-2963789f3a58","15897","","",""
"c1fb53e3-9f46-4bb9-97dc-a9f9e7757574","15898","","",""
"cffcda6f-7fbe-4a0f-9ea6-ee7952a4bfde","15899","","",""
"22416e8a-4cf5-45fb-af5a-1e848225ccfa","15900","","",""
"3e5ed02a-5211-446e-8747-f94b2876d02a","15901","","",""
"75b072e8-a8d7-4435-9a55-2967d39257e4","15902","","",""
"bc2b03f9-4c93-4056-b565-df5ff25a5425","15903","","",""
"9e4292fd-39ad-4f51-9c4c-252b084bf65e","15904","","",""
"75998e42-56d6-4712-a6ff-82163c5a69ba","15905","","",""
"1d63cb3b-8b1e-41c5-a271-ac066ef4b897","15906","","",""
"9659e97a-4e21-4508-b1c1-ea1f36eb633f","15907","","",""
"5104b58b-bd89-43f6-a967-69dbf4142121","15908","","",""
"298fb417-a864-41ff-b6c4-bf4a5fb80b5f","15909","","",""
"d56bba13-c3d2-45b1-8843-635032c0a71d","15910","","",""
"ed7e4f6c-b69b-4544-8623-358caab50ea8","15911","","",""
"fe9cc172-17d6-4050-96d3-a5dffb736b2a","15912","","",""
"ce0cc892-a39c-44d1-b01d-6cb17882ecf5","15913","","",""
"9accf311-477b-4dc1-a95a-1176dd25473d","15914","","",""
"4c3bd037-65b5-4df4-8404-8ad26c058504","15915","","",""
"d2a3a7ed-367c-44e2-a9ef-fbc530182e91","15963","","",""
"7da1c9f8-36a6-4cfa-a67a-c36af3d078c3","15964","","",""
"04324603-1e63-414d-981a-d897844cb2c5","15965","","",""
"75d40a1f-ba5c-4ea7-8c34-127b9a7c5038","15966","","",""
"e0ab0709-d02f-40f1-9ee2-22f22541f87d","15967","","",""
"fa24ef54-c3b8-4ade-8446-dfb01a85af54","15968","","",""
"fc49d57f-12c6-4cc2-a37c-eff5a75b2977","15969","","",""
"eb82d098-52eb-4db0-b1be-6d6bf9a7db10","15970","","",""
"68062a8a-0f99-4e24-853b-ec388dc0465f","15971","","",""
"51087cda-c9a2-474c-b740-8eee52200329","15972","","",""
"295a4b1a-751e-43c6-bf7f-f9ba915c2a95","15973","","",""
"1da9bd8a-ab80-49e6-b541-d05f6511c2dc","15974","","",""
"77e27f94-63f2-4f6b-a728-6ec05f95267b","15975","","",""
"78209156-6682-44df-9a39-7571a8caa577","15976","","",""
"7673e1dd-e5da-45e2-983e-2adc9d292618","15977","","",""
"0e6256a6-f220-4c26-94b2-b668f776b33d","15978","","",""
"2a22f397-1a0d-44e1-bcf0-20bc85e6647a","15979","","",""
"e810a749-7021-48ef-a8f1-6caf17eefb1c","15980","","",""
"12156fcf-bad4-4912-8cff-e078d2d3280d","15981","","",""
"e95f98a7-70e0-49d6-8590-d939a2702b1b","15982","","",""
"5a1e5a8e-5d5a-47c4-a52b-555d2fe13eaf","15983","","",""
"cbe6c821-e233-42ee-8e46-2250270f6372","15984","","",""
"b0a56cc5-0a77-4899-b5d6-9819cabfcc1c","15985","","",""
"cc9b61c1-7429-4229-9596-ffcf3a33688f","15986","","",""
"cfd1a1c1-6ed5-4b18-a06f-87bc84829004","15987","","",""
"e7623075-7330-4932-beb3-1e485a7934ab","15988","","",""
"dac3ad18-40db-4f64-aff7-ed707772b070","15989","","",""
"929cf2e0-6e63-48c4-9ed6-5c36014da8fa","15990","","",""
"a10e1d42-70cb-4bd2-95a3-1fa7c519d20d","15991","","",""
"a1baabdd-a312-40db-b570-2c77d679b0d0","15992","","",""
"86dade29-fdff-4f24-976a-b2221eb65b9c","15993","","",""
"af7b56b0-c111-4c36-8f29-3d5a86484d68","15994","","",""
"85867883-71a1-459c-b811-a20c22bdb539","15995","","",""
"4e6af69b-9ace-450e-a5bc-b5484f191691","15996","","",""
"878149d1-8331-4c61-8526-0fa156a2a3e7","15997","","",""
"33b81e78-35c4-460a-9995-5c1d084d129a","15998","","",""
"82811440-f9fa-4a63-9639-1bf8f24d3a6a","15999","","",""
"d1c3f959-516e-4094-aff4-dc92319ff906","16006","","",""
"5666e9b4-b033-462f-b717-02fd24820a0b","16007","","",""
"b07f217d-9da7-466b-8f23-e82b54388bd7","16008","","",""
"e1a53355-0c26-4891-8c0d-264ca87a4af2","16009","","",""
"f2380cfa-b2e8-49eb-8021-8b3a1173c39e","16010","","",""
"08b90d99-371f-4345-aa74-565a3e228b80","16011","","",""
"05987341-b034-4791-b889-180668b79ca2","16012","","",""
"0c79b5b1-bea0-4f8d-b552-2d09e4cb2a3f","16013","","",""
"43ed6f64-d3f5-4298-a2e4-24a4a3e45cc3","16014","","",""
"1e559783-88de-4b6c-bf2c-c35e153afc34","16015","","",""
"085db5f3-28a4-4644-9c5d-66cea0d1e4cf","16016","","",""
"2a73b93f-5286-48c9-b094-36380baf8a4a","16017","","",""
"66553180-7796-48a8-8bd1-af540de847a2","16018","","",""
"d1c42411-7696-4a85-bbbe-ad7310537ab2","16019","","",""
"4b926e14-5e41-4fa6-aed8-4dd2057a73d3","16020","","",""
"660eaf25-8e27-41e3-8fce-57cdbddb37e3","16021","","",""
"f398417a-922b-4e86-b1ae-3d99810f7dfe","16022","","",""
"7381a395-6962-4b39-a656-944f48aaccbb","16023","","",""
"40149a91-0400-4fc3-976e-a7435e73c8de","16024","","",""
"84ec0790-e9bb-4010-a8e6-04e30c5bcd6f","16025","","",""
"ef27b56c-ec4d-4f0d-aecb-74c3ec7ad620","16026","","",""
"0f781852-d7f3-4a04-a406-2e23baf39543","16027","","",""
"ec0ab579-e5b7-4480-836f-e9f6943f2939","16028","","",""
"7d31bae0-2621-4c15-9cb5-6915c22a5ce6","16029","","",""
"df36a0fd-61b1-45fb-ac79-d261c837ccaa","16030","","",""
"4b3c5d83-47f4-4dac-a3f5-e9a5c79ae4d5","16031","","",""
"7ae591c7-5ffb-4d33-883d-6715451a3d1f","16032","","",""
"72a9c743-3b72-4e46-9131-e5df4acedd7e","16033","","",""
"e50584fa-e1c0-481d-9d29-1f13fd87de98","16034","","",""
"026f1091-a85d-4e86-a200-a557acbf9d11","16035","","",""
"c15d03ba-889b-41b0-a55b-ac409e5daa77","16036","","",""
"ce83c812-8ce7-4cbb-9910-4c116ca3b739","16037","","",""
"be4cd0d6-48b2-4e66-86e7-6bda836947d8","16038","","",""
"cebca82e-fed6-40fa-b10e-673e1302e1cb","16039","","",""
"108a6b18-2f90-442e-808f-03c14dcecf22","16040","","",""
"70eb924f-1e18-4a31-9a06-1bcc360c5f7f","16041","","",""
"129fbdf8-847e-4e91-82e0-631213690dbc","16042","","",""
"f59ba839-d9c0-49ad-b0a1-ab180b2cae99","16043","","",""
"22e735cf-b81c-4b45-910d-23c36bf5df09","16044","","",""
"e3a19ff5-975a-4db1-9ab5-693fdae49240","16045","","",""
"940ff453-d2a8-4cbe-a7cd-8127b625b302","16046","","",""
"59f77d7e-e29f-4f70-8c47-7ab37dab0754","16047","","",""
"a9d445ff-5b7e-4067-bc90-6c328152adbd","16048","","",""
"816c7c8a-3386-4725-a32e-5d3062b111f6","16049","","",""
"890e8808-6c14-4464-94b2-3778db57d49a","16050","","",""
"1cb46a09-082a-476e-9b2c-00b7e887c738","16051","","",""
"1332e931-2838-49c7-a8fb-57106df1910f","16052","","",""
"19e46cf0-fcf3-4012-96c4-90e8cc6f8cfb","16053","","",""
"7b34e031-3bc0-4702-ac44-77d93832bf64","16054","","",""
"ab2988a9-bc06-4c52-89e7-18a68fa8c7c7","16055","","",""
"384872ca-3a46-4aac-a85f-9e16250d28cd","16056","","",""
"5f1f6308-48e9-495b-97ba-2bb792766cab","16057","","",""
"42744846-6e18-4df8-944a-f06ddedf15fb","16058","","",""
"4ffa752b-d6d9-4996-a2d6-5ab958499eee","16059","","",""
"0f1f35c9-9a82-4389-81fb-08b7045956c1","16060","","",""
"67374c48-4865-4fce-a3c4-604c1b6ebf55","16061","","",""
"2a0c6f7f-674b-4d06-84ed-825bbad7db47","16062","","",""
"a971a616-7a8a-42b9-ab58-b4eb736fc207","16063","","",""
"7cf0ff00-9314-4237-8557-4c762e51331c","16064","","",""
"0162c442-57ab-494d-90fe-d6c93263962c","16065","","",""
"ba057d10-a657-47ed-b44c-f57d9251610e","16066","","",""
"255db26b-2363-402e-8542-809bdf6bd8e8","16067","","",""
"3ffff04b-2f5e-4392-b9cc-dee1dcd17f5a","16068","","",""
"333195b4-6d41-4550-83ac-8bb68dfb86b5","16069","","",""
"30b71956-6e34-4b91-ae0b-f0c376956214","16070","","",""
"d3913fcb-cf89-49ba-b1fa-61aeccd38532","16071","","",""
"d3a0bc5c-e5b9-4c3c-adc4-c8d9352332e8","16072","","",""
"84baf5d0-7679-4aae-a2c6-623dc8b01194","16073","","",""
"4d0b4ce8-fa45-4f48-b0a6-19696ef7d51e","16074","","",""
"d31bcfc6-29cd-4c1f-84ca-ec82c035e86f","16075","","",""
"01f2761e-9c7b-420a-9983-66ac32ccb223","16076","","",""
"2651bb0c-d746-4a1e-ba4a-193f071c091f","16077","","",""
"d844847c-5c15-4af7-9924-661c7a01ea7b","16078","","",""
"ba5bbda8-8351-4879-8fed-c0a1b77dd568","16079","","",""
"42818239-7556-404d-88da-a55627e31a8c","16080","","",""
"4dafac62-da02-453e-b1d9-8177e8de9d57","16081","","",""
"1a67001e-f489-4339-a34b-b1d081c49fe0","16082","","",""
"f5083c2c-c493-4bc5-a0bb-337e51e263fe","16083","","",""
"64712d47-4821-4dc9-94cb-e3af7baa29bb","16084","","",""
"8ec78a39-ca1a-4f17-bf0c-36b2d5cd6f93","16085","","",""
"6553691c-aad3-47fb-9525-3b8bf7fc7fac","16086","","",""
"ecf52648-2a35-4b93-a682-0468d4630e67","16087","","",""
"ff26f6de-45e0-41a2-a515-d3a8bfadceec","16088","","",""
"79369a9c-4a1f-41fb-862f-8cc9a2e9dfd6","16089","","",""
"042f422c-0a0b-4b74-aa2e-e4cb79d723e6","16090","","",""
"aa89e07a-e42c-481a-89ad-f87a286b4c8a","16091","","",""
"bb40d164-694d-4760-b881-694787c16517","16092","","",""
"32ad9a34-7841-4465-83a5-ed24e865d54c","16093","","",""
"fe0839ff-b87f-47fd-a264-4e3372e1412a","16094","","",""
"82b4785a-6208-4e33-a8d1-9bdf4a59fbc0","16095","","",""
"c051cb72-50bb-4f24-bd8f-9d8df273e3be","16096","","",""
"81cfd84a-043d-4e91-b84e-2c44186c0398","16097","","",""
"bd8994a9-d25f-4240-a381-c1653e7779a9","16098","","",""
"e80cd7ae-cdef-409f-aa39-1e43ba71504e","16099","","",""
"94461b18-e6d3-4be7-be47-3e980796289a","16100","","",""
"189c1491-b503-4ee1-92b5-b37e9a951ce2","16101","","",""
"9da8fda8-7b80-4e0a-82cb-640d8db62ed7","16102","","",""
"6238c652-fcc2-4203-b433-be33806120e4","16103","","",""
"30e56a5c-f524-4c02-af8a-d6cae3bf3db9","16104","","",""
"9fa7b3cf-ca76-448f-8e6a-0b7b33d00ae1","16105","","",""
"31a7b1df-9586-45a1-b573-0c0d88810970","16106","","",""
"139d11b6-b175-4f09-b996-4bc19807f2e0","16107","","",""
"1229f7f9-ba7e-410d-8520-257c5094ea0c","16108","","",""
"e94b87f5-ca54-47c7-9559-b4ef166fb56f","16109","","",""
"c152011c-92df-4fd3-bec0-72351d6c0de0","16110","","",""
"17dbda3c-d7f4-49e5-9887-a700e011c756","16111","","",""
"3cdd623f-4102-45eb-8f58-0668a0f419d9","16112","","",""
"5d7b4174-c478-40bc-abdd-accc947f4fd5","16113","","",""
"8dfbee5b-af9d-4ee7-a9f6-82061fd7446d","16114","","",""
"9941c651-4789-4b01-9c6f-3b56e845115b","16115","","",""
"a326d60c-6bc3-46cb-abda-ee873f576480","16116","","",""
"195f8ef6-612c-433d-8fd0-f75bfd1ce676","16117","","",""
"5d792f6d-b21c-40ae-a1cf-ac1e4e3edd6b","16118","","",""
"0ee27cca-56ab-41f9-8cf4-9fcb8384ebb5","16119","","",""
"45e5a1b0-1a32-4632-9fd0-83b673dbc5ba","16120","","",""
"b44dd73e-5780-4f55-af34-f362e767578e","16121","","",""
"f683b1e0-897c-4f48-8b68-82f7e5f0a42b","16122","","",""
"eb7ba66a-7fc7-4d5d-90c3-f139267d67a7","16123","","",""
"6b0ac320-ea80-440a-821d-a11fb68508ea","16124","","",""
"6b2bea7d-980a-46b9-b21c-5ea1f3f8092c","16125","","",""
"1716e677-ce5c-4869-aefd-f294eeb87d80","16126","","",""
"53aecf6c-6f53-4613-99e4-9ebda6a9e17a","16127","","",""
"ac4cc91d-db19-43b7-87c4-f92f3881566f","16128","","",""
"5ba5516f-b122-4b03-8e90-e60ab70bf2c0","16129","","",""
"09b77ea6-6768-4285-a51d-e8ed84f57651","16130","","",""
"0734fc05-260e-43cf-88b4-b05c9539a720","16131","","",""
"5bd4fbef-da4f-4ab1-9357-8699bc416baa","16132","","",""
"96b70e81-7c80-4161-a650-2eda0bb87eb9","16133","","",""
"92a409c7-e937-4681-a505-bd7da2797fba","16134","","",""
"7a54690a-f041-4ea3-b001-0acaf3bcebc0","16135","","",""
"027c522b-2b19-47fa-b38d-a004db05a1cd","16136","","",""
"915ea1a7-4a4f-4038-bb4f-a01a98115f7a","16137","","",""
"f4735013-78b1-4872-90b3-fe87542d71f5","16138","","",""
"b153379b-04c8-4856-a64b-8d8376b9e502","16139","","",""
"0c613ae4-1d8c-4a75-9140-719194284a33","16140","","",""
"0859244f-1295-441d-9150-a14e5d1f9539","16141","","",""
"5111923a-578c-4059-b279-c4c2fecfb4da","16142","","",""
"7f2f7e9e-65a1-4922-a89a-8f3adeecb0d6","16143","","",""
"63602250-2f8d-4397-9356-ae7188d8ec58","16144","","",""
"c4a1dcec-ccf1-4c3b-a1df-c188c91309a0","16145","","",""
"3553a08b-8006-41dd-8182-e0e1569a402e","16146","","",""
"eed8f335-6250-4c16-a451-d4975c68e018","16147","","",""
"7201ec0a-df52-4035-b2d9-df10f2ec76f7","16148","","",""
"848899de-66bb-4cea-aab7-c2c5ad526588","16149","","",""
"693bc7bd-edbd-4d6d-a8fb-2d7dee4b21f6","16150","","",""
"96350de3-785e-4989-adcc-865871d85406","16151","","",""
"c70bf6e0-2477-48ec-8dd0-9c6e508811c2","16152","","",""
"76f96ecc-1bb8-4b50-b1b7-a14fa58a2da0","16153","","",""
"95527cc8-2016-417f-8782-4c385528cf65","16154","","",""
"ad41be6c-af28-4fa9-ad3e-c95b7b7883bc","16155","","",""
"fde3a7e2-9ad9-4527-bd99-623068786750","16156","","",""
"60aad72c-d269-4c43-8c5f-bee64e411ad9","16157","","",""
"f4beca6b-878f-44cb-be03-ab777920b03f","16158","","",""
"f944d249-cbb9-44e4-93be-71f7a61c4fb3","16159","","",""
"d744040d-9bcc-4855-98ce-edfdfc5a8597","16160","","",""
"a4e1865a-d6c6-40af-b4b8-aaf671e02944","16161","","",""
"6ac7dcc0-a793-49a1-b1e0-ee61a8080762","16162","","",""
"013a018a-12a0-4ca6-89b8-af4a9309b738","16163","","",""
"5996accd-4067-413d-9a8e-76dea91566c1","16164","","",""
"dada3c41-3575-42c5-90fb-d60de2d345ad","16165","","",""
"54b1c872-dea3-427e-851e-2bf1f0f95f4e","16166","","",""
"dfea6e89-6095-4209-aaf0-5b693c284258","16167","","",""
"621bcb29-3193-4c4b-91a2-ab59e89936d5","16168","","",""
"f20414d0-ac9d-4558-8562-30478d30bd6a","16169","","",""
"15f3c16e-f87f-404d-b742-a739a318ea1a","16170","","",""
"19fc93cf-2cb4-45fb-9162-185cdf52bcdc","16171","","",""
"9b03d2bf-f16b-4def-9211-6f0afd5d782a","16172","","",""
"ade94ae8-b5e7-41c6-8d02-4ae1c70501c6","16173","","",""
"f19c04c3-ce93-4248-8693-3b4aa59ac440","16174","","",""
"340ee76c-963d-48cc-b88b-4181ecc98548","16175","","",""
"7aa51289-64be-4cc7-b386-58255db971f3","16176","","",""
"95f74d59-bac3-4219-93e1-2d786a5f7d8b","16177","","",""
"55646410-72ec-45c9-a81f-198786b66029","16178","","",""
"63b4e91b-43f0-4f53-9d75-59332f2431b1","16179","","",""
"17396209-72b4-42ee-b01c-6c7c094b9592","16180","","",""
"52bf1ee7-f340-40dd-92a6-fadfd2f1917b","16181","","",""
"bfaa038c-b096-4b16-a2e0-9594df842ba4","16182","","",""
"27b7c882-7d11-401c-bc50-52d79a136ada","16183","","",""
"c26f426e-f152-4f2c-a272-d0fc5fc118a7","16184","","",""
"539c3b28-d8fd-4a40-98ee-7ca4ab3c72b9","16185","","",""
"c8891577-e443-46f5-88ba-5c6472cd62b4","16186","","",""
"e6e32333-54f2-4400-91ca-6e550d41663b","16187","","",""
"090aac33-3586-4c8c-a46b-8afda5d11464","16188","","",""
"ddf8ddb2-6cae-457c-a8fe-7b68dab6d227","16189","","",""
"ab6d8a23-7fc5-4d0c-b145-45326cf0946d","16190","","",""
"57f87c2d-d69a-4c4a-82c1-d23de6dd20bd","16191","","",""
"a1057cd3-7370-48bf-93d4-e38795bc6981","16192","","",""
"0d076fd3-fd86-4bc2-a34c-faef1b76f99f","16193","","",""
"c3b7503d-0b00-407d-a366-c0c482e060e8","16194","","",""
"d69ec611-abfa-43f8-aab3-1ad51dc78e65","16195","","",""
"350da19c-a51f-4b29-9e09-76308564d2f1","16196","","",""
"b73fad41-33ae-484a-90eb-f3e9ec5a4080","16197","","",""
"1febf310-a4f1-43c6-9f46-fac9128a95de","16198","","",""
"7da33327-aadb-4bad-8b45-e95b3406012a","16199","","",""
"991910c1-e0ce-4ed2-8140-2b80581763d6","16200","","",""
"d25cb022-b936-4c24-ab20-38d0da80a77d","16201","","",""
"2bc61d37-5cc0-4c89-92a4-743e6003d65c","16202","","",""
"fc835337-318e-4706-bb9e-349a1225e0c2","16203","","",""
"51b2818d-4074-438e-a2d8-6f5da6f2e0cd","16204","","",""
"aa7f7af3-c7d7-4874-a040-673a6aafb8ab","16205","","",""
"65261dc6-17d3-4128-91a6-4ab8106b0f9d","16206","","",""
"b7885a8e-4512-444e-9543-c39312564fd7","16207","","",""
"b546126e-b066-4a41-baa1-cb526446b84f","16208","","",""
"9922f432-9276-44c2-9d58-1528bb9d0d9a","16209","","",""
"09bc9afc-5269-456e-93a1-d7f27fb5a583","16210","","",""
"4b307785-985f-4e95-821d-93384c64be3a","16211","","",""
"33b9c95b-22ba-4d79-95b4-d7318d14d34d","16212","","",""
"0c1bee40-91df-4a8f-9639-43c8fd6f96d1","16213","","",""
"37918082-f383-4797-9e19-7829f70f8efe","16214","","",""
"bd2318a1-7788-473c-8a98-047c702303f5","16266","","",""
"8911a805-b4db-4ef6-8520-0226172e01d2","16267","","",""
"1e8ee2cf-d222-4771-a11d-6136518089de","16268","","",""
"c1ebf774-342e-400d-9184-4376cea968df","16269","","",""
"0ff1aefa-965f-49a6-96ae-bafc9d4b10aa","16270","","",""
"a4eaa9c9-be74-4221-b805-4ab811deacc8","16271","","",""
"0506e6b1-b00c-4568-b8fd-a2aa4941a1c2","16272","","",""
"c544614a-30c7-475d-b45d-cf07effcc6fb","16273","","",""
"e7beb821-8167-4382-81eb-a6d7a9c84891","16274","","",""
"3322310e-3ec2-4810-884c-f2735b656549","16275","","",""
"09481a31-b4cb-45e6-8694-ebeed272123d","16276","","",""
"2eb42ce6-7581-480c-9a0f-089f03d05392","16277","","",""
"a308fc7a-089e-48c1-9dfc-5c0b0b7a1ef5","16278","","",""
"d13bff1d-25fe-4b84-8667-2da39001b890","16279","","",""
"39a7ae90-0611-4a38-8df0-ce0ef3e56e51","16280","","",""
"36b38d71-e509-4752-a85b-cebc2ae4c598","16281","","",""
"fa3216a8-271b-4f1f-b9be-c86c93f1853f","16282","","",""
"54831d96-5255-43c3-9d11-955291d0b4e3","16283","","",""
"5949b6f1-2aa6-44de-946e-dd2f119ad9d5","16284","","",""
"db9ba3e6-3668-4874-8365-5c85dcd7e8a8","16285","","",""
"962d6434-b504-4a3a-b0f4-aa26f9583b35","16286","","",""
"790286ed-5bc7-4ebc-8412-e60b8fecdbbd","16287","","",""
"706f490d-0a39-44a3-9176-40901d1887ff","16288","","",""
"32e9132e-d36e-414b-8fc2-9df95acc4a5a","16298","","",""
"d8c74c4f-8d09-4009-a51e-b3a3dccd3f09","16299","","",""
"4375462d-574f-4b4c-9d70-4766a9bad44a","16300","","",""
"a28332b9-d19e-435a-a35f-7bde052594cd","16301","","",""
"0d63e33e-57bb-48ef-bedd-7df9e7d90452","16302","","",""
"36c2f24f-0452-4f44-b383-45b90d976967","16303","","",""
"57cc892f-11f7-4a67-a8bb-ccaeac7150b8","16304","","",""
"6db44c05-eeb6-4598-b34e-0465d3128c70","16305","","",""
"9b1325b1-7e3d-412f-bea2-481b749cb6e3","16306","","",""
"33155d59-59cf-4204-83c8-0b82ccd938d9","16307","","",""
"c5ddf15c-224c-4134-b44f-65aa8cd159e5","16315","","",""
"af518c6c-af2c-4624-88e1-6b7f01ee2bee","16316","","",""
"39f1b9e9-680e-4c85-aea6-ed81e2727045","16317","","",""
"a3f34c75-9f98-43f3-9e33-c16ed1a35580","16318","","",""
"d352f065-610f-486a-817d-d89bfbc52df8","16319","","",""
"5503c18f-4b4d-4b21-b7d5-4977e88df994","16320","","",""
"53937101-21e2-4f7d-a5b9-a9f0e099217a","16321","","",""
"21bab2ce-8ea2-4775-b465-a14120c0fe7e","16322","","",""
"e7833601-b66e-427a-8fe3-109df3ba7a33","16323","","",""
"f6209aae-697d-455a-9600-577656800c85","16324","","",""
"a7994f24-2d48-450b-a71e-22462d9d628e","16325","","",""
"b57ae4a8-59a5-46ee-9729-e00028ba210f","16326","","",""
"e5307e16-4d21-4cdb-b0c0-edd29c112b6d","16327","","",""
"eac0a7d9-29f9-4e50-9e00-dc8b1d7434f5","16328","","",""
"da8ffbef-ed0c-4907-ba2d-14e8149eedb8","16329","","",""
"83bb6901-b6d2-44cb-ac28-888c994d281d","16330","","",""
"a09b0a38-0437-4d3f-ad0e-8989731cb964","16331","","",""
"20b91a2f-99f5-4d17-8492-79934a4efead","16332","","",""
"4468e253-cdf1-462f-8796-ce968af9bccd","16333","","",""
"933a1007-6d05-4c14-a6a5-2fe8de6234ba","16334","","",""
"3d179f4e-7b69-4697-a7ab-ce08f5f2a521","16335","","",""
"70fb73ae-c7a7-45bb-874a-9e10b946ef11","16336","","",""
"77547121-d0cc-48f1-b228-ab00b95c7711","16337","","",""
"7e727e0b-3dff-4609-b708-3c7349dbafaf","16338","","",""
"a333e03c-e2ef-4b46-87b0-fdb230ba286b","16339","","",""
"8701234b-682e-4871-b0fe-ceceb6bcbb05","16340","","",""
"18a2e064-e37c-4dae-b841-769869213ab7","16341","","",""
"14eb0877-9a80-4615-af53-1fe3bbc0c290","16342","","",""
"917462ae-15f1-4c37-bce1-0ce635ff98dd","16343","","",""
"fdbdd362-1d67-48e1-8c79-3edd83ddc3e6","16344","","",""
"60de4d5a-b2af-46f7-89fa-810e5d1331c6","16345","","",""
"7c18742b-4584-461b-bd4e-4a8ede73cc14","16346","","",""
"6d6228aa-e50e-4fe4-9a5b-f21ab230a447","16347","","",""
"004539ab-690d-44e3-9d15-56f2727d6251","16348","","",""
"11153de0-fd75-4476-b0bb-02aab17f5182","16349","","",""
"d83aee38-028c-4965-9f31-1a1c896ac41e","16350","","",""
"20a7d3b9-b0c3-4f74-bfa9-079605548187","16351","","",""
"e74ad1a4-d8e9-45d0-81a6-034d14694372","16352","","",""
"65c77ec3-d985-425f-93c4-7cebe6bf6d7d","16353","","",""
"eff3d7f1-5b24-4adb-85e0-503028e85fd2","16354","","",""
"09ace9db-c517-4bb0-8078-92dc8d465281","16355","","",""
"25af6729-483c-4930-890e-f885884d6c77","16356","","",""
"8479d6a0-157d-419d-bb52-dfa348046f43","16357","","",""
"737b2200-5974-448f-bec5-4d8b2db2f14f","16358","","",""
"26a67c5a-3e08-49ae-87cd-563ba839c348","16359","","",""
"b133f58e-abfd-4165-a8c6-14f94dc3b80c","16360","","",""
"2ed9d23a-9a60-46d6-a07a-3fbc1f9f9217","16361","","",""
"ebcf472b-c052-4f35-a28c-c93d3b456b5b","16362","","",""
"631fee64-a269-4972-8a3a-9f66e15a53c7","16363","","",""
"47d0cb0f-7516-4fc6-ad0f-57c263cf4362","16364","","",""
"b4b00f71-7471-4654-baf4-aa225dce59f1","16365","","",""
"a6e2ebd0-a0db-442b-b102-f19a2ca53e44","16366","","",""
"dd4dcc9f-2c06-40a0-842a-3b39617af9a9","16367","","",""
"37cf0009-c338-4f88-8976-17a45c748fc0","16368","","",""
"a759298c-76c7-4ed5-99f7-6810ddc2671e","16369","","",""
"073afe41-2ace-4a1c-99d2-5554f7c7ee38","16370","","",""
"44d4d056-06d1-4fb9-8f4a-c8eefb8ff23b","16371","","",""
"5cda29f4-094a-4a13-9c3a-eab13942ed95","16372","","",""
"50cd8778-3eaf-4352-9a34-c72671e1c14c","16373","","",""
"6dd413a6-ee19-49e6-80a5-3ec5c3a3e6aa","16374","","",""
"3a297d9f-67d6-4909-bd35-9d6639630261","16375","","",""
"b5656360-d229-4109-9f3e-cec2cb2bc4c6","16376","","",""
"96b46f1e-940b-4535-8f01-6bb1db3048c7","16377","","",""
"8f67916e-efe1-4181-8c7a-f87d5cb8ff0b","16378","","",""
"12f79ef7-cb95-47ad-acbe-ef8da46f8f2f","16379","","",""
"1cff03a7-f380-498f-8923-c450b393f034","16380","","",""
"8fde2f3c-f19b-4056-a7ba-4792d3bc1b5e","16381","","",""
"79f53eab-0315-4f56-a561-87b76fcedffa","16382","","",""
"a7713f71-4ccc-4ce2-a518-5a5f201cc60c","16383","","",""
"c26c8330-0db7-45e1-856f-c0549ccb7c4b","16384","","",""
"db136558-718f-499d-a676-fb268556bf86","16385","","",""
"a0d6b88c-e687-4943-a7f6-74eaf77bf74b","16386","","",""
"284d4a95-f5e1-46cb-848c-b6145f19bfe2","16387","","",""
"3dd1ceb9-188f-4c9a-8f19-41db16e0dab9","16388","","",""
"aa37f795-5a39-48cb-b5a6-61fce64cc8d2","16389","","",""
"d5be392a-3f12-4b8f-880d-0ea7be0df3d0","16390","","",""
"015da43c-3cf5-466d-9e8b-6c6433fb5a1c","16391","","",""
"0190351b-bfcf-4faa-80f4-9a4e59263d51","16392","","",""
"9bbee412-5ac1-4953-b09b-8355a710a77b","16393","","",""
"34d2f6cf-d25d-4e1d-b5a0-32a429194aa1","16394","","",""
"a8f9df7a-df78-4710-a40f-7762748c55a8","16395","","",""
"6fcb027b-c72a-4d54-899a-f362012b869c","16396","","",""
"011e2c48-805c-4a84-b339-683686fd0736","16397","","",""
"8c3b517a-87b1-4738-a3e1-104ea37f8c31","16398","","",""
"eb4d2303-c46c-4af9-b659-f426d2535cd0","16399","","",""
"7e54309f-06e4-4eb7-a87a-27adad510ead","16400","","",""
"519d2b60-490b-4c9f-ae64-07c0e9956cab","16401","","",""
"8622125c-a50d-423a-a0ea-5509a865d4c0","16402","","",""
"c0f9e980-cb10-4ef0-a382-7e54c7edbb10","16403","","",""
"e599e352-504c-47cc-a8eb-affbf0a003b0","16404","","",""
"28dea75e-e358-4f20-a993-b956a7629d72","16405","","",""
"024621c7-2489-4cfd-844a-ffe82b8dab39","16406","","",""
"c5e60902-30be-4bcd-963a-64d943da539b","16407","","",""
"7e8ed283-b19b-4a9e-8577-0d3767d4c104","16408","","",""
"98db5b02-8bcd-4f11-8d70-79620dc41d24","16409","","",""
"f8d64774-1131-42a6-aec0-e54890c10bda","16410","","",""
"380476e9-a527-4b4f-9de3-d3928ff6a373","16411","","",""
"523787d1-1632-4838-b75a-9c52c7e4479d","16412","","",""
"266d846e-960b-46e2-8c63-010b86dec0dc","16413","","",""
"59e7c474-f49b-49cc-a44d-765c4569dcf5","16414","","",""
"1a327d81-485d-4ce8-a26d-c1f4e6c051c3","16415","","",""
"a38c57c5-ea81-4ad6-a327-71948ce5455e","16416","","",""
"6e4eec5e-f9a4-4274-8c4c-ea9ad92445bc","16417","","",""
"0eaad617-21e0-4f02-83c4-257685ff15f6","16418","","",""
"ae2ba25e-6908-4ad8-b899-67d0a5fc2cf2","16419","","",""
"b23e0e8c-1cf8-40d1-a924-9fb98aa0560b","16420","","",""
"30caca58-d841-4b0f-a0f4-b675d6823a7d","16421","","",""
"aa4d7a59-c4fe-43ef-a6c5-356748d07f00","16422","","",""
"77b239dc-0f3b-449f-aa2d-4dff583b8fdb","16423","","",""
"4acb7b52-417a-4700-a3ae-90031e8fbc89","16424","","",""
"8d561ec3-3638-411e-aae3-55b0d0f793b2","16425","","",""
"e8080de2-d6ec-4dc7-b149-1588d30ffcd8","16426","","",""
"e499a476-e98e-4c17-b67c-7d432f4e503f","16427","","",""
"4ca7cd5e-6d55-4cb5-b80e-b43f8d899ba9","16428","","",""
"eca11c94-fbe1-4972-9623-df20cfab7fdd","16429","","",""
"afb9ca46-50a7-4272-9434-edcf54f9cd74","16430","","",""
"8a22ce78-317a-4680-af0c-d59a8b1acf83","16431","","",""
"b842e28a-f0fb-4c7f-b9fd-9b9287b4f65e","16432","","",""
"5d1e1cf4-29ce-402b-bb63-4adcab78b49d","16433","","",""
"366e5e9d-dd4b-4596-bb07-18b661896610","16434","","",""
"2c27cc03-dea9-4ef0-8517-98d32fedcecc","16435","","",""
"e2a7f7ec-532b-4bf6-a8bd-4ca40f58ab20","16436","","",""
"369e785b-fcc8-484b-bfb4-453302bd5188","16437","","",""
"987029ab-db5e-4bda-9f35-3531f5274bd2","16438","","",""
"9bf43940-252f-49d0-ad4f-7c3f5cfe6957","16439","","",""
"10dad6eb-fb2f-4a0d-ac36-fe5789776f07","16440","","",""
"48fa78ac-a5c9-4aad-91f0-4b00bcf1e3e5","16441","","",""
"b8592934-b41f-43ce-9415-4fdff0ebb7eb","16442","","",""
"d1025448-bcea-4b1b-b923-fda7a96347e4","16443","","",""
"f886cbbb-1cbf-45f3-bf16-2bf5f6f1315e","16444","","",""
"e081484e-a279-4ff5-b9d0-bf4d5bd917a5","16445","","",""
"c09253ef-6eae-49b2-af05-a3503b2c2aa4","16446","","",""
"06bb1f80-3c46-4bef-a77b-16e5cbc9c43b","16447","","",""
"6c1e8c63-ce3d-4464-96ef-ef8a4fa476a7","16448","","",""
"3ec04874-77d7-43bc-b90e-b29c1bc9afb0","16449","","",""
"aa24d0c3-2f73-4b63-992a-243da9dc06b9","16450","","",""
"cac6c002-89b2-44c8-9597-5d3cfed73172","16451","","",""
"4480cc63-f26b-4b14-9615-9c33ed97335d","16452","","",""
"90bd4f37-6d91-47ee-8d52-84e92d87e272","16453","","",""
"6a5a7510-4d3c-4627-a7f5-2bca3097e6ca","16454","","",""
"06020394-0cc6-42d1-ad09-79277643821e","16455","","",""
"5958e835-1804-46c2-be74-071d97bc37a3","16456","","",""
"bd699f81-b514-4fcb-8af7-f9d892fe4a49","16457","","",""
"7befe977-91be-47ff-b421-4685788837e6","16458","","",""
"0adc41c6-0dff-40fc-8648-40296f13a215","16459","","",""
"21bdf5a8-0b8e-4699-9839-089a9ce25390","16460","","",""
"e4a005d2-e4c5-4de8-a426-6931fa877a03","16461","","",""
"19c6e3e5-6d55-400b-ad2f-45c709d339fe","16462","","",""
"c9434a42-2252-4703-b22e-2f98420c83d9","16463","","",""
"450a6b7a-301c-4fcb-b026-1c5e012fbe49","16464","","",""
"221703ad-f1d3-4461-be0c-9cc3c78f9dd1","16465","","",""
"bde28bf5-3d68-4fbc-a907-9b6528dbd545","16466","","",""
"04b2d59d-2428-4b80-8e5b-c4e52da0a1ad","16467","","",""
"e3068ae0-d32b-4df0-81aa-e8d219b8bd26","16468","","",""
"6b3bf5a5-f2f5-464d-a5f4-db2338f306f5","16469","","",""
"bf42586c-52db-4444-b7bd-83731b9a2098","16470","","",""
"c646fe1a-73a0-4bf7-8d98-1dc6b8ac1cd8","16471","","",""
"3fb67065-42d6-4adb-ad37-1c277771ffc5","16472","","",""
"01000142-4341-4838-aa02-51a36e847374","16473","","",""
"d0a77d7f-bbb8-4af8-ab05-a6ea51fc9373","16474","","",""
"95de1f8f-d3c8-4962-b5e6-58f9c22ae882","16475","","",""
"e7413b14-1984-4c63-b3f0-8bdc303f830e","16476","","",""
"494251e9-bbab-498f-bdc2-b91d61975958","16477","","",""
"39388712-68b0-4faa-86e0-f98b7548b292","16478","","",""
"e92d7de0-d358-459a-83bf-534c784203e5","16479","","",""
"85fb4a90-8fba-4ac9-8b0f-c6eded883242","16480","","",""
"255e64e3-f8f6-4607-91db-643a3e332de6","16481","","",""
"90a36c6e-a262-4830-b508-39aaf589b159","16482","","",""
"5fa489ef-14ec-43a2-9ea2-4633caa6e22b","16483","","",""
"e6971fb4-f125-4bc8-a34d-51aeb855cdb1","16484","","",""
"9f7c1145-5941-419d-bd9b-7e023587914d","16485","","",""
"4405c99a-d45e-44b7-9594-0760ec3028a7","16486","","",""
"207c8dd6-771c-4b95-96b9-24ec3e7005c0","16487","","",""
"4a983d4a-fa9b-47d9-bb9f-25cfc815c6f8","16488","","",""
"132d5495-c972-4a04-935f-d8a2cc6f4b91","16489","","",""
"22b999a2-386e-46ed-8b50-28164936b8e2","16490","","",""
"a66dc5db-ee1f-4744-91c9-1cc98b43862f","16491","","",""
"6b4de6aa-8b40-4dbe-af3f-1adb9b0a5737","16492","","",""
"c7e277c0-1d25-42bc-85c1-d68709852f53","16493","","",""
"d38cd7d1-c89f-449e-b6f6-f0b941c9279c","16494","","",""
"258871bb-e4d6-4269-b355-078d9c31e7f4","16495","","",""
"ab4d23de-cc86-4aa8-896e-c4b6cdf661d1","16496","","",""
"1f63840a-312d-45b9-88c0-7e071fd46265","16497","","",""
"8730e312-3f04-4afe-b246-440f05324403","16498","","",""
"17e7fb3f-fc94-4b96-a968-ad90f7e0a96b","16499","","",""
"7f0a794e-912a-4b4e-ae32-543c0034eb4f","16500","","",""
"efb691cc-ae75-49ba-ad6f-a1745e71daef","16501","","",""
"913d34cf-e894-4b23-b108-81a56638bcbc","16502","","",""
"930f791d-48c2-4ebc-bdbd-c356568e69d4","16503","","",""
"74b1322f-9d5e-4c24-bfd9-8a4742e79423","16504","","",""
"927d8f41-fd90-4925-8d62-13538b6bded3","16505","","",""
"df8c795d-df64-4725-bb1b-31c13c120e2d","16506","","",""
"cd3d7abc-ad5f-44b5-af25-45f6b7e0dae7","16507","","",""
"6224d1bc-116c-4b49-b365-9b36336367be","16508","","",""
"cfdc2f98-16f3-4fac-a13d-34aa3004d4f4","16511","","",""
"42976320-e2b3-4313-9658-32a02cf09ef9","16512","","",""
"bfc569dd-9c90-4522-93aa-eb5dd23af40a","16513","","",""
"0fb4a11e-db8f-4063-94ee-2bedc887569f","16514","","",""
"f30e4a1e-9030-43e1-9f69-f97122f9c587","16515","","",""
"9e96dabd-801a-458b-9b02-1ee365508131","16516","","",""
"2316df9e-25e3-45be-a702-613b319b0fa5","16517","","",""
"dd70cead-7e29-49e6-ad16-6b8914c990e3","16518","","",""
"144cff57-99f0-40be-bbf0-eb39239221da","16519","","",""
"66aa9b18-ebd3-457d-9ef9-3aa34392956c","16520","","",""
"5cff065d-b1e5-4481-857e-ebeb2e175a93","16521","","",""
"6d81d034-fc62-4029-8560-ee0cf392b9bf","16522","","",""
"003a19c5-0f39-41df-81bf-313031458962","16523","","",""
"1b4296a3-4ec3-4ff7-8cfd-8c4e651839c2","16524","","",""
"53d3e42f-596c-4424-aefe-412997906fb1","16525","","",""
"9f0234ff-c248-49a8-ac1b-cff4b3d906ef","16526","","",""
"d60e3fc7-97bc-4b05-bd34-18ce724b3a09","16527","","",""
"cc76780c-2fe3-4223-88f0-4b393d697ef1","16528","","",""
"01567616-32c0-4b8c-9529-cf4daafe80b3","16529","","",""
"fe2c8048-3e6f-47fd-9bc4-0577ec60cae3","16530","","",""
"e4f775c5-3c6a-4e1d-9461-cbb3475f1d65","16531","","",""
"e843b756-618f-4663-9870-30486fb24221","16532","","",""
"2d8d7728-d1a6-444f-8592-be11b1463afe","16533","","",""
"19bbc628-7b54-415d-bb30-98e5c47522d7","16534","","",""
"a2e87424-54be-479f-bb60-4d9f488b1661","16535","","",""
"759d8386-8d40-41d8-8611-2cc053b7b448","16536","","",""
"d9e158ee-f19a-4258-8a89-a67a17caf36a","16537","","",""
"d6c588e7-d183-4c1d-9008-777e8387dad8","16538","","",""
"57732f83-6362-4e37-8836-9a21b38969fc","16539","","",""
"4e8c83eb-84df-4c93-bf83-46b72a33c62e","16540","","",""
"0514ffac-c5ce-4e8e-b7e3-82e7c4d62373","16541","","",""
"86335322-11c4-4d42-a114-827f480a5689","16542","","",""
"b2453213-40ae-439f-a4fb-0cb9162d3616","16543","","",""
"93bfd260-692b-4e44-96bc-ed21fc3bdea5","16544","","",""
"d033e9b0-204e-4fea-88cb-9b99f5c31a18","16545","","",""
"a89e7cd3-c5da-414c-b999-c3688b7beca0","16546","","",""
"92a6324a-a4b7-425c-b8aa-11a2a70ee2a6","16547","","",""
"b9c9b4ab-22f6-4140-9db0-995678a0f0e9","16548","","",""
"a7eb0c9c-e910-4ba7-9f41-0fc4f995b07a","16549","","",""
"29ef912c-44fb-418f-a666-64d503bd3834","16550","","",""
"fdc06318-55f8-495c-9b37-9ccc7d402fcc","16551","","",""
"754c4817-0cdc-4dfd-a56e-6868e6e8a955","16552","","",""
"fb811bd7-30fb-4ca7-adf8-52ff6a7754b9","16553","","",""
"d43ca4ed-7ff6-4838-94df-b003d983ad7a","16554","","",""
"746a9fc0-97d5-4318-b469-c6a66ab7448f","16555","","",""
"55d78ab8-ad3d-4402-bda1-001ebfc734d3","16556","","",""
"1c87dd06-e794-4849-8ba5-0cd40ec3559c","16557","","",""
"5b83fe9e-418a-433d-9f39-cb1f63eebdb7","16558","","",""
"691d12f2-ef60-4f95-a7ed-653e619498f6","16559","","",""
"d127ef3d-528a-40d3-a751-8469825e01d1","16560","","",""
"d2916d15-097e-4cf2-8f79-ca9c910dc16a","16561","","",""
"b514dd51-8c99-4fa5-ba04-33fbf39508f6","16562","","",""
"1df623f0-31aa-4f95-b9e6-400f2a374ba3","16563","","",""
"10b789f7-6f97-4905-8e35-9dcd4b4a185b","16564","","",""
"7061a5e4-f800-4d0b-87c8-fd0aebbceaf5","16565","","",""
"19dbbb87-7d82-4411-b1a7-a80037a27c22","16566","","",""
"b1184b64-f1cb-482b-a93c-7335e7c5473b","16567","","",""
"82f2e2dc-d620-4547-9dad-8700f9159734","16568","","",""
"d4f0d29f-cafb-4dff-a8c3-e22fe6f971d2","16569","","",""
"5417ef14-df1e-40b8-8284-8f429d601be5","16570","","",""
"c5f89cd1-40c7-45aa-b9d8-e4e6de01bb09","16571","","",""
"cb7c0f50-61e5-4729-83d2-5c8c28b89c85","16572","","",""
"7e0de983-f5d7-4e8d-9519-adb2d71bcd0b","16573","","",""
"9ae90779-311e-4419-b2f9-ee89bdb85562","16574","","",""
"03bdc4d2-0c88-4c91-91f4-5838423340cf","16575","","",""
"d0fe1818-7e50-4a89-ab93-a2c6aee2dc2e","16576","","",""
"4ac4e6dd-1508-46ce-87b5-07765a8b98fb","16577","","",""
"7301d69a-3198-479c-9f9b-a2a8b9047be9","16578","","",""
"6507e85f-1612-440b-b463-faac8d5f742e","16579","","",""
"920dc983-6e16-43c2-ba31-f3d9c24085b3","16580","","",""
"f5d8ac29-f60e-45c8-a8ef-c5b334c2079e","16581","","",""
"13e91235-ac96-4a41-813d-18a91cb55952","16582","","",""
"f9a2e76f-ecf9-4979-9df8-ee9e8ea61144","16583","","",""
"1e8bee6c-345e-49cb-9a13-98b34a471bdc","16584","","",""
"e36603ed-7ffc-45e8-be61-10a22333be9a","16585","","",""
"b128ff92-4249-4b76-96e4-100a9ce71901","16598","","",""
"41fd9846-65ec-4f66-8938-67b7baa94805","16599","","",""
"bd87ffdc-def5-4c3c-a3b0-8ccc13bf89a3","16600","","",""
"a6f7cfa7-0e0e-4ede-aac5-22f4e96923ac","16601","","",""
"e3184084-7a99-4fba-bde3-3b624baf7421","16602","","",""
"72cf2bb4-64c4-46af-93c7-119313ef6baa","16603","","",""
"f2a24065-c4c2-48b8-84a7-5f4e8633aeed","16604","","",""
"15d57104-20a1-481e-ac85-e3140171585c","16605","","",""
"46f880ca-55c8-482d-aa78-c1dca095e0ff","16606","","",""
"fd125d57-0190-4f6e-8fca-a3451491897e","16607","","",""
"dc0670a1-7a6c-4a01-99a9-1469cf9164b5","16608","","",""
"8497c21c-5166-4ec5-90bc-05f17bffd3fe","16609","","",""
"a820029b-bccb-4d23-bfc5-4e18422ac1bc","16610","","",""
"69dee350-c860-43a8-8577-efe8798eb302","16611","","",""
"5d3b8973-c0fa-4391-9890-91800aa1e52a","16612","","",""
"104136d0-3e8e-4ffd-a383-0f64b4af71e6","16613","","",""
"9b0bd2bd-6552-4abf-84b3-caa499e9b1b9","16614","","",""
"fcfde41d-989e-4e84-8f69-12c38f2740c9","16615","","",""
"81cba638-d558-4e6c-a866-37b5eb1192ba","16616","","",""
"816d0dac-cf7d-445e-bd32-611b3bf19f12","16617","","",""
"1d92407d-baef-4b25-871c-0edc657f4a08","16618","","",""
"ebff38d8-5efd-42dc-9352-a170a51680a6","16619","","",""
"291a83a0-e09f-4c13-9944-d2131ff4eb83","16620","","",""
"92804671-d4e4-4ef2-a562-43eaa2a43c84","16621","","",""
"1d884a1a-30e8-4482-9cda-330e74c087ca","16622","","",""
"4344e331-5995-40dc-b3dd-96dabf3625b5","16623","","",""
"6cc12fea-b252-4c7a-a9b6-6d61f8f39d6b","16624","","",""
"eed8e773-888a-4607-852a-a8c551ec13f3","16625","","",""
"da0d365a-aab4-406d-91a9-4fabf7c4e458","16626","","",""
"8cfec26e-523b-441d-87ec-deed35c95a4d","16627","","",""
"e194ebd5-2ba6-4b41-8833-5b5171589bfd","16628","","",""
"98b47906-b7f6-448e-84c5-a4b6f453c3c9","16629","","",""
"43c96f0a-bd39-458b-9066-95f0890a8b9b","16630","","",""
"a47afd50-2eb0-4dbe-a0a7-f70ab4db07f2","16631","","",""
"08a8de2c-9445-4768-92c6-a170fc1a24ee","16632","","",""
"bfc37e06-7ee7-4ef6-b0d3-55bc58863bf4","16633","","",""
"ae042895-ba5d-4a2b-909f-488d2843c66f","16634","","",""
"2a1369f9-bc30-4b80-a923-ebee9bc3a523","16635","","",""
"9366cfca-4234-4763-be08-d3ad42ecc485","16636","","",""
"131bb7f8-6501-4ee0-843d-4f2baad323be","16666","","",""
"eb62977c-709c-4eb1-bdff-ef7c81926458","16667","","",""
"d3db7bdf-ab92-4636-ad06-93027d0cca00","16668","","",""
"51b71b6b-fe02-496b-ba42-3ec86f285855","16669","","",""
"35d19e04-8d55-45d7-ba0d-26847a5ecbac","16670","","",""
"afb68390-9f23-448d-b442-7d72a9507103","16671","","",""
"fc00ef46-94c2-46e1-a220-311fa2cac41d","16672","","",""
"b748c704-c70a-4545-b602-578f63f42843","16673","","",""
"15a61ceb-4821-4429-84a2-3d2016f294c4","16674","","",""
"8e9a32b2-31a0-497b-8ea7-2e23e1d2bdab","16675","","",""
"edc7a8bf-5f84-4a2e-b0b7-80c1c78aae68","16676","","",""
"dd3f91e5-84fb-447a-b364-d1a241037c81","16677","","",""
"1ef0b6f8-6127-4e8b-9897-67447beeeeb4","16678","","",""
"c7dec543-eeb4-41ff-947e-2408ebc9eaf2","16679","","",""
"ef11a305-37f2-444a-8852-9ea19c429761","16680","","",""
"8fdf9927-ab0c-4494-bf35-82996629be78","16681","","",""
"1f31c1d4-e4be-4ee8-993f-4b187a23d9a7","16682","","",""
"ec4cca65-3c55-4e5b-832e-cf7a7bd56cd3","16683","","",""
"8f8a95a8-64e7-4585-a0b1-5eade34cd842","16684","","",""
"16e97426-5a55-43d8-ba56-ed45884fde53","16685","","",""
"818cf2bb-ea67-4ad8-98b6-f0ff5e16f663","16686","","",""
"19402122-0a82-4111-b52b-57ff0f4099d4","16687","","",""
"3371ef10-26fa-4fbb-8e89-3346b501d105","16688","","",""
"191262a1-2cb6-4ab3-ae93-7a82631092f1","16689","","",""
"4495055b-c456-49a3-b52f-8b9f21261564","16690","","",""
"ba099ce7-7dc2-4a6e-8d75-ebc4b7489019","16691","","",""
"5c340104-ab1f-42b9-bada-8c882b9a4ff5","16692","","",""
"29f47e2c-2245-4984-a2b5-6c2a55e26559","16693","","",""
"16ade467-e8a9-472b-bc68-ca262cbeaee2","16694","","",""
"e2ee7fe9-5eab-44bd-bf3d-6f4fff0e87d7","16695","","",""
"bdf6117e-a9e4-4808-930a-0a1638c0f1da","16696","","",""
"447c7de6-1256-4687-af64-bd0377f4c71f","16697","","",""
"31551532-cc14-4af9-8576-4d50bacf642a","16698","","",""
"a12b99af-3f0a-4593-8546-65e5f43a9447","16699","","",""
"9f697ae7-1e30-494a-a6ee-f6e2b4513515","16700","","",""
"e9df647f-8133-40f4-aeca-6bdb0f1a7c62","16701","","",""
"9d8bd398-b1ca-4787-a9b2-95915ab74d72","16702","","",""
"b38472df-72fa-4ae8-9cf3-d721674f426b","16703","","",""
"6edf719b-dc17-4f47-a9e1-a42ee6f85f40","16704","","",""
"435ef118-b629-4c10-b10e-d7682687296d","16705","","",""
"ceaac369-f4f3-4ae8-bc2b-d2a2c4cc315c","16706","","",""
"8775050b-256a-46b2-ade4-82af988bcb59","16707","","",""
"d86ee40f-ffd3-4d8d-89d3-6b9b0c27cb39","16708","","",""
"00327d4a-3060-4f4f-9a87-a704bad48496","16709","","",""
"3afd6f3b-b66f-4922-a116-fb8252546809","16710","","",""
"9c94ce82-c835-41c2-a87f-5cadec984b17","16711","","",""
"53bad4b6-707d-45bb-af66-a607805446a2","16712","","",""
"115ca648-38d8-46f1-93f6-b45dab32be75","16713","","",""
"b24cc745-fa3a-4568-a2e2-e66baa48fc64","16714","","",""
"ebae96b9-6095-4e86-8640-40bbb6b7be56","16715","","",""
"01129c82-c584-4e1b-bbf8-d0e30b39b5f1","16716","","",""
"b4842f9f-8288-4701-a25d-e567c0496840","16717","","",""
"81ab9229-833e-44f8-a8e2-bbe417f41e38","16718","","",""
"d20928fd-d7e0-4d94-b39e-646947aee71e","16719","","",""
"6197e24b-69bf-456d-a24f-8ce99a53aa6d","16720","","",""
"4f1d0242-b91b-4cdd-89fe-69e1770e1eca","16721","","",""
"c3e2c76d-f876-4ecf-98a5-0f0c74cf0be1","16722","","",""
"b9747632-91a4-487b-b208-52b97602ef5a","16723","","",""
"15d192a8-e782-4124-b03c-12050bbd715d","16724","","",""
"0bb90678-fcd9-4003-9421-2467db588352","16725","","",""
"b17ad592-a73f-4105-825c-6ea465763ab5","16726","","",""
"1b912f0d-27f2-4114-896d-14fec9806020","16727","","",""
"48ff3b98-dc40-4dff-b95d-38ae7f202adf","16728","","",""
"807dfd6c-1e85-44c5-ae27-7d0c9165312c","16729","","",""
"88ff310e-9fc9-4c86-9313-2319a4c0b590","16730","","",""
"e6e53c40-09ea-44de-abec-16610385d7cc","16731","","",""
"24e6625e-ae9f-4755-af5f-702ed86b5b58","16732","","",""
"fe66cd8e-ed7f-4138-b6fa-5d7cb74bbdee","16733","","",""
"5e88b5a4-a68f-4e50-b1c8-ac43eb2b8e2b","16734","","",""
"917d50cd-d5d3-49d1-b0b4-09b240c69643","16735","","",""
"b8bcb13a-2133-484b-aa00-51662eaa20b7","16736","","",""
"7a36861c-dc1f-4123-b544-2484f93b6de5","16737","","",""
"f07541b8-6d44-4dc2-beec-f0e03f5f13e4","16738","","",""
"df702ba4-b090-4168-9e09-8fac0664df09","16739","","",""
"5d3cb35a-67a5-433e-a9d8-74196f6577c6","16740","","",""
"60c6faf8-670a-44d7-97ad-875289cf4b4a","16741","","",""
"b2ddbb7d-cd77-49a9-83d3-a073c11a7efa","16742","","",""
"8bac984d-86fa-461a-bf18-dd4adccc00c8","16743","","",""
"32273f5b-76c4-4564-aecc-79988ba6f429","16744","","",""
"fea90cf7-25c3-420e-b3cd-9ab6195b604d","16745","","",""
"5e643895-6173-41d7-837f-a7b03519e5ee","16746","","",""
"9a2f4835-eea7-4dd4-b905-c3b31c0cd1dd","16747","","",""
"7ba3da62-1339-407d-8983-68c193e4a394","16748","","",""
"d2da2c09-b819-4a90-bf18-38a770346be3","16749","","",""
"061e44fa-d55f-462a-819e-83c51baf0218","16750","","",""
"a13a0468-4cd4-417f-b6cc-867cf1c866d1","16779","","",""
"588a9f2d-59d2-45ae-961f-678bb4c9241e","16780","","",""
"64a5d515-a9bd-442d-adee-3e4f49b3ecb8","16781","","",""
"e1297ccb-2085-4748-a5de-ecbb0d0d888e","16782","","",""
"220632df-31ef-40b7-a3c5-67e5316e9576","16783","","",""
"59610c49-0845-48ca-b4c7-3fe7af9b022d","16784","","",""
"fb931ee6-8632-487c-8397-2cf8f022b4b0","16785","","",""
"85393349-61c2-49c9-815d-8fe8f70b0707","16786","","",""
"b3b73377-5e0a-4ca6-8f6c-df0a2d5e4f95","16787","","",""
"653c6715-0554-4b28-9a9c-65bb690b93c1","16788","","",""
"51cf9661-2d53-48e0-9d96-46c8c4db0e98","16789","","",""
"b66daef9-98d2-43f6-be85-1ec40791b66e","16790","","",""
"b9a48e9c-08f2-449c-8ee3-154c0699c5ea","16791","","",""
"8352456a-ce3e-41f3-8745-a9de785cc966","16792","","",""
"1d303616-12c9-4e89-a7e0-3da4765f7fcc","16793","","",""
"af787dd5-ec51-43ea-920b-fbcc09880906","16794","","",""
"a18e84b9-7f8e-4c3a-a0a9-31bf6fb270ad","16795","","",""
"482802c2-a2d6-4a47-bede-e3d8198b0c83","16796","","",""
"12d6d61d-f3e9-40d0-b869-319924ad470a","16797","","",""
"c87b3284-c2e6-43e9-a5d3-2e94007c8638","16798","","",""
"dd0b2106-65e3-4af5-af23-9c67f3895e0a","16799","","",""
"e8d4c1c5-8f42-4a63-9846-b3cf01166bc8","16800","","",""
"5cde5006-b5dd-4529-bed1-602df0956973","16801","","",""
"9fe08754-651c-4e1b-8cda-cb2194212e79","16802","","",""
"660023a9-acdc-44e6-bc3a-798a6646f1e8","16803","","",""
"9591dfc2-bf84-4a87-826d-5ada9910b3e8","16804","","",""
"4d6625ce-9e1b-4529-8bbd-841fbc72f689","16805","","",""
"a031bdf5-d44b-4488-bf70-93e5bde3b73d","16806","","",""
"d6bc00da-8790-4ca7-9c6a-04928affdabc","16807","","",""
"df342a9b-10ff-4ff2-985b-5ea3e0922918","16808","","",""
"00947bfc-b734-423f-a9ff-6f838b74e102","16809","","",""
"f2da7b1b-434d-4569-a6ca-5c0b23f3f8f7","16810","","",""
"06e9035d-de78-4c70-ad14-6bbe1ecf2a94","16811","","",""
"aa8164d7-7aab-4b82-9134-8601c40a5c6b","16812","","",""
"593172b7-1766-48f5-b762-02191e80441d","16813","","",""
"e9a415ea-586c-4b15-b5e6-71982ceeec08","16814","","",""
"43baa41c-49cc-48a6-9709-bf36d63d6a71","16815","","",""
"d7cc4b1f-3c29-4c59-8464-fdb70dda5c11","16816","","",""
"ee9ef4cc-3de7-4054-9861-6eb6ede4676f","16817","","",""
"ced004aa-9f49-4a26-8c51-e7457dcaa1ae","16818","","",""
"7460af61-b976-44ac-b852-3dbb8c8ba558","16819","","",""
"2ab372b5-2029-4a71-933a-e3f85b18092b","16820","","",""
"e0481e44-353c-4276-bab7-ad8dc6d78d8f","16821","","",""
"1b848ca9-4ae7-49c4-88e5-e4be847c2703","16822","","",""
"8359bc97-754f-4c85-9a36-db606da2d2c8","16823","","",""
"bd71c6b1-2686-4b92-a3ea-561edb9808a7","16824","","",""
"57949d96-3d22-479e-b191-1c47bc49ba4e","16825","","",""
"a79413a7-d959-4b90-b04f-e433428e3845","16826","","",""
"355c55df-946a-46fa-8163-7c89c5ed9d8f","16827","","",""
"6a79b11e-7fe5-47e3-8a58-46b1a699bce6","16828","","",""
"efd40ab7-5a64-40a8-9f26-244d479cf5a6","16829","","",""
"209ce4d2-05dd-4637-918f-338eeadde4f1","16830","","",""
"e823a142-45aa-40ed-9dc6-6f36e6d27687","16831","","",""
"f3bec656-3e9c-437c-b0ff-985957b1c589","16832","","",""
"8bb49f0b-68e6-43ab-ad72-af17568ab4ec","16833","","",""
"d5e9b44d-1e99-41db-a462-b53490848b38","16834","","",""
"87ecb300-a95d-486d-a73f-8b25e4f2fb65","16835","","",""
"045a7405-8aac-42c7-841f-9c9600966e5d","16836","","",""
"da544b7e-cf0b-4324-827c-cfbb43a5c842","16837","","",""
"f432a6e9-10a5-49b1-8d0e-dd8ba47a20e1","16838","","",""
"93aae4df-0949-4b9c-9a00-47f73f9d1d33","16839","","",""
"fe2ebed2-649f-4e48-a22c-062395965f35","16840","","",""
"e7830f5b-d670-44e5-8e86-e0eefd075d4e","16841","","",""
"88795af7-fc53-4860-b3bd-2401a9861c4b","16842","","",""
"0e3abde6-4b11-4891-99f4-4e5b0c5c81b5","16843","","",""
"cada5e79-d4a7-4f6f-bd59-5bb02ab6c0f3","16844","","",""
"d72c55d4-202f-4052-bd99-b47fb92912bb","16845","","",""
"f1c9dd7f-9673-415c-a97e-8925f3d66f14","16846","","",""
"0c13f9f8-73a8-46f6-b22d-cfc901bc1398","16847","","",""
"adc14506-e746-491c-b9ef-570a41a43df5","16848","","",""
"e550f057-ee6f-4995-aab8-3ca80f8bc272","16849","","",""
"8d8f0a02-a557-4887-be35-116be7cc011e","16850","","",""
"a93c8616-50cd-46a6-a194-e30ed12261e6","16851","","",""
"0560349b-e03c-401d-84d6-cdaeecaad229","16852","","",""
"0206c865-25e2-4ff2-94f9-e48ad41061ad","16853","","",""
"b9258930-dfc4-461c-b776-a4800a853695","16854","","",""
"7cc9cecc-43a6-4fc8-b39a-61d0c3f272c8","16855","","",""
"9679b932-98b3-4dc5-af1b-c6bdc8b1b9bd","16856","","",""
"ab2ea535-01c7-468d-a36a-3bec274a18ce","16857","","",""
"f33d0ee4-1e0f-4ffa-bf3c-3c3f2acebb46","16858","","",""
"0effefc2-3aba-4da7-b846-2273ee8cb0c4","16859","","",""
"01d4d887-7bd3-4110-8e4f-c91f9e5deee2","16860","","",""
"fa46de4d-a2d5-4452-a8dc-85813dbbb0d4","16861","","",""
"f05623c4-3953-47ce-8cc7-8ba9892bb3ce","16862","","",""
"010f9462-f690-48d1-b9c6-529c1200754e","16863","","",""
"85f6f6c0-6848-4fa5-a51e-2d5275847800","16864","","",""
"78fbb5c6-8ba9-4e04-a09b-a04c51454bd7","16865","","",""
"64ef1c84-f36b-47d7-8e25-bda368a918cb","16866","","",""
"b48802c2-9217-42ec-9571-8d53b9c5f722","16867","","",""
"30d18d63-a786-4154-82c4-2e3763047ce5","16868","","",""
"94eab65e-1787-4a86-a710-3a0e31bcf10f","16869","","",""
"a222d257-b1ab-4b05-a6e6-38472692d465","16870","","",""
"b372074f-7a90-4bff-8cf2-c3a7e6f77a93","16871","","",""
"b272e5b9-2433-42b9-b42d-2aa5b84e88b7","16872","","",""
"e3352266-fa97-49a5-8585-b1b51e56a18f","16873","","",""
"9240a408-c1b8-4fa2-9ea9-b7b339d0cda6","16874","","",""
"19c5aba6-ae7f-4450-a05e-cb13a7c44b4d","16875","","",""
"276f0714-a72e-42c3-81e0-f87fe57a356b","16876","","",""
"1e0d2a11-377b-4a06-9f1d-ff4ccf94acde","16877","","",""
"a0531bc3-afce-457e-ac83-2ebc8666be62","16878","","",""
"ce2e9563-c62a-408c-bbaf-197b76894569","16879","","",""
"33cee02a-d5ec-47d1-a4df-34f644122ff1","16880","","",""
"dd15a1ff-ef00-4c5e-b247-d0267d0fee27","16881","","",""
"aa13fb9c-5c7c-4e9f-b8b3-d60c40939e19","16882","","",""
"7b359623-1173-4862-b476-d42839950dfe","16883","","",""
"54d7eb5d-f862-4f3c-b415-bb2b7db4307d","16884","","",""
"7b39eb03-205f-4816-940b-8de2bb09d972","16885","","",""
"2dd9aaae-6cad-48b8-b187-5eacd3ebdab8","16886","","",""
"71ac42c3-e8ff-4039-bd31-e314adbc47ad","16887","","",""
"883888d8-c7ff-4111-840f-454285d42dbf","16888","","",""
"5dba4fc2-4e84-472c-b0f1-d510d13a2c3d","16889","","",""
"dda9abdc-19ff-480f-b762-1f19eb5e280d","16890","","",""
"e7b32a84-7bdb-4d46-80a1-126a95325112","16891","","",""
"2b65f0dc-0218-4117-9e2e-02611f931636","16892","","",""
"088410a4-0e13-4e2e-993d-aa2e924ef301","16893","","",""
"2b5342b4-0a42-487d-a4ff-bc08b2ec8348","16894","","",""
"10d5af9a-467d-47d0-83ed-1b1349d63199","16895","","",""
"44959d21-2e8b-40b9-b244-6d5db1b7e1b9","16896","","",""
"6a132553-7b2d-4ff7-bee3-3073b2d14833","16897","","",""
"935cb023-dabb-48ab-bc22-f5b518d2ac99","16898","","",""
"caec4697-8563-4730-94f5-75db030a4b0f","16899","","",""
"39f3c05c-868a-41fa-8969-1ec93bd3294b","16900","","",""
"0f6d47fd-9ac6-4d1b-8ef1-8fa8271e623f","16901","","",""
"c4c28d0e-0adb-45ef-9b86-d7c23dd94cec","16902","","",""
"0f26ec6a-5b1a-497e-8c19-8689d852bd96","16903","","",""
"f7a2c7f9-0218-4eaf-8f2c-c4bde60b7778","16975","","",""
"aaa8baaa-933c-481a-8033-3f631bfa93ae","16976","","",""
"af2bf1d2-353c-49de-9d03-5bfc29fdd034","16977","","",""
"3be26e81-4ab6-4462-94ca-7e5927c139ac","16978","","",""
"c5e156d0-7c97-4a42-99a7-c9b343eb3f0d","16979","","",""
"e43e1323-0749-4ed1-aabd-0bc538a6c4ba","16980","","",""
"880c564b-feb9-48c6-82c4-3a2008b8ff37","16981","","",""
"70798a50-3e99-40eb-af99-d6b3c4e57089","16982","","",""
"35c72d24-7a17-4718-a315-4da602c968e7","16983","","",""
"6c25d0fd-fa18-4470-81cc-b8cd3658a9ae","16984","","",""
"0fed7621-404b-4d8f-9555-5f15b53e0964","16985","","",""
"d8e3df41-c3cb-4e76-b492-9221a2a82f12","16986","","",""
"f52e60e4-3486-43d5-b727-be9aa8af2b16","16987","","",""
"64649ff0-0a34-4a37-893d-334053eb52e0","16988","","",""
"ce5a1eb5-961c-4eb3-af0c-658fda9daad9","16989","","",""
"777ba3bb-fc52-4e7d-86aa-88e0746136d3","16990","","",""
"eb5358a0-e7cb-4c57-85e2-9eab95c764c4","16991","","",""
"f62fac8b-d00d-4215-9d3c-df5c21193eaa","16992","","",""
"5b3079d4-b321-4a8b-8dda-5d7914496f2f","16993","","",""
"598648af-9e3e-4e79-8825-ec59daf4543b","16994","","",""
"4e6fdc32-5b54-4a7a-aa77-7da7747df64a","16995","","",""
"be912558-e0dc-45b0-8c44-aad246b5c23e","16996","","",""
"e44ac0fd-47dd-4b64-874d-24d05062cb26","16997","","",""
"815a21c8-4bb8-407f-b514-2caa1ae9ad4b","16998","","",""
"4baf7bef-5340-4622-9a06-7b6d039d9f2e","16999","","",""
"259dc73d-581a-481f-bede-16a17b0c97b3","17000","","",""
"3f4b26e1-2b43-4146-9b9d-4744de6cd8e2","17001","","",""
"97328d88-9f13-430f-b48a-371608c0d6eb","17002","","",""
"c5b9eef1-50f7-4a19-9b89-4f9f482dcd45","17003","","",""
"943092d1-de85-4daa-ad2a-24edf9601b47","17004","","",""
"057c30b1-c8a2-4a0a-a64c-28bb14b16db0","17005","","",""
"1f6900bb-1547-4370-b0d8-5a75a8ce5da2","17006","","",""
"abc6e1cf-41f6-4dc3-b11f-30d186062071","17007","","",""
"1442b7c5-62c7-43cc-bb7e-92cf8570b905","17008","","",""
"72903c04-24a9-463a-bcc2-66cd16b7a36c","17009","","",""
"7f506e58-53b0-4f6e-b2bd-ef589eb5a1a9","17010","","",""
"b85930ed-c512-40d7-89a8-746a35111925","17011","","",""
"34b369a5-3e8a-47a5-920c-d032e067c108","17012","","",""
"54da9a59-1dd3-47ba-806b-7157edd5fad6","17013","","",""
"a28bd3d8-60a7-4d8e-bd80-3ae867c37146","17014","","",""
"6b486168-1618-4759-a49c-3b1f38624cfa","17015","","",""
"206c06b5-4671-48f6-847a-7e997996295d","17016","","",""
"7b99b680-dfcb-4398-8308-1b19ac69103c","17017","","",""
"f10b146a-f102-493c-a776-3eace45bef69","17018","","",""
"8bec03d8-901e-4b51-901f-93e99f2cb883","17019","","",""
"759c6857-9a26-43ae-806e-d5815ff3de87","17020","","",""
"65529fc3-e197-45c5-81d8-be6f07732357","17021","","",""
"19b41ab7-5b91-4338-a776-4c9166d1cc08","17022","","",""
"c003409c-4549-4ec3-ad19-63d93c3cd76e","17023","","",""
"e0d67f77-130c-4d72-a12f-ccc2c26cab80","17024","","",""
"1b8c4a48-5933-4842-a4a7-9fadfa7d3408","17025","","",""
"21be6d6f-2527-45ac-a6f7-656c6b241ae1","17026","","",""
"5622b186-b6f0-48a5-a1c1-92700ffea9ee","17027","","",""
"0a323470-8c68-466e-a7df-43f07918230a","17028","","",""
"9c8ab99b-13d2-45e3-be29-acc1a7248db8","17029","","",""
"0fa15432-02fc-45e4-9c61-00c850de66f5","17030","","",""
"a760c91e-7634-4485-a626-3635f4a994c3","17031","","",""
"cec922c4-f4ce-4b8d-afa1-c4d4037fb11b","17032","","",""
"efefbc5d-fb28-4e0a-8ed5-d3bd8aa8fe4f","17033","","",""
"cf9c9c4a-4ce0-410f-93af-74665279183a","17034","","",""
"e14ab5ff-457b-406f-ac95-206f5bd93b19","17035","","",""
"c2cdf328-b356-4a92-953a-c672fc5f3cfc","17036","","",""
"1369f0ad-fe82-4e26-9c16-11cebd258d3c","17037","","",""
"d7a4fc68-798b-4461-b7eb-c2743a79b65a","17038","","",""
"0274ec1a-3733-46be-907d-fa25b59360d2","17039","","",""
"11f6a936-4d20-4ed6-81c5-b1812994ceaa","17040","","",""
"b78202de-10a6-4323-a8cd-5bd6d1ead57e","17041","","",""
"07123f0d-f835-474b-b633-d2ca92e0c55a","17042","","",""
"1d0a76e4-c746-4430-9568-d383c56a5c56","17043","","",""
"32234a27-93d4-4953-9034-5e8436644675","17044","","",""
"f1224d78-9f28-427b-80c4-96ea7a4c10b5","17045","","",""
"4a276f69-202a-47de-a497-ad34a68de0ea","17046","","",""
"18643257-e5f1-47b2-bc1a-06bc7b75d2d9","17047","","",""
"9aa4b6df-dbfd-4be8-84b1-88661c7b337f","17048","","",""
"dc2876c0-1d50-4f0a-b093-e218f302ea37","17049","","",""
"c9d04750-aa78-4ac7-8fb2-61ae78311c83","17050","","",""
"db1d2f7e-3f08-4e64-ad98-a3c96551c39e","17051","","",""
"81035124-4ec2-4df5-9aec-c1c1980ebee0","17052","","",""
"752f3b48-d14f-4963-9946-3ea6a0d12c44","17053","","",""
"9ee31b73-a105-496e-ac50-a34a5b1aae1c","17054","","",""
"8fe98995-8871-455c-90c0-bdb5e5d481c8","17055","","",""
"4ffdcd19-4311-44e3-b9e9-43eefc569e52","17056","","",""
"0a5a965a-ec77-46f6-b461-cad046388d1e","17057","","",""
"6c29d660-69a2-4bf8-ad69-ac82f485bf6e","17058","","",""
"da8daf58-75ff-4d91-9218-9c301f9f5802","17059","","",""
"7a45ac7f-0e0f-49ec-b898-3af980d5b13e","17060","","",""
"d5975ba9-4b02-45d4-9f56-5cdec5df43a4","17061","","",""
"c7dc7b90-7f3f-4d2a-b176-8bb1054ec6a3","17062","","",""
"b05cebe4-fb0c-44fc-a992-d8d49cb06c03","17063","","",""
"91e70c86-d38b-46db-878c-97606fc77b9f","17064","","",""
"454ec71d-d3fb-45a7-a213-f3a1bacd9703","17065","","",""
"af58c927-9f00-49ac-90bb-98143e94bbd5","17066","","",""
"49dc8c07-63cc-41db-83e5-332f8fce50e1","17067","","",""
"a3a514ac-bab2-4ff2-90fc-32c2f9a56f21","17068","","",""
"1b3dd62a-8d67-419d-9890-878c199f7320","17069","","",""
"a5d301ff-bfb0-4129-b275-147fa168a420","17070","","",""
"bcfa4e17-2b5e-4941-ab68-f1728fa2a24b","17071","","",""
"3139a4b4-a1a9-4002-aea7-4cac492fdb4b","17072","","",""
"079b3834-e220-4d76-bb28-edd4608f4ccc","17073","","",""
"6bc90281-26b7-43bc-a64e-15f97b049f0b","17074","","",""
"e65dbee2-3f8c-4de9-9f9b-68178fd8c9c7","17075","","",""
"4994f46b-e00d-4180-a7f9-a4eeff24b8d9","17076","","",""
"beecf3c3-d09e-4105-8829-06ec4f8ed2f3","17077","","",""
"457f2c69-105e-4727-bfa2-6582078add33","17078","","",""
"ab7aa2c2-5a1c-4829-9d91-1fc934761ab9","17079","","",""
"4c0fa42a-4dbc-4a51-bd1d-315455389b5b","17080","","",""
"fe16ceaf-8dab-4d5b-b669-9c5a39d804ae","17081","","",""
"ccad1fb2-b35d-4185-a149-dcb5aae10ebb","17082","","",""
"17bc128d-a4be-4bb5-aab9-e967d165a6ee","17083","","",""
"ff126425-d7c4-4321-9b77-7d78492032de","17084","","",""
"ee9c19a8-72c1-4451-acfc-31f98727cbd6","17085","","",""
"a9819254-5f00-4433-805e-5c3416400605","17086","","",""
"d6de3c37-08ec-4a63-9e96-37ad22aae8c3","17087","","",""
"4d8d9d79-1943-4376-b663-2dbe43e31a72","17088","","",""
"b1065fae-ace2-4e68-8dc6-b09b2559390b","17089","","",""
"0f18bc02-44a1-4692-91bf-7c6e02b17580","17090","","",""
"4e8d33fa-3619-4c5b-b795-8bb3a9c224b1","17091","","",""
"010d8c7c-0985-400a-bb03-4f57d06c0935","17092","","",""
"72108d38-9076-4645-9db6-757e8e8397d4","17093","","",""
"3f6ef64b-352a-4829-acd8-0b37a625c52b","17094","","",""
"30ce0574-0338-4b58-9bef-7bd2f671450f","17095","","",""
"14087c8b-d526-4a81-9231-a5e23115bb56","17096","","",""
"78d27188-7bc1-4e38-acee-391426290e29","17097","","",""
"8727e9e0-4f60-4ad3-8c85-5791b6460590","17098","","",""
"0b89da74-834b-47cf-aff6-15391b4b8c66","17099","","",""
"3bc24d43-d292-4f42-a3ff-42279bad77d2","17100","","",""
"5033dab0-7b73-47cc-a905-677e6bf8a208","17101","","",""
"330cfee9-51fc-42c2-ab70-fdcfebf2e997","17102","","",""
"4de00076-4e83-4515-b6e7-a13bf9c95b7f","17103","","",""
"0e7d4979-959c-4499-ba71-6830f8c8a5ff","17104","","",""
"dd0713d1-765c-40c5-8621-9e8c5676e0ad","17105","","",""
"b12b13e7-9756-4450-b979-1d4c9130fbc2","17106","","",""
"73637a1b-1d41-4f3a-8254-b7a4c78dad60","17107","","",""
"23cfacea-5bf2-4d63-a1f7-a43156a1de83","17108","","",""
"39623ebb-0b74-4f1f-9bd6-3e27fa00a50d","17109","","",""
"c3b18823-3bfc-446d-845b-8d6336194780","17110","","",""
"7ff56ad5-2cb4-4704-8381-84252485a851","17111","","",""
"8fdd99a4-66aa-4b8f-b796-8a8404646062","17112","","",""
"2d3fe513-6b59-4b47-a169-952c252cef6a","17113","","",""
"62b14eda-48bd-428d-9a52-4811d52ba29d","17114","","",""
"504517fc-8c08-4477-b7e0-079fe8d1dd41","17115","","",""
"65a297f1-2073-4d8e-81a8-90ab0f0a35da","17116","","",""
"27956788-8c4f-4f72-80a1-84efd77dad5b","17117","","",""
"877040ac-664d-4fb7-a5b8-827e473b6b27","17118","","",""
"19964c19-61d7-4685-a6eb-88dd4edddcf1","17119","","",""
"f63eee57-e7d5-4409-9fd4-a89f1a9d7189","17120","","",""
"1f693a90-0da9-4c68-96ed-6846720df7db","17121","","",""
"459e0e09-1ec3-4acb-9a83-75c18a7cf636","17122","","",""
"8ee32aa3-ab41-4d3b-9087-ca8f46731426","17123","","",""
"fcd0a445-0e3e-4633-8928-f47f18f48dab","17124","","",""
"d85134bc-6d45-4579-b276-7a78b3887750","17125","","",""
"98aaa8c6-f11b-421d-bbdb-39f93a4ece82","17126","","",""
"0c32aec8-e7f0-4f6d-82b8-1dcb11e67f1c","17127","","",""
"b4dfcf15-dd49-4eb8-8e97-3361ad90011d","17128","","",""
"28f6286b-87af-43f1-8cef-191124d1ed5b","17129","","",""
"c753bcbf-ee70-498d-8cab-9de2dda588c8","17130","","",""
"2d09758b-cf91-49d4-8a52-20100a071e7e","17131","","",""
"4936ee9f-e79d-4032-b220-9f2273b8bd80","17132","","",""
"83b2c031-2527-41e4-9f68-7d628aaaf10d","17133","","",""
"e60fd26e-bd48-4bd5-ab94-42b2c78967e4","17134","","",""
"0f6580d2-c714-4b95-a90a-965fabbbc226","17135","","",""
"55bb4ca5-eec1-4871-869a-1b4993ba4a98","17136","","",""
"542347c5-84ff-42d5-9b8c-8095488ad1a3","17137","","",""
"c9ee6e8c-9638-43a4-aa04-fc4b0bcf69d6","17138","","",""
"a802b359-09d9-4f92-b665-4a16a08b0d82","17139","","",""
"1753023d-36e4-4c97-894e-96e7c7c0467b","17140","","",""
"d2a0ff59-ba32-4c4c-adbc-0fdd93b659ec","17141","","",""
"f2a5fee1-008c-40d3-81d6-6fc5489c5f8b","17142","","",""
"bf7166eb-cf68-4ff1-bb41-dfc93122666f","17143","","",""
"4b338e43-2a83-4e9a-a918-ed79eaabf993","17144","","",""
"f35402c2-8f5e-4474-9fca-fb25dc46cc25","17145","","",""
"6fa35d54-d386-46fb-9c82-13882ec0cd00","17146","","",""
"d69ae366-976b-4c77-b2bd-7775f2248d52","17147","","",""
"1f1d370e-2aba-48be-b9b1-10d85f1a4287","17148","","",""
"cd5ff988-153d-4c3f-8545-1ed147cb960a","17149","","",""
"0c768111-fb83-45f4-b0e0-f6c10420f255","17150","","",""
"9fb517b8-3ffe-4615-a762-a91f48c1741a","17151","","",""
"b7ca7cc9-3028-4d51-b6be-a5a7790d9d73","17152","","",""
"2e9ea8dc-abbc-4e49-bd19-da87ea171b60","17153","","",""
"ee02adfa-46dd-49de-9ab5-72b029c83eb5","17154","","",""
"692dcfd9-4e1a-4e9b-990c-40e4ae885c3d","17155","","",""
"f14f525b-adc3-463d-9d1d-1f8ec5cde8c1","17156","","",""
"162d4065-efa0-4812-9994-a0e24b1b6050","17157","","",""
"dfec1a93-368f-4e5d-913a-55cecf2fc4f5","17158","","",""
"8e0466ff-b883-4b7a-94d8-05011e58dbf4","17159","","",""
"5a29691e-e9bc-4114-8768-f7bef4f7e79f","17160","","",""
"87a81693-68fd-4116-857d-623d8e1ef79e","17161","","",""
"70fb3f3e-3924-4a80-94c3-415b484ce142","17162","","",""
"faa4654f-472c-49ea-9779-d7f620417c25","17163","","",""
"2b9f7cff-a4c6-4b8b-bc3b-a5f147f48a17","17164","","",""
"78a5556f-fe6b-4bce-8658-3f1dac89ba5b","17165","","",""
"8b760926-4f41-45c5-9744-a51fe83f7370","17166","","",""
"2ed4f36f-a40d-4e06-805f-6b58d179a502","17167","","",""
"3ae1c1af-2e5d-4bc3-a97d-778a605f5601","17168","","",""
"46c11a1f-1a08-46e5-a82f-ff5ade6e9c4e","17169","","",""
"d7134ece-10c9-4a36-9ef1-21abed80f7bf","17170","","",""
"91369dc3-41c7-4f6f-97c5-dda2c25f1e23","17171","","",""
"20fe032b-4090-47b5-82c0-3aa9b9f5b60d","17172","","",""
"b840123f-d34b-4b76-9f76-5cebc9591d41","17173","","",""
"0e5e2721-fdd3-44a1-9c13-db4d6f489126","17174","","",""
"07f5c5a2-410a-45c0-8c67-420aca99af79","17175","","",""
"816b921c-adb9-4c23-b708-7f4afc4839c6","17176","","",""
"ba79cb43-8aaf-4770-8bd9-a0a8afeaf93f","17177","","",""
"96732446-2f59-4523-bf66-cc3003d29611","17178","","",""
"a186c51b-bfc0-4297-845e-ed532c1960c4","17179","","",""
"aedd4644-f608-4bb6-8ced-664780c3a1eb","17180","","",""
"56b9bf1b-0adf-4da9-bc8d-e5cbc09fc704","17181","","",""
"6ae65987-3d11-4dd4-9dc2-309608e8df06","17182","","",""
"6f1a4269-26a1-410c-9afe-0f57b80822e0","17183","","",""
"4d23347e-b067-4408-ae3a-721f7eb7c15a","17184","","",""
"6f18cf6e-1c37-4e63-87f7-330d4f006a85","17185","","",""
"b2ee0b97-e4f9-441f-a50b-616bbced6bdc","17186","","",""
"b7e64b32-0824-4b73-875b-c6cf714f30d8","17187","","",""
"32b40276-5899-4b28-8077-1fbe17719921","17188","","",""
"5d88cd08-e97d-45f0-bb20-9ba34b381260","17189","","",""
"35d406bd-269d-48a5-9628-c341558a1f48","17190","","",""
"74b2ea70-02a7-441e-8986-513f1f658407","17191","","",""
"42e14932-f3d4-440f-9534-c1cf554f4759","17192","","",""
"c31d5143-f709-43f6-a390-1374689dcd1a","17193","","",""
"a95709d5-a3dc-43c4-bb77-a1cfb7da6f17","17194","","",""
"2aec829e-6c04-48bc-84b3-40717cf51870","17195","","",""
"6bc923cf-250c-4d53-a1f6-ed4ebf94de9e","17196","","",""
"b939cfc6-9621-470f-96de-667236c0a6e6","17197","","",""
"e87a0887-4130-4c54-a376-082ce2b02041","17198","","",""
"a9bfe9fd-726e-475f-89f6-7fd740affb7f","17199","","",""
"b4017ffe-ad0d-4e10-9123-8de0569341f3","17200","","",""
"dde1febb-6798-4c5f-a576-27e776bfc37f","17201","","",""
"e0131714-1266-4710-bb28-55fa98fa85b8","17202","","",""
"ea148ee0-7f9f-4e6a-a123-f1a541c254a0","17272","","",""
"05458443-21f8-4b67-a867-075d8dc5eb32","17273","","",""
"476746d6-179e-4890-a14e-6ecb5fc16f75","17274","","",""
"be6269f5-f478-4970-965c-f670cbbb4172","17275","","",""
"641d96a2-2a9b-475c-93b7-3d4b1e3e56fb","17276","","",""
"cad5fe11-f822-433a-8720-f90f86d761bb","17277","","",""
"22e9b00b-5322-4c04-8b7d-685255606688","17278","","",""
"8964616f-414e-4b6e-94d4-12ce4e8c67f2","17279","","",""
"2cd97a65-b67d-4da0-abcb-90ae95544267","17280","","",""
"3fd2387b-c4a8-426a-a1da-d1e044c596a5","17281","","",""
"58795078-cca2-42d2-9dd9-ed4ea9ad0c6e","17282","","",""
"f2613926-16b1-4fca-ab87-fa55abafd0b4","17283","","",""
"eea1cbd6-2273-4fe0-b2ff-8acf976508e4","17284","","",""
"cd6137ee-585e-4f5d-a705-99dab55cc9e5","17285","","",""
"7c77b3d2-2aad-4e67-962f-36ad61b4d723","17286","","",""
"8cd8c978-b202-4cb0-84b7-567562fae457","17287","","",""
"9155177e-2034-4a7a-a345-00189cd629d1","17288","","",""
"089e91c9-445f-4087-bb27-c0adec827b50","17289","","",""
"5a079494-e018-49fb-bb7f-b8dc285d6e0b","17290","","",""
"a2557a20-8df5-483b-8e3c-11ba33f9e089","17291","","",""
"c93fcbca-3197-4dc1-be89-70daf19028a9","17292","","",""
"27cf75dc-ad86-47e5-97ad-0e56da391add","17293","","",""
"9ccd1ad5-230b-4324-9b07-f1f45ac316db","17294","","",""
"323e26bd-b668-4dcd-a715-fe9103c7bb79","17295","","",""
"42677b63-2ec9-48bc-98fa-64b56249556b","17296","","",""
"3ed7b17c-8fd0-4b5c-bd4e-cda6986cacd3","17297","","",""
"9f3c4bb6-741a-454a-a909-7adc950832d3","17298","","",""
"b8f59b48-f591-4a1c-b60a-0603b12e81de","17299","","",""
"75c823eb-15a1-4f33-b0f8-1cdf43ae40d3","17300","","",""
"0846fd0f-ef4a-45f5-8a29-5f9e09d62645","17301","","",""
"aaeee4eb-9c9f-4789-9d43-15968949868e","17302","","",""
"8194276a-01ab-458a-b46d-bb6aaf7b5e69","17303","","",""
"dce3392f-8826-451d-9c01-d0a401d07dc4","17304","","",""
"ad00960f-ab47-4152-a05a-e2d83fa76631","17305","","",""
"7bd99215-9128-4db0-9c51-4488533c657f","17306","","",""
"13dfd99e-2867-4eef-9eeb-e3264787dff9","17307","","",""
"69973394-4d74-41ea-b066-f2baf5281e84","17308","","",""
"d374793e-665b-4d5b-878f-7128ef3a229d","17309","","",""
"24b72fb8-63ed-4f53-a9e9-de2494fa0bb8","17310","","",""
"5e8f13ef-a326-49be-a523-377a81553609","17311","","",""
"69d916cb-2ac5-4807-bb2f-9e793a1fd46b","17312","","",""
"7ce32bb6-7e7b-4a5e-b8ff-03fa8a45459d","17313","","",""
"03a75a43-95b1-4387-865e-e7e440fe3209","17314","","",""
"a1a2e3a7-5fb0-4dce-819a-81527b4dd2af","17315","","",""
"1f61ea68-0302-4d57-af9b-99172802ab0a","17316","","",""
"a204719b-99a3-4f4d-ad70-a5678b68932d","17317","","",""
"54542716-5fbd-4f99-a358-b6eda6faaf20","17318","","",""
"2e92d851-fcff-46e6-9a41-f79395d8c75f","17319","","",""
"09ec3f13-24e8-49c6-a4f6-62a3d3aa8c3f","17320","","",""
"216d0aa6-6b35-4d71-8968-3d8eb0420dcb","17321","","",""
"d0b218c3-5070-45df-97f4-6953fd148801","17322","","",""
"76a5b251-fc21-4b52-af5e-c09413ffefe4","17323","","",""
"e68b4775-ff40-4439-8030-d5839c4e6494","17324","","",""
"3569abcc-9471-4820-a0da-79d694261700","17325","","",""
"3a584976-0159-4441-afcf-e93080980cab","17326","","",""
"9dda71f3-bbfd-45bd-9347-523a6038eeb0","17327","","",""
"67daa538-0085-49b7-a4c4-99d6299e1392","17328","","",""
"ed66ef6c-bcba-4513-a4d9-1aa93b6157f6","17329","","",""
"decfbbf1-d9e9-4171-99ee-f26e20d6ff4a","17330","","",""
"3d04cfe4-977b-43f5-b474-987a4bcc2f7b","17331","","",""
"21aeb281-9351-4c9f-8b3f-deeacf2b1849","17332","","",""
"1595870b-1b3e-4180-bdce-94a4842f13be","17333","","",""
"28bd3a9b-8265-49fc-a6b8-99e2ca607b8e","17334","","",""
"25d69f9c-c52f-47ea-8722-5803ccef9bb6","17335","","",""
"3108f3fc-2432-4850-89d3-51a881182f38","17336","","",""
"77bffdf4-31fc-4b8c-ae1e-5817af43e385","17337","","",""
"9008a303-67ea-4f72-a2dc-ced616cb9482","17338","","",""
"c190b615-99bd-46ab-acf7-d4c49031b78f","17339","","",""
"194b138f-2103-4778-97ff-f8f95a56decb","17340","","",""
"b2307719-a9e5-48d4-ac50-2d3766e57d73","17341","","",""
"d057ae0d-fdee-482d-a7c7-68cd915b250a","17342","","",""
"dcea2e47-33d5-473f-a678-6c8b34724cc0","17343","","",""
"10b2a5bc-87ec-49bf-bc8c-35aa42d848c3","17344","","",""
"168258c0-389a-4320-b26d-a481fe7276f3","17345","","",""
"9aaeb8a5-a194-46b3-b823-4dd91b1739aa","17346","","",""
"81603ad5-6992-41e9-88f1-4a64aa7f254c","17347","","",""
"8e199fe7-7bcb-4f50-8f7a-c5ef365e9286","17348","","",""
"71f5bafc-29bc-4ffb-85d4-fca9b3f5b783","17349","","",""
"cebaf006-5079-42f1-b340-3dfb44bc2e55","17350","","",""
"24d58a23-8dcb-4963-a79c-9bdeafd4b10c","17351","","",""
"a86081f2-ef51-4d59-bf86-83a99247851c","17352","","",""
"1f80e2c1-2da4-4748-a591-3a93d749f278","17353","","",""
"2e8a0b53-d2b9-445b-886a-076cd421d0e2","17354","","",""
"22c34194-535b-46c7-86a3-819ec4fbe21e","17355","","",""
"43041523-27e6-4902-bc3a-570fbd06f5d2","17356","","",""
"43cfadf4-72c1-4c41-9810-c0fb47ea4da3","17357","","",""
"e9e8f4ca-50fd-495e-a670-1257779c7510","17358","","",""
"cf8309e7-ec2f-4d61-b908-02a5a8fbd88c","17359","","",""
"bd5f3f03-4314-4e91-97c5-ca74d8c1fd3a","17360","","",""
"7d0b8178-c1e8-43f9-8c0c-2ba1e817d3da","17361","","",""
"e0f37af6-aeff-4e5d-af9e-050526cda984","17362","","",""
"c1224abb-a8be-42f8-ad87-66ba3c47071d","17363","","",""
"9cd72132-a9e1-4fd3-9ab6-bcfde40a58a7","17364","","",""
"8e3764e9-65ec-4be8-bcd4-7eb3173b3b72","17365","","",""
"d5c8ce74-d4b6-4f50-baec-66319f68a68f","17366","","",""
"17135b9b-8d67-4e3f-9a61-3a95a65de953","17367","","",""
"5ceb20db-1c9e-4203-87d6-acfbb2753546","17368","","",""
"d4b6efea-b342-45a3-8562-d737bc17f780","17369","","",""
"bd53442b-2284-49f4-aca4-f243a5d5e602","17370","","",""
"1dc5e76e-757b-4892-8317-f09c13965f65","17371","","",""
"46febbf6-cdb3-4943-952d-b86e19c400af","17372","","",""
"1b1b7f74-f1cb-4537-bfe7-a6e924ab2699","17373","","",""
"c938921f-7576-4f3c-a821-5665c0028593","17374","","",""
"e94b9832-b556-4fc1-b27e-c5bd9eb11a24","17375","","",""
"7b696a5d-33c4-408a-81e3-7e29e6dfb165","17376","","",""
"98ef0019-92e1-4d6a-9c0b-4eb0a2f70cc7","17377","","",""
"87349bc6-72e0-45bb-a277-d3c0bcb4ef5a","17378","","",""
"d3d7319c-609c-4595-96cd-2f29a97330d4","17379","","",""
"8bb52eed-c548-400d-ba08-2ebd1bbf0b1b","17380","","",""
"8d0ca20a-18b5-4975-b465-0c930cf500e3","17381","","",""
"b8ea1a9e-7c86-48a4-971b-0a9ae6045379","17382","","",""
"3d2775fc-9b17-4b1e-a85d-5aac7037818e","17383","","",""
"97f87a8d-4d7d-45bd-b51f-83116a79d65e","17384","","",""
"9d61951c-29ab-4447-bad7-7785834f767a","17385","","",""
"fb6be79e-cfa7-4c58-87ff-f8c633b58857","17386","","",""
"cefb5686-887f-48b7-b683-1ce250c0df16","17387","","",""
"d4b13cd0-1027-4fc7-a987-8200578b9ece","17388","","",""
"ef3dfb6f-2fdc-45ac-b2da-d37466b8ef8c","17389","","",""
"edbbdc0f-9b16-46e3-a745-761fd0fdcb90","17390","","",""
"3693e931-b13d-4ce6-9ef2-8bddec6c2b03","17391","","",""
"40e14c0e-5b5e-49ca-9714-bfe4d8597c7d","17392","","",""
"0da8a614-42bc-4dcb-aebb-1f529ce3c781","17393","","",""
"91d78124-c32f-4a28-ba39-27864d4d3025","17394","","",""
"736beacc-5e60-42ec-afa4-abe369d40db8","17395","","",""
"0f34fa94-c835-47f2-8131-f42c5cbe6e57","17396","","",""
"f29f6d5a-3146-4a5e-83a4-3cf5c500dd09","17397","","",""
"a09ebc8e-9179-4633-9536-eafca62fe497","17398","","",""
"94d750bd-68b2-441c-866f-7857c72f849a","17399","","",""
"b852eda9-40fe-417b-9d5b-780ca486d3f3","17400","","",""
"8da564d4-468c-43f2-b45b-90c46281424b","17401","","",""
"b7f245ef-0507-46d9-92f6-26364e7b9456","17402","","",""
"70469340-5005-48f2-a0fe-873203be18c6","17403","","",""
"1c8f91e5-9fe3-479f-97d0-36a68de13be3","17404","","",""
"7e4b15b0-4b59-4f04-a45c-1490ca84f457","17405","","",""
"3789f48c-31f2-4e3f-aed8-0a04dee338e2","17406","","",""
"d1df5151-c046-4273-af6c-7bed45be7abf","17407","","",""
"e8441848-d905-4335-a387-3812fa21f979","17408","","",""
"16203e57-1531-4b72-874a-222304d797ea","17409","","",""
"18e5b9de-003e-4078-8bfa-973eae63470c","17410","","",""
"5529ff32-d66a-4f89-9348-e1d67883d22e","17411","","",""
"02a0734a-b369-4edc-bea9-26da716e9c09","17412","","",""
"e091992e-d23c-43c8-8aec-950c3fc764c3","17413","","",""
"39196d4f-80a2-474b-8633-e43f8a8ada8a","17414","","",""
"c602c154-391e-408f-b1d8-a10e1090b77c","17415","","",""
"ab67b8d8-06d6-4022-87b5-84b1aa25e8ec","17416","","",""
"ea89ebd7-fecc-47bf-8701-4007f98e8dab","17417","","",""
"7130aaa5-6017-4259-ae83-9e96012839a5","17418","","",""
"2cd02365-a5d9-4710-921a-72179bdc576f","17419","","",""
"fb7af3d5-b327-439d-b305-e7b8614017d3","17420","","",""
"c88e6157-56f4-47ca-b4ae-3a05a4631cc3","17421","","",""
"6cef464c-9197-4211-80cb-133e1507b0f4","17422","","",""
"e123d61a-fb29-4282-9c41-e0543924f82c","17423","","",""
"10f32a6d-567b-4ed4-9f52-af18662719e5","17424","","",""
"933f0359-bb1d-4c91-8a6c-051a2f16d1b5","17425","","",""
"c65511e4-ae4a-48a6-882c-6de2a68024f7","17426","","",""
"184be4b2-2ea5-4ea3-ae44-54d310ee09db","17427","","",""
"365c6368-fedc-4933-bfdc-44d3c47f1a79","17428","","",""
"621b0d92-3c49-40bb-971c-7c99b513975a","17429","","",""
"43df6fdd-5f51-40c5-b429-301603d3a499","17430","","",""
"d92b4923-84a9-4a26-8333-0b573ab388a8","17431","","",""
"a6de730a-2387-4723-8a2f-61840b17de98","17432","","",""
"3208b7e9-08e0-48b9-821f-5fee71e3096e","17433","","",""
"2a8993c9-e44c-4344-83b7-96b094632694","17434","","",""
"2d59e6de-d10f-4e92-839d-d0f2c642e31f","17435","","",""
"2b6e22c4-bbde-4f38-8142-9542b9e3f9be","17436","","",""
"02ac3356-6e81-4c79-a797-13fe68f7a7aa","17437","","",""
"5368b44a-26d3-4d9d-aa3c-4789b34e0d01","17438","","",""
"c04cc776-2e74-4bcf-908b-29d16e87e7e0","17439","","",""
"a28b90db-894c-428f-9071-7bbf7a76c6e7","17440","","",""
"a27423a8-a544-477d-ac1d-feb950b9c2a7","17441","","",""
"3c7f88da-b920-4aa6-b507-c1b528168074","17442","","",""
"d2a30c27-be64-4e6e-9c9b-aff6b1ef3216","17443","","",""
"54ea25fa-dd12-424d-9b3c-e48d9b92edab","17444","","",""
"3b0fdf84-b32d-419b-8826-5165c350a4d3","17445","","",""
"7e24a80e-57e4-4fe4-928b-995fc3730667","17446","","",""
"5a2e0f98-4c71-4805-9f63-4f69da1c88f0","17447","","",""
"83b67a54-a86a-4519-bf8e-a3f8511879be","17448","","",""
"3ffe8339-3bb6-484a-a238-c40d37cd1ba2","17449","","",""
"1b977369-9ab2-4174-9039-70f73fea1716","17450","","",""
"96943cf7-d2ea-41a2-ba84-a5b4109b5a1c","17451","","",""
"ca735fe9-b4c1-4e15-bc86-9a79fc23d07d","17452","","",""
"1e1a9cc8-25c1-4a64-b4e6-e158e71013f1","17453","","",""
"2ac5f1e1-094b-42b8-a79f-c482e0d73306","17454","","",""
"2bb11586-774a-428c-950b-4a265402c829","17455","","",""
"2b242442-c3b8-4f72-85fe-35f9526bf588","17456","","",""
"585aec64-bf2b-41cb-b5d5-4c1c882b7b3a","17457","","",""
"956ca4c4-c6e3-4391-9e3d-ad6662173682","17458","","",""
"4bc0d856-b1e5-4ce3-8f90-b6b6995cec9c","17459","","",""
"9f6bc515-3edb-4c50-8252-a6ad20c31212","17460","","",""
"f55159ae-6313-4af1-9565-acdcad5f0ce8","17461","","",""
"ea6e6d2f-889d-408a-a3a8-d8992ffcd0f9","17462","","",""
"943f1c4a-93b8-412c-800a-acbf68ceea7a","17463","","",""
"af2e0d03-dc1c-41f1-898d-59726f2cbbc6","17464","","",""
"232b7ac0-585c-4738-bdbc-00e9a63f57e1","17465","","",""
"ed465707-f65a-4ff0-ae7f-2cfe92bffb58","17466","","",""
"19728eb4-4917-4d31-b0a7-c5362782e0fa","17467","","",""
"bfa15fba-ce27-4716-8731-689d10094f0c","17468","","",""
"b837e02c-e887-4cec-a4a5-96a859352b33","17469","","",""
"86823b48-f780-49a5-b0b0-7af4fa54c197","17470","","",""
"4fbd0d12-d3f9-4192-aae2-af3cdcbb992f","17471","","",""
"f4660909-d373-4d06-9e60-785924750449","17472","","",""
"ca7fc513-254b-464c-b45b-d23c3184512b","17473","","",""
"17465c0f-b12e-41fd-b618-878a72899fc0","17474","","",""
"c02142c7-b5ce-4947-b2c3-c5b9d5155b92","17475","","",""
"b362802d-b215-4ecc-a92f-f1b904e8a2ac","17476","","",""
"a3e4805e-ab86-4f99-9f7a-a8c454c10208","17477","","",""
"e41e20a2-190e-4d41-b7f8-8939c6cb80e1","17478","","",""
"535dca65-b020-403d-a99f-8c39339c8a6e","17479","","",""
"c1a7ba3f-0b1b-4833-a825-3ef5fb9c24bf","17480","","",""
"037d967f-0767-42cf-a4ce-6d226d97fe0b","17481","","",""
"fc834a89-35dd-4a3e-a492-ed19450dcb33","17482","","",""
"56e68317-0277-4934-8d58-b19a97b0b30b","17483","","",""
"53976ffa-766d-4583-86e0-18a0edf71aa9","17484","","",""
"e641f0a1-facd-4f0c-9c14-7f6de6864860","17485","","",""
"7d6614cd-8c2a-44e0-8c83-6727c9de7808","17486","","",""
"d2aaba1c-7089-4f9d-8f0d-1d53522f0f04","17487","","",""
"d6f7e4a3-80f0-426c-8ad7-6056d75dc957","17488","","",""
"d31b5e88-23ca-48c0-baba-a24533f7b3b9","17489","","",""
"e2798c53-28bc-4689-a523-59913da93f96","17490","","",""
"2f588d99-419a-4f2b-9998-6a461ee1c664","17491","","",""
"b272595b-cd20-4a06-a164-0eb9675c52af","17492","","",""
"5180b0dd-37fc-4a61-becc-a191e6c1669b","17493","","",""
"d3509289-dfee-475e-8246-54a75f4dba34","17494","","",""
"c8030584-2f26-4a80-8dec-5d21ac2343d5","17495","","",""
"da432aaa-9151-471c-bec4-7203c4f5bbde","17496","","",""
"101a8469-2500-4054-8e53-6218a057983f","17497","","",""
"7b7c37b1-80d1-4353-8f19-9d4b37ca1f88","17498","","",""
"7540d40d-fb3a-48f1-aa4c-9ebdb380ac6f","17499","","",""
"c53466c3-bd07-4a61-8fdd-728d02e888b0","17500","","",""
"6d54712c-41eb-419c-9199-14f78e996d30","17501","","",""
"91f4ca79-86ff-41a4-9229-1ea066714fc9","17502","","",""
"87be669b-d844-4644-87b7-edc02863cc20","17503","","",""
"36f5759f-62ee-4d72-abbd-2d6ef993378f","17504","","",""
"6b3c9184-7a6a-47be-a974-68520ddfc5fd","17505","","",""
"4e7b691e-d653-49eb-9280-b6cfa1698aba","17506","","",""
"50d869c8-f846-420e-959e-606eaab1066b","17507","","",""
"18d77abe-6886-4d73-87f4-3da4fb3f4755","17508","","",""
"7a67f194-de93-46c1-84b4-4aafce041b14","17509","","",""
"484cd3bd-6351-4f88-80bb-276cc5f68e05","17510","","",""
"6c7cb9bc-87cb-4dad-9395-e0169554a405","17511","","",""
"ceef7478-d131-46b3-8483-e7404585fe37","17512","","",""
"86d65f22-310b-4552-9ffd-e9ea09822468","17513","","",""
"3be9e258-94a0-4efd-8312-57a8603611b8","17514","","",""
"e3a11715-5997-4645-ac0a-be01cc18df22","17515","","",""
"9e718dcf-71e9-47a8-8a23-c16f76a064c8","17516","","",""
"6b48201d-a89f-4c35-9427-c57e91d750ef","17517","","",""
"141db2c7-2593-4f3a-90e4-f43a5c87e0a7","17518","","",""
"7d115e05-934b-4d1b-a1fb-f312e4af42ef","17519","","",""
"3a3b4d2b-725e-4e64-bf2e-b59f87c03c4c","17520","","",""
"ebf12f5e-92b7-4be4-b0c4-550c6ca7c43c","17521","","",""
"685be06f-6d83-4834-a473-fd55157d3e48","17522","","",""
"282cc4b6-e1c2-439a-87a4-6c9dd7054c59","17523","","",""
"b87d1f7a-5a9c-4bef-b353-35e60f0a3558","17524","","",""
"4cf589ad-bc91-44ab-a2da-9c18c6c33060","17525","","",""
"5d379444-c7cc-4414-8478-a09d94af8be0","17526","","",""
"245a6498-6c74-47ee-bfa1-99646400dadd","17527","","",""
"d560502b-4e91-4a5e-94d0-6c0576bc5af5","17528","","",""
"4db4cf8c-d850-41ae-94d6-f58e0f56814a","17529","","",""
"be9d52ff-18f1-47b0-b3af-6e8b29ba3626","17530","","",""
"f31ad6d1-29d3-4ee8-aa01-56c178457599","17531","","",""
"de79bb0d-a8b8-491b-adec-9097abc90c53","17532","","",""
"d94e4e8f-1bb2-4898-8398-b61b3ef72ffa","17533","","",""
"a878bb3f-049a-4cf8-a2fd-c87ec7f06e76","17534","","",""
"916e3e99-2a89-4777-abb7-c570e66b96f7","17535","","",""
"a384a3da-d5a3-47e4-a113-e2f089353ee1","17536","","",""
"742914c0-290d-4bfc-bfc1-fadd4c5dbd2d","17537","","",""
"4d7a4dcf-52f4-4088-9a15-b59579b0a082","17538","","",""
"efcd394d-33e9-4e6a-959b-7cb90010e4e9","17539","","",""
"4d620d08-2ef4-486d-bfb0-1a6e497b1be6","17540","","",""
"863b4eb4-1b69-456b-b130-db0cbf2ec2a1","17541","","",""
"29ac997c-de21-4144-8a7f-11303285b089","17542","","",""
"4a98f9c3-6cf7-40a7-bca1-8593a0deb094","17543","","",""
"aef3b1e4-1f9f-4ce8-adbe-fb349dc29a8e","17544","","",""
"779440dc-3a85-4f14-af23-1d0402bf7ff3","17545","","",""
"050c6ee8-cfae-42c1-a9dc-71e63c80eac8","17546","","",""
"d359d000-51b6-4d0c-9017-86186a5cc295","17547","","",""
"cf5c1743-8b7c-41ee-9e03-0eb3d3c99c29","17548","","",""
"ac356a88-c43a-4420-bf27-908f941d4a6e","17549","","",""
"52934834-ad2b-4d3b-a2c7-484adbb53a2a","17550","","",""
"bafaa92c-dea6-4e36-9485-902315603270","17551","","",""
"c0818182-12bf-4c87-817d-69a76a9aacef","17552","","",""
"dcd913ba-4469-433c-ba5b-5471b8756e99","17553","","",""
"4fea65df-e6fd-4968-b4ac-96bc8a0257fa","17554","","",""
"98caa184-8a05-47d5-bc4e-1933b7430818","17555","","",""
"0a78d025-465d-4310-9e54-a34cbfc15a96","17556","","",""
"63ffb2ff-9cb6-472d-8deb-6b2e2c6d5bdc","17557","","",""
"af30ee5c-157a-47b9-9ffa-ae938a4ffe68","17558","","",""
"4e5db50d-f65a-4bd7-86fb-6689daa60f09","17559","","",""
"a2c58918-2a69-4c43-9235-7181807a61b9","17560","","",""
"9aac70b8-4523-4c82-8b5e-be479da54fd8","17561","","",""
"7c72c7de-555e-4ce6-8446-9061ede95d16","17562","","",""
"d5d25453-c738-463a-9981-5bb337c8c015","17563","","",""
"e38a7a1e-0520-4844-9e49-da3adc9d335f","17564","","",""
"ec4dca96-ba94-4b46-825f-8c04d61dd67f","17565","","",""
"61337f41-f329-4dd4-9779-f2c839307176","17566","","",""
"12ea3f7e-e9ff-4c5a-8f90-3c79bf5954af","17567","","",""
"cf9e7d29-f661-4a0d-8e0b-90edefc10057","17568","","",""
"b5b65e8e-5e19-4b97-8dad-dfb1e74591ca","17569","","",""
"138e9573-5ae9-4aa5-a7e7-a730720498d0","17570","","",""
"90e1d46f-5cda-4b14-8716-fdbfe3db7066","17571","","",""
"2f64fd81-b1fd-42bc-9338-5221f50ede97","17572","","",""
"ae342c58-98cb-4a11-9d4a-876f0f307f33","17573","","",""
"2499064a-355e-45c1-97e2-85c625a24647","17574","","",""
"df931958-5044-4f81-8d7b-6dac1c9bc75b","17575","","",""
"a8b4ec87-2eb1-45a1-9599-df4c4ca0e116","17576","","",""
"299b7f26-9afd-455f-ae60-a83e0fdd2752","17577","","",""
"1620b7eb-dbae-4a2a-bae9-02ec485c09bb","17578","","",""
"a2654a65-3672-4496-b094-ccf9c435af9b","17579","","",""
"a4dd466a-017d-45a5-9342-16f2fc5f9a55","17580","","",""
"f6aa3896-622c-49ec-8db9-6b2913ecba95","17581","","",""
"70553fb4-4051-4da7-96c5-77f1b386492d","17582","","",""
"6ea66c14-c6fd-420d-b38f-76c587ccede2","17603","","",""
"010cccc9-2429-4cc2-8da9-4320d33aee21","17604","","",""
"6b7fb1b5-8f2e-4339-9f68-ae8f2dba67ce","17605","","",""
"3e197a50-86ad-490b-b072-5c0f4500621f","17606","","",""
"5a56a342-81a2-4cc3-af09-b848c231a178","17607","","",""
"ec21783b-dedb-48f3-b7b7-5fa7935cc625","17608","","",""
"61df56ce-4c7f-4e3c-9350-2194c924aafe","17609","","",""
"eee53d3d-5944-4da9-b2d8-0dd2a49680c0","17610","","",""
"b6f2820f-73de-426a-ab25-c1889880b8f6","17611","","",""
"28eb1b0a-4a1c-42ce-be93-1fa9790f8732","17612","","",""
"5b0954c5-153d-4ccc-82ca-6c527b9c0b66","17613","","",""
"bdf4bd23-9695-4a32-9034-a0a8f5b1614e","17614","","",""
"ec13f166-1496-4618-a53a-9e5d6f258c04","17615","","",""
"2f3bb862-ca8c-4d9c-a3a7-2524393b7520","17616","","",""
"9e1bbccd-3f2a-4b24-a3c1-63bac2d64509","17617","","",""
"f26c76ff-fc47-4d08-bf9f-d5befe89a2e3","17618","","",""
"90f77353-da14-4999-8d74-12ab1c98ba05","17619","","",""
"5e0ae992-c47e-4605-95f4-0d8a8b3d673c","17620","","",""
"c4d1d710-2e83-466d-980c-3f115cdf73e5","17621","","",""
"ffdd073d-1add-430c-950f-b7788adaa095","17622","","",""
"0ddb4a64-fe63-4407-ba04-15b60982d107","17623","","",""
"6463a723-1d99-498a-8dec-c915d4f7a859","17624","","",""
"32ce94a4-0cec-4e86-adbb-f8d30dcbbf79","17625","","",""
"357a963b-fa3b-4f91-af1d-4b2c2fc507eb","17626","","",""
"086a356a-1c4b-4cf0-9b4b-8909a69e14d2","17627","","",""
"7acb5a48-b153-4ed7-a05f-63758a6928dd","17628","","",""
"6bff46c2-ae5e-426b-8bcc-e1c231d8c241","17629","","",""
"00416705-04ce-4923-b112-986a05d2dedc","17630","","",""
"21b8d687-3fd5-4a66-a820-64e2e5f9d846","17631","","",""
"ed9af801-1cf5-40d5-b8fd-a715120a13cf","17632","","",""
"ed21c5a0-0cc8-41ee-a7d8-d3af62215c20","17633","","",""
"efe3755d-88f5-4e22-ad47-d28984bacfe6","17634","","",""
"73978ae8-eca4-4e2a-aae0-cb9bd7aa4663","17635","","",""
"e030b451-b7a1-42b0-83ef-608aeed8928c","17636","","",""
"5724d313-c4eb-4b9b-a869-a7bb4183f8e8","17637","","",""
"a9cfb601-5c56-4b38-8721-902b7a76b24c","17638","","",""
"900ae3b1-d446-4667-ba75-ee244e887175","17639","","",""
"c330c714-b9ec-4a9c-9e15-a3a9bac7ac79","17640","","",""
"f2c4e276-5a14-4996-af09-a3ce5a85f623","17641","","",""
"1314fa4d-25ac-4492-b8c1-1b8639a23e37","17642","","",""
"451b7866-e54b-4b4f-8f96-4c2cfb844ea4","17643","","",""
"33daa005-bdb2-4f84-9473-a0bae5e32460","17644","","",""
"0de175ee-1922-4bc6-9df1-e58b3e3cd99e","17645","","",""
"a83cbb5b-be05-412f-91aa-74b686df0dce","17646","","",""
"80a5d73c-eecc-42de-891a-fff76a86bea0","17647","","",""
"e068e6cc-a908-443e-a4cd-133ddeec1eb4","17648","","",""
"6eeb5b19-d4a4-403a-9960-bb2760dc3901","17649","","",""
"e018db08-6d3e-4d17-a656-b857dd88986d","17650","","",""
"17f9bf57-a091-47f8-871b-43f88bc3dcd1","17651","","",""
"667f1ee5-87e1-4499-b728-381b69b8a8b8","17652","","",""
"57e6c720-9609-43ff-8601-60af70181f4f","17653","","",""
"919a1acc-f131-48c7-92ad-6326cb2d54ef","17654","","",""
"d610c957-d864-40e1-a980-ebad2f587064","17655","","",""
"dbde2b89-add9-45b0-9187-45e6a2deb93a","17656","","",""
"79ce5861-c913-4ce4-b275-8049770d2f75","17657","","",""
"8fa5602b-f7e5-48e5-96f7-f97a762db438","17658","","",""
"10c855cf-521f-4048-918b-09c218b93886","17659","","",""
"a3106401-cdd4-41ef-88c8-9189f7c83517","17660","","",""
"e19e39ce-2f81-46eb-98fb-7f26482f082d","17661","","",""
"c7d3163c-f3cf-4d63-b52e-63b30c604aa1","17662","","",""
"5d181779-6faa-45d6-b588-d03cebced1ad","17663","","",""
"ae59b4d5-8e6f-45f2-8aee-51c25649b936","17664","","",""
"3cd79a54-6162-4912-9711-fefae15807fb","17665","","",""
"23624aa1-26e9-47ed-a3a7-e8cd273bcc9d","17666","","",""
"92759790-3755-4bdb-b4e0-63f91e299274","17667","","",""
"39c84427-e5ef-4b1d-96e4-56e825dc5d02","17668","","",""
"f5cfaf04-1c5c-46f5-b9bc-e2eca1290a2e","17669","","",""
"bdf1e6ac-38af-4b74-82c4-1eace4ccf121","17670","","",""
"b88e57e9-6890-4716-ac2e-8caa4c042d3d","17671","","",""
"737fe87a-4d47-4c8c-ad4e-671d24802166","17672","","",""
"f845bf5a-45e5-470c-98a3-5a89944420cb","17673","","",""
"5dd364d6-62a4-4de0-8f25-b43e63cee354","17674","","",""
"86f9ab60-4389-46d7-bd3b-94ae1b2c8fcb","17675","","",""
"ad9b467c-833f-4866-86dc-93631b661beb","17676","","",""
"31a740d2-5633-4f7a-9d61-97bea0c841f8","17677","","",""
"a151e8b9-ca06-48c1-91cc-e98ebcb3e1f1","17678","","",""
"1e4f51c8-f110-43d8-a381-71606d4428ba","17679","","",""
"4cd1aa81-cb20-42ed-a212-8590c9c9c0fb","17680","","",""
"efadbd17-5bfe-412f-a0a0-2301ffb896f5","17681","","",""
"d34093bc-0906-443f-9ad2-2b107a958de3","17682","","",""
"9fdcbf60-2ed6-4d4b-9f6d-aae77a780114","17683","","",""
"50a1989f-8757-49c0-b76f-61cddbbe9e63","17684","","",""
"9b9b12af-3ec0-4328-ba8b-f01bf6c26a1d","17685","","",""
"bc1b85b5-c003-455e-854a-f3ed0a72439a","17686","","",""
"26e1e4e2-f63d-458d-b7d0-9522ba269a78","17687","","",""
"37054b6b-82c9-403a-9f85-404f8eb8c01f","17688","","",""
"28b5cf23-7b82-41be-baf2-35350fe8b71f","17689","","",""
"c2e28bc7-5dd4-452a-9971-0dc5c5b66450","17690","","",""
"56f99968-58d9-49bb-8c61-581305ef7a1c","17691","","",""
"6229a8fa-952a-479b-99bd-8ab7605d58b8","17692","","",""
"aad2314b-5a9f-4914-8663-73c9681cbdcd","17693","","",""
"1d108998-8784-4439-97bb-0db9d366ff0a","17694","","",""
"7e306f4e-f6b8-4c0e-85e2-596b04937c1b","17695","","",""
"510a42c5-74a2-4075-a2ce-7e9874baf7fc","17696","","",""
"1bc2fd29-37d4-47fe-ac39-d998fab257ac","17697","","",""
"6b172bde-aee8-4af5-aba4-deb8c8a17a15","17698","","",""
"dc1267ce-fb70-4284-8208-1ac79cc9dfeb","17699","","",""
"60a8be74-a774-46cb-9375-51cc9e3f8a34","17700","","",""
"25713307-1346-4af6-8eef-47015c978405","17701","","",""
"d20bb091-6444-49e8-9056-1b98059874e3","17702","","",""
"8b756fc6-8e59-46ba-a346-dc521cecd0a9","17703","","",""
"737bbfaf-8a18-4135-881e-d51b733c2bfc","17704","","",""
"8f646eb3-db49-42c7-9206-50be6a9aeae7","17705","","",""
"e8fac45b-0b41-4227-b7e5-352a17ef343e","17706","","",""
"20c77a49-881f-432e-bb66-c9f129cd527f","17707","","",""
"6f8e5078-40d8-40e2-a509-e10ab1834040","17708","","",""
"ebb421c8-6ce7-4ce8-9910-0c836d8f34eb","17709","","",""
"7132568e-5d8b-4366-b4fd-c8fc5ecbdc9d","17710","","",""
"3a775bf8-3c21-4dd0-8bb5-59712b841402","17711","","",""
"e24adbfd-0f38-4829-97da-981b17cea8d4","17712","","",""
"074fc13d-ca1b-43ca-89ad-6f76bf302425","17713","","",""
"606d1657-960d-4459-b39c-6739acc076e6","17714","","",""
"e08ad8c9-1ee3-4f4e-a9d0-f30c605e6c1f","17715","","",""
"cb898268-ce57-4c8d-bea6-cfae412138f9","17716","","",""
"70540a59-9a82-4002-bf59-67c0611a0c70","17717","","",""
"667b0511-874b-48ee-9bf7-7104ebc797f6","17718","","",""
"59cb4e77-88a5-4958-b135-6091a60c9a79","17719","","",""
"a368cf7a-5805-4325-b5f1-ff74519c3e0b","17720","","",""
"eb176cfc-5b52-4d54-982f-fa103fdfaac6","17721","","",""
"c94dc081-8211-4f2b-bab9-e1c9a91728b9","17722","","",""
"a177faee-6f26-4f74-8cef-b9eaa07c322d","17723","","",""
"100b2c30-a339-4781-84bb-ebc01bb7a7d2","17724","","",""
"b51ffce0-e099-425e-a5d7-21e3e8380744","17725","","",""
"71bcc867-bee4-4fbe-bfae-b149dcd28679","17726","","",""
"c1087164-f807-4dab-8809-92785825f0d9","17727","","",""
"4510b4b8-2c34-4dcf-b3a5-4e95b19c16c4","17728","","",""
"303d9904-392a-40a7-82ce-390c60a4a4df","17729","","",""
"fb2deb82-2a7b-4305-8561-29f0461af606","17730","","",""
"1927fd3b-e492-4a52-891a-b1d974af1e22","17731","","",""
"c5302cec-a391-4ae0-af79-e48b22d2c18c","17732","","",""
"9eef2e45-a2f4-41f0-beac-276f109f60da","17733","","",""
"a4d4ee0a-4ff8-4529-abd6-8ff53bb44bfe","17734","","",""
"4dc56a1b-6032-44f5-aadb-8b9a6bbe70dd","17735","","",""
"1c9b66b7-b4c2-4a5a-91ce-28ead1c2f31a","17736","","",""
"bb686c14-2cca-45fc-bdcf-1af2c97deacb","17737","","",""
"87881aaf-198c-43a6-9f2f-ac1e9c9062ef","17738","","",""
"a8a2dda8-76a4-416e-896a-70bf2f51697a","17739","","",""
"b7079a0c-7fb8-489c-a6b0-64c97a7c535d","17740","","",""
"7627d829-8e3e-4b17-8999-c114f91db33b","17741","","",""
"5736807d-5581-4169-880e-15e90de916e8","17742","","",""
"71f8da96-9937-4aa9-bfc2-12f2f7c42e29","17743","","",""
"69170edd-cf4d-493a-b76a-29d6b8244843","17744","","",""
"d139e535-653f-446f-9e60-ea7e34baa22a","17745","","",""
"45f9120b-e4ef-4303-99e7-c7f8b5943ffc","17746","","",""
"44501695-5b02-461c-83e8-4cb7bf2f10d3","17747","","",""
"24967844-e186-44a1-a480-1a36daf34a16","17748","","",""
"ba649958-bc30-492e-af21-0688c5b4a82b","17749","","",""
"823ba284-6b16-421f-9ca2-1950ace0dd50","17750","","",""
"2fc29bc4-842a-4132-b6ce-b6b72cbd0dec","17751","","",""
"1b356e3a-cfd7-4782-a81d-08ec15a133e7","17752","","",""
"dfeae247-e36a-4c3f-b78b-568e9cf0d9a1","17753","","",""
"04a0900f-7073-4541-8425-4ae6eb1f0f9b","17754","","",""
"2d6165e2-8639-449c-bb11-92dc9000c95a","17755","","",""
"aad8e547-b5e2-42ce-8136-e8848ad3c271","17756","","",""
"3c53ff51-1e5f-4378-94f9-5b5a7cbd7278","17757","","",""
"03f4ff71-8bce-40ff-9b2d-3a0879573753","17758","","",""
"d3b390ca-3a25-4aa1-b7c3-0665cf537bb1","17759","","",""
"dd0f6038-448b-4b51-86d2-aeda1750b574","17760","","",""
"d581e51a-f549-4faf-afff-16c8182c0bf8","17761","","",""
"10599e13-e69e-4cc6-a888-98193865b5b8","17762","","",""
"e2e561dc-641e-4134-8217-2d842f0929ce","17763","","",""
"03343801-7d50-4029-bb11-2bf3f4ddbe36","17764","","",""
"32c3f41d-8dcf-46e6-9cd0-b92c3df5fb2b","17765","","",""
"eb30e198-a0fe-4caa-b5fa-4ade693a74a7","17766","","",""
"223193c3-bea8-4e82-a798-0e90ab05483b","17767","","",""
"182f3ebf-c752-4f3a-a1ed-e0bdd288233e","17768","","",""
"e145d1e3-1f7d-4c47-bc30-b326bc3bb972","17769","","",""
"b83269a9-4ec5-4887-a12a-2622961019e1","17770","","",""
"66b4190a-ed5d-4f66-9ef4-83b9fc06d1d0","17771","","",""
"a64cddd1-ef39-4234-98c0-56523edcfa34","17772","","",""
"ae94a779-4032-4ec2-a996-22b649c28712","17773","","",""
"ada8b1da-44d1-4fd9-a610-679ef328e1a6","17774","","",""
"0096eb30-8f58-4db5-9c2d-c20006e23d40","17775","","",""
"e399cd36-7ebe-4fb0-963b-b2ab37cf3159","17776","","",""
"864cb5ff-26af-46bc-b882-dbda649977de","17777","","",""
"77fdbcec-23a8-445a-83ed-c67595b5cd01","17778","","",""
"406c29c7-e707-4e12-bd53-106f22a31bc2","17779","","",""
"3687ebc1-7689-4b5a-a30b-1d0213bd90e3","17780","","",""
"4dce7ae4-f039-4265-8a25-be23ad9a4728","17781","","",""
"c780b1cc-5ce7-4a13-8704-68dbbf2c58af","17782","","",""
"c2976c24-0664-4a72-bae7-8fe42f1595ab","17783","","",""
"7a13364b-67f7-4682-8665-dbf17f12a713","17784","","",""
"52970beb-64b1-4120-910f-93ec32409106","17785","","",""
"fc49a75d-7ffe-4b16-ba11-e3ecc91c7618","17786","","",""
"d2d01668-f547-4f69-8c55-1769a1b706db","17787","","",""
"67e97965-0373-47c3-9f01-608321832531","17788","","",""
"cde0b4b6-2585-45e1-b430-45f506ea73d7","17789","","",""
"4524a087-627b-45ba-ac88-962662ac72f1","17790","","",""
"577d822c-5036-4903-87ab-5ec4bc627183","17791","","",""
"f1382a67-e7ab-408e-b927-521b111fbfa7","17792","","",""
"c4c4af37-e541-4edb-b7f6-ddee44c6229d","17793","","",""
"60dea298-8cd5-408e-b342-d6040cfb7f6e","17794","","",""
"0b20738e-4b45-4741-a43a-6d06be4e3958","17795","","",""
"4062ea62-b208-47c4-ab40-7f0d3d52fa10","17796","","",""
"6cd9ecb3-c79d-4d8c-92b5-c56d53f66f0a","17797","","",""
"fe21a71e-763a-4137-9955-b61d3b152c7f","17798","","",""
"82af41aa-f980-4754-959d-f35a46d4e6ae","17799","","",""
"ade44762-8fc6-46a6-a030-a5f08be2e76c","17800","","",""
"b06bff8d-49d6-4ed7-a3d3-90bb770dbe7f","17801","","",""
"139dbe51-4ba7-41d2-a02e-7402e8486217","17802","","",""
"8e8896f5-894e-4bb4-bc6a-eee25b6e98df","17803","","",""
"c902618e-b29a-4af2-8587-bcf1a0e8b865","17804","","",""
"b1e88189-7522-4a3a-a4ff-acf1cf2de683","17805","","",""
"26a592ae-66d7-4c2e-8f62-4bde2ab960f2","17806","","",""
"0e8356d4-4ebc-423f-aec5-1572c5216476","17807","","",""
"cd02e877-c22f-44f9-af03-b542ede52a82","17808","","",""
"d10db02d-5366-4e1d-9dc0-31e42390acbe","17809","","",""
"0139274e-300a-4bca-ba6d-b8354ef04ed6","17810","","",""
"c6b35a71-8b4b-4a3d-aa2b-c41bec723794","17811","","",""
"6968a635-8e62-4b77-9322-f11d20dd34f3","17812","","",""
"9de47e52-8e45-48ac-8c7a-b0e4d6e01250","17813","","",""
"f41ac44f-172e-44fd-b9f2-c921d2015273","17814","","",""
"c568942b-13df-463e-8b75-be5f88dd03b0","17815","","",""
"0fad6013-ca5e-43a6-9815-d16307cd3141","17816","","",""
"f35ff28c-db0c-4515-9898-c7ab3c7a1e33","17817","","",""
"dcb4028f-618f-44ff-ad43-41fa128e8b11","17818","","",""
"35cc9d5f-3cdf-4d2b-99b6-6a83a8d6dc63","17819","","",""
"fb7401d8-9cb5-4f34-a27f-2cd28bcae215","17820","","",""
"59731854-165e-47dc-b595-ddf7006585ed","17821","","",""
"5ea7de16-3347-4303-8ac0-f7a1efc399c6","17822","","",""
"83b41db9-223d-4d61-bd4a-0e657163ca79","17823","","",""
"f06d4325-1261-43f6-a378-e5b1bf0f9846","17824","","",""
"36b80737-4326-4a5a-a191-11d841b25390","17825","","",""
"7d82b90a-f7ef-4a3a-8313-3a43cb3b776c","17826","","",""
"6e292610-962d-46de-ab6f-3f16f2ee1271","17827","","",""
"352819e2-456a-4e5c-8afc-cb6ff0074eff","17828","","",""
"fed0c4df-f82c-49dc-b58c-5ff23e72006c","17829","","",""
"4fb98a72-4656-4c63-a0ab-b7711363d7c4","17830","","",""
"bce750ce-5d96-4f5a-81c0-c0c1ada452a9","17831","","",""
"1e82f18f-8c26-473e-8ff1-f125098696f1","17832","","",""
"dff233c9-d62e-49b2-b5fc-688cfbe0bf87","17833","","",""
"95885ad7-ccb5-43bb-853d-8ebd4f1d3e8a","17834","","",""
"9b5be378-b09e-4148-a4a2-8131ea52e576","17835","","",""
"d3c07127-fa78-4055-b9a9-323a1495952e","17836","","",""
"18fad7f6-24bc-45b3-a7b1-e04a844cc38f","17837","","",""
"31f65406-77d6-4ff4-a6a9-be24590cc590","17838","","",""
"f7b047fb-0849-4457-bf35-2c4f75f76180","17839","","",""
"2bab7eb3-c609-4181-a243-3e77d513a722","17840","","",""
"d396d51d-09e5-4d83-96c1-e18471296dfc","17841","","",""
"318e8efa-712b-43a8-af3f-b8e93cb97beb","17842","","",""
"bafd61d5-b668-4e27-b5b1-3a86c1c26c9d","17843","","",""
"647ed670-c5a7-420f-bde1-aeb95585be0a","17844","","",""
"8b88c85a-afa1-4d5e-934f-3f95f5aba8fd","17845","","",""
"48edf22b-8858-44c8-ad5a-238182b8a5d4","17846","","",""
"b4668558-b8ea-4448-a693-20efba63fefb","17847","","",""
"7b88fcdd-c9a4-43de-890c-522e02ede939","17848","","",""
"18b3ae14-9d70-4212-aa14-4ef4a3397fa2","17849","","",""
"59f16860-c7a9-4d0e-88c3-33c662e22f68","17850","","",""
"be856f6c-8a66-4c2e-9dae-31155e258c84","17851","","",""
"8234cc91-ba38-48c7-b41f-bcf2722d4d5b","17852","","",""
"9b92b5f2-b5bc-4f13-b8ec-3d3ee0764de5","17853","","",""
"699809c3-efdd-4e7b-8805-584f7920cf42","17854","","",""
"a3a829b9-2047-42fa-9364-03657785ccbb","17855","","",""
"29865cba-2acf-419c-a0af-8fc4fa486c82","17856","","",""
"13b8a8ac-3056-4a4b-9d0f-24290b08ff0f","17857","","",""
"9d1a7d86-ca73-4fcc-a4bb-8db5e26aa05b","17858","","",""
"8e4728e3-2c0d-4e7d-a3a4-50d6a6a6750f","17859","","",""
"1bb30d28-3db4-4187-833f-e5d64b4a6e30","17860","","",""
"72b83d42-062c-4e5f-9194-7ada4263df8f","17861","","",""
"f84560f2-c7a8-4326-88d0-ee80cac12ee0","17862","","",""
"f363e842-5a27-4b39-a4df-f5e70a2a4c43","17863","","",""
"9f233b72-df3c-4b83-ae6b-6b74ab758a4a","17864","","",""
"805dc3cc-766d-4402-a3f6-a13507dee497","17865","","",""
"15d4cddf-11ab-432c-8c91-db3c616e18aa","17866","","",""
"b4669551-f6a2-41e7-9527-ab8da260869d","17867","","",""
"c2091f33-2f51-4fda-89cd-16605c8c4242","17868","","",""
"eaf3f23e-b785-4965-a8c0-eac0a4d07a65","17869","","",""
"90e7eaf6-be80-4c5a-adc2-711b9699c6e6","17870","","",""
"f20baa78-2e04-4616-95e4-2a724a8178a6","17871","","",""
"d4d33616-b280-427c-a3ef-426303e4dc93","17872","","",""
"62bb01c6-8cb7-444b-8042-ab7fb399c455","17873","","",""
"8e8e1002-6da7-42d9-83ea-55dd8a808bea","17874","","",""
"e33953be-2b67-45c5-9469-24e3c6ede5f3","17875","","",""
"9e165777-f0ab-431d-82d9-6b9d00847bf0","17876","","",""
"4fc07e83-6ea2-4c51-8833-51d279f9554d","17877","","",""
"92fde9b9-412c-4ae8-b7eb-283f536a552d","17878","","",""
"d9c307bc-194c-47a1-9167-9283dd3aec01","17879","","",""
"27a3eccb-1812-46bd-a5d2-b440b72f9352","17880","","",""
"83d28730-315c-4cbd-b2d2-f4f6bd4470db","17881","","",""
"f6d8585b-cdbb-46b2-a52c-19a5eb0c8d25","17882","","",""
"3e1f0032-4606-4ec4-aed8-8c1bf3f7ccdd","17883","","",""
"af8002cd-9ff1-45d5-a693-5272037bdcd9","17884","","",""
"1ec07bcc-2ce8-4653-94c6-e85638b7a711","17885","","",""
"18ae0256-e13c-452c-8ee4-73d4bf30c9e4","17886","","",""
"fbd6764a-ee5b-4a84-bafb-64e87374e205","17887","","",""
"74227cdc-da51-4e5e-bd6a-cd98a8e0933b","17888","","",""
"9a4b92b8-ed23-462b-8ce1-f2d794d1906f","17889","","",""
"013f123a-1288-4bc3-a7ab-efe584f5e559","17890","","",""
"38e1a743-ca8f-4297-86c1-15e08937f8a5","17891","","",""
"7a53772a-ee14-42bd-afc6-7c3508ad240b","17892","","",""
"a334abe6-18de-4038-b94a-60c7adb65c87","17893","","",""
"52190d63-a7c2-4098-9a3f-907c80432b97","17894","","",""
"4d4ca4b0-d7a7-46d3-8ec2-f691d77a62a8","17895","","",""
"b29bd69c-e6f7-4c43-bb82-eab332892832","17896","","",""
"074d084d-ecaf-46f1-a567-deded7489f3c","17897","","",""
"fea26632-0cf5-4fe8-8dc3-b7302faa05a1","17898","","",""
"408e0826-acd1-4cd3-bb52-77c7c225f00c","17899","","",""
"bc04c84e-326d-4461-8322-6474fd4e5b88","17900","","",""
"132b128c-47d3-4ccb-8fe3-d6029b414c6d","17901","","",""
"d650f3e9-3132-48cb-b6ce-5c11b0ad4614","17902","","",""
"9909aba5-430a-42d1-bc76-920f6add401a","17903","","",""
"f57ef614-d99a-458f-b82b-6d16dd79f709","17904","","",""
"b2dea150-4dc4-4cd8-ac27-b6ba97975293","17905","","",""
"2b264c9a-928f-43d2-bf8b-758ec2d14566","17906","","",""
"8be404a1-5187-4746-9ec9-df0f331f2a93","17907","","",""
"22f53222-e0b6-492c-aaa1-d394763eaf77","17908","","",""
"25653884-ac3e-4c25-9d76-bf158152ce12","17909","","",""
"82b771f6-1197-4bd4-b791-e4ebbfe601b9","17910","","",""
"2e48f8ca-b3a0-4062-bc88-8ffdf821821c","17911","","",""
"7bfaeaac-c0dd-4059-81b1-b493d318a76a","17912","","",""
"a636556e-78a5-4f9f-8a68-a2e5111d7c00","17913","","",""
"a1221e72-96f3-4b21-953f-29ea5c525f40","17914","","",""
"143a25b9-c5e7-4c0f-8be3-b81103de3d2a","17915","","",""
"2f81862e-10f2-4741-aae1-6551dd781748","17916","","",""
"67a85885-eca7-48f9-9542-abc6b10c6c5e","17917","","",""
"2088a1ad-976f-4d52-b547-6d3aece26592","17918","","",""
"2797504b-60b5-49f8-8778-f69125d13d3f","17919","","",""
"ac2ef636-3c35-48db-9c6e-f28dc894c404","17920","","",""
"502b7e8c-e994-4bc3-85b8-15ecc4c9383d","17921","","",""
"156c0d5d-c9d4-4fb5-8404-b0929237dfa8","17922","","",""
"16c0f696-e9d7-4201-be9a-f58246fd1235","17923","","",""
"a7e5351f-f57b-4b8f-8d3a-b016fd86ed68","17924","","",""
"670ccbd5-974f-4249-ad21-28c178bc61f9","17925","","",""
"b56975c9-8d8f-43e8-9582-439389e39cd8","17983","","",""
"802a0665-88a1-445c-ab40-c8fd813f9030","17984","","",""
"aa86d6e1-b447-40e3-9b18-38a6e80272b2","17985","","",""
"306c229d-fea7-4889-b2b3-f2eb4cf8eba2","17986","","",""
"549a0806-33cb-4084-9835-f90018af11b4","17987","","",""
"18730613-475c-41cf-b68c-7a7cea1177cb","17988","","",""
"8a8152d6-a51f-4129-ad90-10ecdc0766e9","17989","","",""
"be0ec0e4-ed24-4179-af0a-b3f1a436e4e6","17990","","",""
"753d8974-024b-480e-8500-89e1e7819fe1","17991","","",""
"c111f5af-e694-43f8-89f9-257fa59ee14b","17992","","",""
"7cc0d589-9b7d-4d69-8828-e8751a18784c","17993","","",""
"ae62f785-0cb6-4088-b2fb-4cbf7c65b2d7","17994","","",""
"1b1f8685-b08c-451e-85dc-c86f789b569c","17995","","",""
"6b39a60d-3ea3-4229-977e-b9fc0776b423","17996","","",""
"6c730ef0-9288-48bf-84eb-0c0a407b69c6","17997","","",""
"e2401bbf-2406-4205-a0b1-70a09cc11db0","17998","","",""
"54fa4609-ebc5-41a5-8c85-df3cf6e0de34","17999","","",""
"bbb83e21-461e-40d5-9eef-558e685d592e","18000","","",""
"46bb6519-d327-4c29-a309-7820fbe588b3","18001","","",""
"3405205e-a815-443c-b55b-de353300e2c5","18002","","",""
"8f54e233-f963-4bec-88c4-3c28103b0887","18003","","",""
"525de33b-7994-4938-95d9-c9531af21acb","18004","","",""
"00e1bc21-89cc-40cd-8961-eed05148a36c","18005","","",""
"c676d41c-7550-4c1c-a61b-af91738a5149","18006","","",""
"3516a036-0397-48df-bf16-8eee8b603bbf","18007","","",""
"85f1f2d8-09de-475c-8630-e098c6b7fc5f","18008","","",""
"5a710f9f-093f-40e2-b374-9459f99a117d","18009","","",""
"2b172da8-fe1c-43e4-b354-502e057e79ca","18010","","",""
"bfc3302c-eb89-4c64-b564-c32e1ff38e1c","18011","","",""
"c6b9a3e2-cf85-439d-84ab-903a9d9213ad","18012","","",""
"9be0f107-13d6-441b-a200-f43bb3937597","18013","","",""
"379f42a0-4f22-4b40-9195-874aede71369","18014","","",""
"fe6f5c39-cc54-4c20-8c95-5e5a6e1bad48","18015","","",""
"a993796e-31d4-4b2c-92f4-a127936d6dc7","18016","","",""
"a0b06a30-5e26-4ef6-b2f1-745992920717","18017","","",""
"01699b79-e9b3-4083-93e0-37c04fc7f8fa","18018","","",""
"77c6643c-934f-4d1f-819f-7177aed5c0d4","18019","","",""
"dca3ba43-e017-40d4-b2a4-aa11019248dd","18020","","",""
"7c86cd37-3f1c-4459-9e6c-81512fa8757c","18021","","",""
"342c476a-85d8-4927-bacf-780090ad74d1","18022","","",""
"d9a6aea2-4d1a-4bde-aeab-e9077f0c2feb","18023","","",""
"b72796ab-6d7a-4694-8dc9-f519e0794951","18024","","",""
"c8baa357-e09a-494d-911e-5b1cc881e2cf","18025","","",""
"ebaa2fc2-0119-473a-a05a-89f1d5a50023","18026","","",""
"4cc589e9-57ab-454d-b48b-5c80f41477e4","18027","","",""
"cb414df7-73d6-4135-8774-12425a6e5828","18028","","",""
"849c7b11-2bed-44dd-b790-226eeb01059a","18029","","",""
"332fff9a-bf18-434f-a284-56edefcd0f79","18030","","",""
"3203b723-df28-4a9e-8f6c-721253955630","18031","","",""
"34c114c4-7f85-4468-a8e8-10b76d29ce60","18032","","",""
"a16f05ae-8411-4558-84a5-830ef0c56113","18033","","",""
"ae4c705a-9714-4d3a-aa31-c6cacfc766b3","18034","","",""
"fcc8f00f-c8ec-40da-aa0d-9f501ff1da5b","18035","","",""
"914a8030-978e-4423-ba13-5272107d8026","18036","","",""
"f6c3d4fb-45f3-45ca-a3ec-3c15447bfce6","18037","","",""
"0772de77-66d6-4744-9692-4074d5a6ff40","18038","","",""
"97d82705-c238-4e3f-8abc-443eddc450b5","18039","","",""
"901c5e96-0eb9-423b-aeae-a3e85a23e348","18040","","",""
"4cba9a8e-3200-4267-9d84-265485067220","18041","","",""
"47023953-575e-4904-b30c-71c12b133255","18042","","",""
"36aaeae9-7b20-4c7b-9e49-89d3bab3032e","18043","","",""
"a94acdf7-9706-4dbf-852c-d0b96e37b752","18044","","",""
"395fc3fd-acd6-477f-a3c7-591def4c62c9","18045","","",""
"dab71bf5-5945-4d13-b226-6af3c72ace91","18046","","",""
"5e66c383-85f1-4bcf-85eb-bc07c60d20c9","18047","","",""
"a0d259ca-64da-458c-afa4-5d9995c91b19","18048","","",""
"76cbfd60-d6ed-4a93-92ae-2962362fb9d0","18049","","",""
"1be242c8-2f11-4013-99c1-7fd1d81e9737","18050","","",""
"3ea0a1ff-9739-45fd-8bb8-245bdefa6dc3","18051","","",""
"b0995dce-58fc-4c92-a35f-d9c2a5ebb3ed","18052","","",""
"2bd70268-34d8-4a72-9a85-040352025aba","18053","","",""
"0b41dc92-5222-4b8d-90dc-1a3afdac731c","18054","","",""
"ce56f51c-7383-42fd-868b-62aeb8f74cca","18055","","",""
"28f888a7-923a-4019-881d-7e7cbe26db58","18056","","",""
"8d92fa4e-dc8f-4824-950a-43a9ddbe9551","18057","","",""
"efd53873-b76e-40c4-b874-db7e5615ee95","18058","","",""
"5d405c3e-519a-42f5-9310-5cb0939f202e","18059","","",""
"7a8a0980-8777-4467-ae95-94712efeb0b2","18060","","",""
"e32a0a8b-d315-456c-a0be-970c88259484","18061","","",""
"26f5249e-8d03-45ba-90ee-a7f187e16c4a","18062","","",""
"10b30105-a78f-48c3-a40f-613e1c065bf2","18063","","",""
"3989e460-c0b2-4f80-876a-2a9859acdd26","18064","","",""
"bfc18020-5a6b-465d-91ab-214d0d21b200","18065","","",""
"f5153d83-ebf9-4fca-8f6f-9a6dd43138e0","18066","","",""
"fd1ea63d-3fa2-42ec-a344-3ad819f0c798","18067","","",""
"3b5a6854-48dc-4388-8ee4-bd1c821d81e1","18068","","",""
"392ffb12-73a7-4f7a-93a6-e67ad70272d6","18069","","",""
"c6b2dc12-c4b8-448c-b883-b2e9c604ad28","18070","","",""
"92317909-0723-457a-9387-3b61c1909a91","18071","","",""
"b1ef8087-aa03-4135-873e-7ad6dd6e3495","18072","","",""
"3a05d096-f17a-45c7-9176-08c57ac041e4","18073","","",""
"c860716f-5e36-4b54-92bf-7fa012c21950","18074","","",""
"b36f1df0-a58f-457b-8aaa-3a08d6894170","18075","","",""
"4b4d7a68-ecb9-4269-ba7c-2442941c244b","18076","","",""
"77f6956e-6b3c-4178-a0b7-fa9c3e93d19b","18077","","",""
"e37715ec-1694-4fb9-81ca-48d73794b1d1","18078","","",""
"3c9b457d-2688-4b64-ab37-91fdb0224683","18079","","",""
"9b53e99d-3028-45bf-8fc4-b184c4668f0a","18080","","",""
"556c9780-90aa-446f-8106-13b7e75b8fbf","18081","","",""
"a14dd9d2-8917-4b01-8aa3-79a0a58332ad","18082","","",""
"720d6bc7-adb6-4c5e-9b9d-9bc8521e6245","18083","","",""
"dd17c1c8-7b9b-45f0-b452-fbfa7ac1404c","18084","","",""
"763b5e60-3640-419d-a392-c53cc73b34d8","18085","","",""
"0bc97c01-cdb6-461b-a02e-4a7291827b81","18086","","",""
"f80d34bb-27d1-4c5f-83cd-30590bb68314","18087","","",""
"2e6fdc79-064f-4ec6-bd6d-4ca92deb4e33","18088","","",""
"491b474f-de2d-41ec-8a2e-f809e73baab2","18089","","",""
"d1c2ebcd-b002-45fd-9869-baae062e7379","18090","","",""
"2c66e19f-ff6f-44bf-bd8b-833511e72597","18091","","",""
"e0f15164-6cbf-4c4a-9df4-1652e6811e8b","18092","","",""
"f7f26cdc-59e6-4d57-b81b-1d2d7dd19149","18093","","",""
"d77b597a-2560-4290-b414-ca590ffcc61a","18094","","",""
"35b0e019-f049-4fdb-852a-6356c1ac3355","18095","","",""
"bd559c3c-d8e9-40a3-bebe-94818fd5b43c","18096","","",""
"57960504-03f1-4e86-9b06-41da1d1e6b70","18097","","",""
"67c69f80-08ea-4d2d-b7db-a5c02d7376a6","18098","","",""
"709480d6-988f-4108-affa-bf94bf21655c","18099","","",""
"a2acc31a-fc89-4c0b-b00a-e9637c0f4524","18100","","",""
"ab167f80-fb2c-4814-8ce4-1c6181c67493","18101","","",""
"fdbeabc8-dba8-4e32-9702-a72b838b2b93","18102","","",""
"6eaca690-beb7-4d1d-b612-88f2527bd1a2","18103","","",""
"0d7da480-3ede-413c-a9d9-f2de2d41d3bb","18104","","",""
"1794169d-d26c-4b24-9035-922e3ac75024","18105","","",""
"2df9d0be-bd31-447c-ab9a-ac0fff5906d9","18106","","",""
"081d86e6-4ae0-41bf-90e0-00545f7fa0e8","18107","","",""
"c292b107-0c4e-4377-b6f6-f96966df3cff","18108","","",""
"5f80b2ef-01ea-4dd2-ba3d-e19a942f96cd","18109","","",""
"414d1756-bc7f-4f6f-8a12-328329551fcc","18110","","",""
"bdbc9ee1-0ade-41d4-87de-dae04267cb55","18111","","",""
"d3568020-a199-43ee-bb99-7745facdc0c6","18112","","",""
"9f62b147-8246-4e28-8ffd-b9efd65280a6","18113","","",""
"41b3f2d3-9597-4d06-b20b-f666ab5052e6","18114","","",""
"d1f83ea4-b54a-430e-a987-bc512bf8dba8","18115","","",""
"be19ea41-c43e-4e68-9791-0ccc8e56282f","18116","","",""
"eac55a02-16f5-4040-a5c1-5b3d2eb3fcf6","18117","","",""
"d99bb400-fbe7-49bb-b17d-e3e786349e14","18118","","",""
"82b98967-3cd4-4769-b22b-c4a03f4829b2","18119","","",""
"1a533ce1-b9ca-442c-ae1b-4dfd0be64241","18120","","",""
"db1a8079-c8c7-4dc5-8506-3f69851ee35b","18121","","",""
"9018f5f1-7c7f-48a0-8cf9-65958250836d","18122","","",""
"91f19771-0c52-4170-a768-75a57a209d05","18123","","",""
"425d9931-7591-49eb-b50f-b6529e403f7d","18124","","",""
"ffeefddd-54b3-4bf2-b443-5ecb33274122","18125","","",""
"b22e60fc-cca6-46b3-8c4f-6e0b74268fb7","18126","","",""
"e0a2fcd9-0d83-43ef-a46d-6b3fe712162e","18127","","",""
"0804d136-b90f-4af8-9e37-a0df4988726c","18785","","",""
"f1c45a81-e4f0-4aac-bbb1-29fe3d68159b","18786","","",""
"0c34e40b-ae9c-4f29-91af-9fd3db9ac11c","18787","","",""
"5bc08b64-2c21-4113-9b72-dbbfff2610ff","18788","","",""
"8c1c1d6d-f1da-4328-8175-d9b557b5a290","18789","","",""
"7e80a2db-f7eb-4512-93dc-f1e60d460d1b","18790","","",""
"45134106-83d7-45bf-9f30-f0e7bf67e088","18791","","",""
"80fafc85-d9a8-4b54-9361-62d58f68267f","18792","","",""
"00d68ba8-0e83-432f-b6be-f305fcca2365","18793","","",""
"7ff0d542-3650-455a-8a1a-a5c433210ffc","18794","","",""
"5b4f0108-7501-4729-a9ff-94440354e0b2","18795","","",""
"608561c7-4610-4513-a9ed-cf56c3971306","18796","","",""
"93582327-7ec7-4fc5-afd4-5ebd54b872de","18797","","",""
"4e07d1a6-a577-4c03-bbd3-3cff80676030","18798","","",""
"2b279bdb-cff5-485a-9693-3231327bb96d","18799","","",""
"14ae0af8-5040-43d2-8561-242d74b2d9cf","18800","","",""
"054834f6-2ef5-457c-b065-bad30462aa2f","18801","","",""
"7b3f053e-c2ea-43e7-86e8-0bef7cd436ea","18802","","",""
"d2a92b01-63e8-40f1-940b-e141a4b7af1f","18803","","",""
"a73817e7-25ee-4b3b-aa12-710992534df6","18804","","",""
"64faeecd-9586-4230-802c-eb328377a17a","18805","","",""
"d009050f-4210-44dc-b4a6-bc0ddb07286d","18806","","",""
"5b3d39a8-c4e6-4f51-ba53-e6297be7073c","18807","","",""
"4f178469-7b81-464c-9e3f-edf8980e01ca","18808","","",""
"0030c230-0654-46db-b14e-412d4af0803e","18809","","",""
"2b0b6447-d05b-4dd7-bd5a-f4371a1e9992","18810","","",""
"b0fdb7b1-5a0e-4984-a40b-ff1b62a8b4c8","18811","","",""
"3acba3dd-73e2-4984-abcd-03a3e107371f","18812","","",""
"983ffe0f-36c9-48ba-8f7c-a5d6aa96a8e1","18813","","",""
"99a768a0-09f4-475d-a418-0ef66b003fd6","18814","","",""
"03afda97-cbed-4833-82b7-a3ef9136dd41","18815","","",""
"7a7b72ec-39ee-4553-90ae-86cb4ba7aec0","18816","","",""
"4fc8ce16-516e-40b5-a858-2613eef5dbe5","18817","","",""
"491e4156-00c9-4e0c-ba47-d7b3a1f5139c","18818","","",""
"56d69fce-0972-488f-b9d3-2fe10a2dc924","18819","","",""
"db88fe09-7d07-4b5b-a6e6-3c46eb7a5cd3","18820","","",""
"a8d523d2-1cf2-4c5f-b9df-362cf01b16d2","18821","","",""
"b2ab9fd9-8aa9-40c6-a1a1-7bc8d1e4deca","18822","","",""
"87ce1eb2-6537-49ba-a4b8-08a178c3d7d6","18823","","",""
"0154f63a-a2a0-496d-99a5-6e7be635eebf","18824","","",""
"0614b29e-9718-4697-88eb-d9434e406e0d","18825","","",""
"865d18e4-378a-49ed-9e30-1a6018d0d154","18826","","",""
"dbc64479-5375-464d-ba67-f430f9041cbd","18827","","",""
"4291dfd2-4b94-4bda-a5f9-4f4a7209c73f","18828","","",""
"83f2c8b0-aa9b-4aad-9edf-add754fa5b3e","18829","","",""
"f2e430f4-071b-42fd-854a-cedd86d8620d","18830","","",""
"9f396f89-fd76-4925-af36-e372da6debbc","18831","","",""
"388ab6a0-3dfa-47c5-9152-384edc38c7c9","18848","","",""
"3733087e-c083-438c-b113-40488741233b","18849","","",""
"625142e3-1216-4614-9f6c-03b037ae0c52","18850","","",""
"816bcd76-e423-4b03-ae81-0993325bd245","18851","","",""
"02574e2e-1112-4cf2-9f49-ce38f6abe0f4","18852","","",""
"24210632-438d-441f-a836-08e75a328b7a","18853","","",""
"3491ced3-c7ef-4646-86f4-6a2b853e857d","18854","","",""
"56a6da36-7b1c-4aaa-8e76-5a949ecc3ba7","18855","","",""
"368b6495-1cad-4193-8cbf-4312cb96282a","18856","","",""
"06c0f594-6bdc-44fd-9767-fa89eebeecbe","18857","","",""
"47407fe8-7330-42a2-a157-367795e0edd8","18858","","",""
"4ce02aa6-5ed1-4c15-9a93-0d3667332253","18859","","",""
"8728c8c0-5da0-4ecd-a837-fea68e4df55b","18860","","",""
"d08dc711-b98a-439b-93e6-5ecaf5374515","18861","","",""
"7525a007-a413-4ac9-83aa-b0c5b35c0698","18862","","",""
"d752204f-a92a-42ae-b717-4f16bbef65f7","18863","","",""
"3a889808-db70-4c51-aba7-43ff4c8c9a7d","18864","","",""
"ccbb6f1e-7aa7-4586-9885-3a53007330b2","18865","","",""
"c55803cc-d4b6-432e-b08b-8adaed63eb23","18866","","",""
"19332bb8-156e-4cd9-8d11-b25a1dcd747b","18867","","",""
"6f7c4ea1-f62a-46a5-a5b9-24e03ecc6b88","18868","","",""
"782d8e58-81d2-4bcd-bbd0-b0cc0a8f59d0","18869","","",""
"3621e5cc-f061-47e1-bb47-ea1a1448b0b3","18870","","",""
"ae730eba-a9bd-4bad-97d2-3925d0c8ff35","18871","","",""
"02fd6cb8-353b-43fb-9978-c33e73567817","18872","","",""
"ffc241d3-7a61-4c00-97c4-989176eaf5c7","18873","","",""
"f6600d04-62f2-4ac9-ac8e-da069e0b7ee7","18874","","",""
"22bc785f-d7bf-4b67-b22a-b28ba0fecc22","18875","","",""
"88e5346e-a71d-467e-a156-ac32663a3772","18876","","",""
"1572d28c-30cc-4cdf-9590-a27f5102935c","18877","","",""
"759eeaef-3ae6-4beb-a640-5a3dd982a222","18878","","",""
"c9431f9c-1a68-4638-9120-4c12459d7f2a","18879","","",""
"530cc9bd-74ef-4e5e-9947-a89643bfd89f","18880","","",""
"bd3fe815-98f2-415b-ac84-4974bcdb4397","18881","","",""
"c782060b-571d-4fd2-aeaf-563e43038269","18882","","",""
"cac7c1f2-2f7c-4050-b56b-ff73ac244736","18883","","",""
"3b93d10e-4006-4e85-a9d8-a7bb758cdca2","18931","","",""
"7d79457a-99d8-4325-8372-e2a174d3cb17","18932","","",""
"3d0f472c-c362-42b8-89c7-baf8a0574feb","18933","","",""
"bcb1f657-5482-4e37-a6a0-fe4be70311f3","18934","","",""
"562e57de-3e7d-422f-81bf-62223f2d646a","18935","","",""
"f4ec7055-6a2b-4ae7-a0bc-5164141e166a","18936","","",""
"9da62d0d-2588-42bd-ae8e-7bbf5c5cc86e","18937","","",""
"7c256372-44c9-4e99-80c9-76c17ab42d25","18938","","",""
"7ba9dca4-19d8-43df-a983-12588304d0ab","18939","","",""
"1ba2ba85-4d35-46eb-a3e2-15efc1aab14c","18940","","",""
"f356667d-61e1-48dc-809a-16a472d2c055","18941","","",""
"144c4e3b-0a00-41aa-9905-b48dac5b08cf","18942","","",""
"d7adbe62-21fb-426d-9849-505d65c3b5e4","18943","","",""
"feff3e55-a8bc-49b7-ad52-416818db0f48","18944","","",""
"63337136-e60a-4541-96a9-4ad227c382ec","18945","","",""
"4eabdefc-4e14-44ed-8ffb-b75099a36ff6","18946","","",""
"c90d4cf4-605c-402f-8663-542a2c91d086","18947","","",""
"1dd74eb6-bc07-4a46-adc5-f255d8b0bca3","18948","","",""
"25894d8e-4c29-4b2b-a83f-1b44f073a400","18949","","",""
"57931818-ac0b-4b33-9fa7-74af1e687d39","18950","","",""
"3ae72cd4-54e0-4fc1-936b-7aaf5135fa3f","18951","","",""
"f29566a1-fa1b-4baa-838f-98516aa00ace","18952","","",""
"abb96215-573b-4528-b19d-6fdaccb078f2","18953","","",""
"c44d05ff-97c5-474d-99d8-9b76f7451d73","18954","","",""
"c45b3116-6332-4a69-ad26-d30e0efbc9ad","19081","","",""
"dc34279b-45ef-4f21-8184-440b4a51954c","19082","","",""
"97be2d24-500d-4a27-8ebe-75b5fd3f9ad9","19083","","",""
"e6962b39-56fa-4546-8dd5-57b88e009133","19084","","",""
"2d428eee-a7b4-43b1-993a-e0240bb5eec4","19085","","",""
"a26b7fc7-79ef-4311-a362-ed3d27a26d70","19086","","",""
"ef570b44-034f-4547-990b-920a5de18c5a","19087","","",""
"24904995-1d12-4676-8d77-461b9c07986e","19088","","",""
"748917ba-eeb1-4a1f-b589-cfcce936f61a","19089","","",""
"cefa6613-b03b-4558-8f03-838e4f37f089","19090","","",""
"28348634-57d8-44a5-9c9f-56d3bbd52c9d","19091","","",""
"ac4e449c-e389-4857-b87b-fb1c707d5a07","19092","","",""
"54705de6-d560-4c34-a501-418b511e4391","19093","","",""
"c3c5d6a2-87a1-4fb2-9b01-9263dde5ce78","19094","","",""
"b65ee010-61cd-4d23-a94c-4d4125c43276","19095","","",""
"94e2a38c-515b-4d85-81c6-148b189a755e","19096","","",""
"06989c9e-2724-4c3f-8956-b36cb079c21a","19097","","",""
"c854ab9d-bbe3-4962-81d7-12b57dbc7cbb","19098","","",""
"19b46a93-0c99-44bd-b2ea-0639d35c4e8c","19099","","",""
"8e31ba29-b014-4e1b-988f-4a9a30988f7b","19100","","",""
"ee50aa6c-d775-4246-81f8-50c48548adf5","19101","","",""
"4291b054-c058-4f98-a035-eae7967199a6","19102","","",""
"56608145-b903-4c87-8832-60d21a7b4c3b","19103","","",""
"ad059e07-bbeb-4013-8bcb-067adb460a2e","19104","","",""
"8b226bd6-b855-4183-a4ba-8e9002ce8ba6","19105","","",""
"45062b99-5b8b-4e91-a6d9-be8e94a31ef3","19106","","",""
"d4e3953d-bd80-4f15-acda-7f141cc22cc2","19107","","",""
"a9d36bda-e236-4abc-abf0-191144d417d4","19108","","",""
"37e5c7cc-982f-4d79-991b-25dbe591569f","19109","","",""
"b0be9da1-bc14-4ce9-aa60-64001392b9a2","19110","","",""
"1e18e2ac-9df1-49aa-aa03-cc2e6c19318e","19111","","",""
"0acae963-587b-4afc-af16-cd3a03fdd9f5","19112","","",""
"6731bc17-5106-40c9-9813-bd77dab574bd","19113","","",""
"37ba4c32-4ba6-4c32-90cb-37e09b75b002","19114","","",""
"271a3e0d-9c31-4883-b4e6-0e44288ff597","19115","","",""
"626c9281-1b34-4b7a-a4f0-75bfe83ebcdd","19116","","",""
"6285a2d9-003b-4ae2-88ab-3521eaaf7db8","19117","","",""
"e51720f5-2010-4457-af72-c2c00936d789","19118","","",""
"272fc479-5280-4aff-9c57-6e78c90a9d08","19119","","",""
"991c9722-e6aa-44c9-aa60-0d45dcb7aa5f","19120","","",""
"2ff4bff5-5ab4-4c88-b9f7-396ece37641f","19121","","",""
"c3291f0b-3527-41c6-9d06-7bc7641105a0","19122","","",""
"1b1cbfcf-7a0d-4aa4-8409-c7749d6e9298","19123","","",""
"d6017e18-7311-4b4f-8b5e-adc71aca51c7","19124","","",""
"e923917a-d6c5-4088-b32e-79badf12d445","19125","","",""
"2e506424-a56d-4f78-b639-1d2966834949","19126","","",""
"56461e71-9163-4b17-a4cb-9e08a86a8817","19127","","",""
"49851f75-b707-4ba8-9e14-19471399b7c8","19128","","",""
"bbc963a6-a1bd-4641-ac0c-914138a6536e","19129","","",""
"44f6f43c-5b6d-415d-8230-ff1b8f800da0","19130","","",""
"4e53533b-2333-41d7-ae95-b3084def563a","19131","","",""
"90581e09-54b3-49f2-9151-88317197e4c7","19132","","",""
"364ec90c-cb26-4f4c-9956-7597ebd0ee95","19133","","",""
"56bda1e3-2855-4331-8c23-4b1949ed0fde","19134","","",""
"8f58f79d-7f86-4eac-b19a-dbe0e2d7232e","19135","","",""
"0aeb3116-c3f2-4dff-b728-344ee26e09b9","19136","","",""
"d5b423af-9ddf-4d78-b18a-7774881f5262","19137","","",""
"797cce85-4336-42b7-8c88-f0243ecdfd80","19138","","",""
"b6f9bc1a-c4de-4d89-a49a-5dca9028eb46","19139","","",""
"61c35f55-9bbe-4658-8b7b-1396d6bf208b","19140","","",""
"e55ee58f-8d36-49f9-ab20-3e4667880f89","19141","","",""
"06c9989b-63b0-40cf-a0a6-f9f36cf841d0","19142","","",""
"38bb3593-99d4-40ca-b1b1-152a78b637f7","19143","","",""
"1690809f-5af3-41ed-a528-e981f88b60f0","19144","","",""
"78207d9f-580f-4131-bbdc-0df3b478fef3","19145","","",""
"5bc2d56b-52fb-4a6a-bd4e-99a5c90b60dd","19146","","",""
"6b056b45-9681-46b5-b661-c8232034f910","19147","","",""
"37400896-4979-4e51-b13e-af82500bbdaf","19148","","",""
"50383c89-3ed9-4792-bc4e-be9e992bfda3","19149","","",""
"f6ec5854-7878-4b02-a945-778d789972b9","19150","","",""
"bdd0f632-d39c-422b-afba-09dfb1586063","19151","","",""
"2162f917-cd02-4a09-9704-75162b15f167","19152","","",""
"79e7bc37-8f2d-4cfa-b960-33e29ef611a1","19153","","",""
"6a3fb0e3-e144-4265-8d67-3474d7c97577","19154","","",""
"bb91f4a3-39aa-4c94-9834-53fef9677f04","19155","","",""
"1ec76672-7f62-4cc5-a2df-e54cd16f78d8","19156","","",""
"f4e23789-67df-473c-8c16-2b22b25c5d8f","19157","","",""
"a82eb94c-dfef-41f4-b601-cfa6faf6a258","19158","","",""
"3f0126e5-2c15-4842-b3ff-355e502ba4e8","19159","","",""
"70a0fbed-ac31-4215-817b-732e24893ae2","19160","","",""
"bf0f6053-d8b6-4f8c-b2e7-686a68530c39","19161","","",""
"e775bf0e-4564-4a06-b9ab-4f1d9ac3ba6f","19162","","",""
"73af5fca-4c77-45ec-9e2c-0f60f6028fd3","19163","","",""
"1404cf46-809b-4a7b-8966-f6881ad7e05e","19164","","",""
"f23ead45-045f-43bb-8a79-02118bbe8bc4","19165","","",""
"ed2a0821-6feb-45a6-8cdc-31e4ff4c36b1","19166","","",""
"4e4a79ad-f478-47a7-98bd-4caa383a783d","19167","","",""
"6ae005ab-803a-4f6d-b7a2-dbf1d7ae9607","19168","","",""
"1419f50c-4857-47a5-8a0b-8f91ce73bda8","19169","","",""
"fe3632a1-0714-4982-8733-dcddfdeb98cc","19170","","",""
"d88ff5c1-5bda-47df-b13b-3bc95202b053","19171","","",""
"5a7f7114-d86c-4351-a750-fef5fc83984e","19172","","",""
"275c1479-afde-4e57-8ffc-104b1d766d44","19173","","",""
"ead2191b-a242-4c5b-ae29-e154c17700d8","19174","","",""
"00197603-66f2-4abb-a771-5320b0d6f3d3","19175","","",""
"2454fd6f-f660-4cd2-b194-f28090565310","19176","","",""
"49e75628-f1c0-4ab7-b2e6-e8f18d97bb17","19177","","",""
"a1351998-60f0-4806-8a78-7adac48a20ae","19178","","",""
"5c27bd7e-7ca0-455a-8f51-9cef1fa3f5ef","19179","","",""
"1fb86ca6-516e-45a2-9e6e-34df484428d7","19180","","",""
"92f69dff-0d75-44c9-946b-bae6645fb0dd","19181","","",""
"8483a975-7c28-402c-a6b7-78ccbdf92611","19182","","",""
"1c981876-5db3-4676-83bf-54d49c6bd1fc","19183","","",""
"81b20858-84b6-4de1-beb5-338ce766de28","19184","","",""
"9528faa8-4c94-4ac7-ae64-8df9e1960397","19185","","",""
"2fd6c800-efb6-44e6-a198-5f49293c16f4","19186","","",""
"fc68e9c0-627d-4cad-9a90-9503c606973d","19187","","",""
"76e6461c-9343-4ece-b7fa-2470a5119917","19188","","",""
"46e21b39-056e-47a7-8237-67f6f84b5d38","19189","","",""
"19d37413-cf2f-4070-bc42-1ea64a3c6995","19190","","",""
"1621231d-7438-43e8-bd64-ab153b3d3759","19191","","",""
"d6f3a7a5-a97b-4107-ad45-4623e746e6f0","19192","","",""
"ef29e0eb-c4be-4248-9d5f-88ffbf67231d","19193","","",""
"6d3a8ca3-240e-4fc2-93ab-97bacdc173b4","19194","","",""
"8b809893-10d5-4ecc-ab7e-5887287ed8bc","19195","","",""
"35092a2f-8679-4b43-819d-ecc9b3503f8b","19196","","",""
"afe9334f-9f0e-4df1-92ef-72e35d3fbf05","19197","","",""
"f9c7ad7a-e3f9-4735-85a8-ca931716cf77","19198","","",""
"f1aba422-ce3c-4d6e-b96d-c46edb01ed2d","19199","","",""
"30ef4c81-f49b-4514-aa5d-eb088d94388c","19200","","",""
"7997aa0e-8d7b-4524-8054-05ab13f51539","19201","","",""
"232c095e-2457-405a-9d3f-f1670750aeda","19202","","",""
"6a22dee3-6a7d-4a30-8dee-2e831acaf8ab","19203","","",""
"2fa29835-0c06-4dd0-a650-bbe3235b89bd","19204","","",""
"68b6976c-a48e-42bc-9471-fb69606c257d","19205","","",""
"d3e87445-8340-408e-87e1-2e5f8d085368","19206","","",""
"2682c556-cc07-4a13-b1eb-1939fea2a060","19207","","",""
"e6ee4104-ad57-4169-9351-2facb7adb46f","19208","","",""
"392b4b81-ee0f-4825-a46a-82e19748b443","19209","","",""
"d5135c6c-30d8-4477-939b-cff877dd8dd6","19210","","",""
"35d98e16-2dc8-4bc2-a482-c30d89260719","19211","","",""
"fed0c4c6-456d-4004-8621-78328a770341","19212","","",""
"7d046c90-34e4-4b66-b231-accba54cdbbf","19213","","",""
"f3f3b786-7627-4b60-b33d-e5a8868559df","19214","","",""
"925a4b34-300e-49f8-b37a-e6eb92881a03","19215","","",""
"4ac15894-818b-4a4c-8fb0-a624613fb8e8","19216","","",""
"accf9006-61d9-46d3-804f-6f5ec3c1cbae","19217","","",""
"4a3b4407-f31c-4891-b6e5-be3d77bb063e","19218","","",""
"4a0590f4-f4e9-427a-a3d8-6b79141a55ca","19219","","",""
"0255ea50-6f60-41c7-96cf-6263962eef05","19220","","",""
"3ffeec86-a1d2-4a97-8b15-ba3990415fd5","19221","","",""
"930e1ece-7be8-4b8f-b792-8e4cb926e36f","19222","","",""
"46e4e083-bf1a-4f3c-aa7d-51c0806889f4","19223","","",""
"bbf93251-7040-468b-aef5-bb7f9c03f721","19224","","",""
"417b93b5-6c02-401c-bef5-c2604b59f112","19225","","",""
"39c35fd7-0ccb-4452-b00d-63e3274ca489","19226","","",""
"66a0cd53-204a-4951-8ffc-fb294227f59c","19227","","",""
"9bb12c48-c7b5-41f8-84b0-15004b6a9300","19228","","",""
"3362fcb8-14a3-48e8-a455-9fc19bf3f7ac","19229","","",""
"8cad330a-d43a-4144-a73e-febc9be9eaa8","19230","","",""
"5450d2c4-1e9a-4489-99ac-0cdcfd4156fe","19231","","",""
"5532182d-65c6-4de8-8a65-b025cd52a11a","19232","","",""
"5b88e91f-1f91-479f-9018-4b9521979333","19233","","",""
"d6bbe7a6-2c30-4452-a42d-f2224803ad89","19234","","",""
"9f02f59c-293d-49f2-a314-68a61830ffdf","19235","","",""
"8170b664-a307-4142-a875-acbe9155756e","19236","","",""
"dc0f0e84-286d-487f-a1e9-bca906cbc655","19237","","",""
"2e978c13-0c0a-480a-baf5-aa0eb5161a06","19238","","",""
"3cb0b074-aeec-486b-9a88-dfb539091080","19239","","",""
"5704041c-618c-418d-b634-f7010b875137","19240","","",""
"89d7d3ac-4cf6-484e-a68a-c43ef1d4968e","19241","","",""
"d799d928-15e2-4f4e-90ab-448646581669","19242","","",""
"05333f7f-ad28-41e3-adda-febd929f3141","19243","","",""
"ccb2c3e4-dd9b-47cc-88de-7a74ca106758","19244","","",""
"c6497b6a-4a92-40d7-aaef-65a65aad1951","19245","","",""
"c6de93e6-a539-454e-bdad-7ad22dd06d00","19246","","",""
"b568e8f7-ea81-499e-b803-74e7f37260a7","19247","","",""
"f0e56d7c-79fe-4ce0-800e-8fba2a77a6fd","19248","","",""
"6abb1cc4-a235-4417-988c-4d91c68dd5bc","19249","","",""
"99a4e38e-9945-4a7e-89e5-9494cfd66501","19250","","",""
"42e67415-2cd8-4049-9e12-3f01dfe29e47","19251","","",""
"c139b2e5-1f8e-4d00-9c80-0274c052669d","19252","","",""
"aace81ac-e977-452a-9184-2e632a99cb76","19253","","",""
"98b2bcda-462a-4a38-b366-c0ed08f2860a","19254","","",""
"db8b5817-8422-4b67-b6b3-935a6f7bf4cc","19255","","",""
"3e8d3ff6-a333-4185-b9f9-917121198356","19256","","",""
"e2abc252-08be-41e6-a574-6495d8ce2d4c","19257","","",""
"41e09812-e783-4794-a5cd-18f0f183cec8","19258","","",""
"2da5c427-757a-4bc1-b5b6-ce2a4f4c78ce","19259","","",""
"35422821-2d50-4157-a966-b94d2c6ce530","19260","","",""
"9adf6b4c-2ff5-4d77-bc9a-565b92070a9f","19261","","",""
"b327a1a6-d79e-4d24-9049-748fcee03128","19262","","",""
"51219c3b-1eab-475a-bdee-b9edc789f56b","19263","","",""
"76cf89f1-3a43-4a5a-9b2e-ab349652af69","19264","","",""
"a4e09e3f-96a9-4574-97eb-4ab25624e1c4","19265","","",""
"401fc1ec-ffdc-42ac-91fd-a23c2e22af22","19266","","",""
"b65851ba-1f31-4243-ba41-c839aceccd74","19267","","",""
"ed2bfd3f-86d4-4b1a-95b6-7abe9d767881","19268","","",""
"1f6d736e-c657-4ddc-aef4-ab78836d1a65","19269","","",""
"6afd1d94-5813-4b41-856b-78d6fc570c2f","19270","","",""
"e24d837b-c768-4dbf-a723-20aa566bc94f","19271","","",""
"9d06b54c-7ac2-4643-a6c1-05447fea6b3e","19272","","",""
"394e7477-e39e-42f8-b4d1-d69e9d857cc0","19273","","",""
"54b02bf9-5533-449a-a165-ee6c78edcb4b","19274","","",""
"972a1cd4-5881-43fc-b05b-9c3f6987a00f","19563","","",""
"ad690b6b-7c2b-48fd-9f9b-b57d25fe3b0b","19564","","",""
"d2b422de-62d4-47dc-b3f8-dc262dfc67f4","19565","","",""
"82717d7f-6081-4b0c-a994-0cbab746f9fd","19566","","",""
"f0660798-84b6-4ad2-87f8-844273922f05","19567","","",""
"7ae66c94-4faf-4e14-a612-ab7509b198c6","19568","","",""
"1bb11f97-c1a9-4b0d-b47c-60b8b3ad6931","19569","","",""
"84c1ec76-9626-4881-8d12-76b0cf084d40","19570","","",""
"c1036c07-a5b3-40bd-a1d6-0b806c06e951","19571","","",""
"75c133a0-4d7e-44d5-91a9-9700163bcb9e","19572","","",""
"60ee614a-be29-4f4f-836c-c0d3d26dd7d9","19573","","",""
"5f9cd44e-9f81-452d-9ead-90c0fc7ed9a7","19574","","",""
"a103aadd-6652-4df2-904b-385afd6e90d5","19575","","",""
"f0ed4d76-3b82-47c7-a25e-ad30b153d0e1","19576","","",""
"ce19a878-89cc-4cc6-ad49-18fabbb1f556","19577","","",""
"ee433946-874d-4502-8c12-c18d33f47967","19578","","",""
"4105dcdc-f4e8-4ff0-8f51-6f852be645a5","19579","","",""
"552d6495-25c3-4a3d-b587-ff1f4304bf31","19580","","",""
"5c3f9649-31d2-4087-86a1-a4c773979d8c","19581","","",""
"db4b28a3-e72a-4f45-a448-202963023a9c","19582","","",""
"5c2b4953-a5e1-49e4-9863-f2c1d2358075","19583","","",""
"d1934721-8692-4065-8e11-9c4c57576b76","19584","","",""
"2f97694a-62a9-4865-87db-cd176a725ee3","19585","","",""
"38f4883d-3291-41a8-a938-3ce53ad0c284","19586","","",""
"2de01854-73a3-499b-b2c2-d4ab6179a807","19587","","",""
"7eb5a592-b855-4646-99db-e7601794d050","19588","","",""
"f60850e2-9004-4189-9dd2-0e5bc9e177b3","19589","","",""
"b7fcf5ea-86e5-462b-aea0-2689947a14e5","19590","","",""
"df97e2b1-d5bd-4d2d-a950-cb6f2c324fe4","19591","","",""
"a3436ee6-3a8a-4ac1-9320-119a1757ba4a","19592","","",""
"16bd0411-1db0-4e2f-b481-b3cd226eea8d","19593","","",""
"e2cc994e-d207-48dd-862d-0c8da377e8c0","19594","","",""
"9889c101-f3ce-45d3-b892-6d4737093b38","19595","","",""
"46cf2498-9cbe-40f5-920a-d47d2ae5748a","19596","","",""
"36ca85b6-299d-4678-81f0-678a7b3bb658","19597","","",""
"59efddfc-e5d0-423a-96bf-b3b026b76987","19598","","",""
"41e9b069-8b54-4e14-b258-48e17338cb9c","19599","","",""
"00b18e01-0719-476c-9a4c-6772fe7b47d9","19600","","",""
"c49ecb60-b816-4122-85ee-3ee9fd0112db","19601","","",""
"6a2f6d70-59b7-4d16-9589-679b1c99783d","19602","","",""
"7ac4a021-f7b5-4d82-ad53-0ec1ccf5a378","19603","","",""
"09313cc1-fa2b-4d6b-bf12-5aabe4d04e65","19604","","",""
"cb8ad362-f625-4cf0-83f9-ce29dd97fc69","19605","","",""
"cdd77ead-d807-442c-ab37-527bb06b742b","19606","","",""
"53439f7a-c4a6-495f-85c0-09f48318bf1f","19607","","",""